sample_id,hole_id,dataset_id,project_id,campaign_id,from_m,to_m,length_m,cu_pct,mo_pct,au_gt
QV-C01-001-A0001,QV-C01-001,DS00,quebrada_verde,CAMPAIGN_01,0.000000000,2.000000000,2.000000000,0.022359081,0.000000000,0.000000000
QV-C01-001-A0002,QV-C01-001,DS00,quebrada_verde,CAMPAIGN_01,2.000000000,4.000000000,2.000000000,0.020668191,0.000000000,0.000000000
QV-C01-001-A0003,QV-C01-001,DS00,quebrada_verde,CAMPAIGN_01,4.000000000,6.000000000,2.000000000,0.021299337,0.000000000,0.000000000
QV-C01-001-A0004,QV-C01-001,DS00,quebrada_verde,CAMPAIGN_01,6.000000000,8.000000000,2.000000000,0.019658095,0.000000000,0.000000000
QV-C01-001-A0005,QV-C01-001,DS00,quebrada_verde,CAMPAIGN_01,8.000000000,10.000000000,2.000000000,0.021167225,0.000000000,0.000000000
QV-C01-001-A0006,QV-C01-001,DS00,quebrada_verde,CAMPAIGN_01,10.000000000,12.000000000,2.000000000,0.017100065,0.000000000,0.000000000
QV-C01-001-A0007,QV-C01-001,DS00,quebrada_verde,CAMPAIGN_01,12.000000000,14.000000000,2.000000000,0.023105858,0.000000000,0.000000000
QV-C01-001-A0008,QV-C01-001,DS00,quebrada_verde,CAMPAIGN_01,14.000000000,16.000000000,2.000000000,0.019722860,0.000000000,0.000000000
QV-C01-001-A0009,QV-C01-001,DS00,quebrada_verde,CAMPAIGN_01,16.000000000,18.000000000,2.000000000,0.020566424,0.000000000,0.000000000
QV-C01-001-A0010,QV-C01-001,DS00,quebrada_verde,CAMPAIGN_01,18.000000000,20.000000000,2.000000000,0.021679923,0.000000000,0.000000000
QV-C01-001-A0011,QV-C01-001,DS00,quebrada_verde,CAMPAIGN_01,20.000000000,22.000000000,2.000000000,0.020255715,0.000000000,0.000000000
QV-C01-001-A0012,QV-C01-001,DS00,quebrada_verde,CAMPAIGN_01,22.000000000,24.000000000,2.000000000,0.017757443,0.000000000,0.000000000
QV-C01-001-A0013,QV-C01-001,DS00,quebrada_verde,CAMPAIGN_01,24.000000000,26.000000000,2.000000000,0.021788781,0.000000000,0.000000000
QV-C01-001-A0014,QV-C01-001,DS00,quebrada_verde,CAMPAIGN_01,26.000000000,28.000000000,2.000000000,0.022855685,0.000000000,0.000000000
QV-C01-001-A0015,QV-C01-001,DS00,quebrada_verde,CAMPAIGN_01,28.000000000,30.000000000,2.000000000,0.022398375,0.000000000,0.000000000
QV-C01-001-A0016,QV-C01-001,DS00,quebrada_verde,CAMPAIGN_01,30.000000000,32.000000000,2.000000000,0.021936895,0.000000000,0.000000000
QV-C01-001-A0017,QV-C01-001,DS00,quebrada_verde,CAMPAIGN_01,32.000000000,34.000000000,2.000000000,0.019025026,0.000000000,0.000000000
QV-C01-001-A0018,QV-C01-001,DS00,quebrada_verde,CAMPAIGN_01,34.000000000,36.000000000,2.000000000,0.021055369,0.000000000,0.000000000
QV-C01-001-A0019,QV-C01-001,DS00,quebrada_verde,CAMPAIGN_01,36.000000000,38.000000000,2.000000000,0.026827692,0.000000000,0.000000000
QV-C01-001-A0020,QV-C01-001,DS00,quebrada_verde,CAMPAIGN_01,38.000000000,40.000000000,2.000000000,0.025221137,0.000000000,0.000000000
QV-C01-001-A0021,QV-C01-001,DS00,quebrada_verde,CAMPAIGN_01,40.000000000,42.000000000,2.000000000,0.018736363,0.000000000,0.000000000
QV-C01-001-A0022,QV-C01-001,DS00,quebrada_verde,CAMPAIGN_01,42.000000000,44.000000000,2.000000000,0.020331789,0.000000000,0.000000000
QV-C01-001-A0023,QV-C01-001,DS00,quebrada_verde,CAMPAIGN_01,44.000000000,46.000000000,2.000000000,0.023958337,0.000000000,0.000000000
QV-C01-001-A0024,QV-C01-001,DS00,quebrada_verde,CAMPAIGN_01,46.000000000,48.000000000,2.000000000,0.022013869,0.000000000,0.000000000
QV-C01-001-A0025,QV-C01-001,DS00,quebrada_verde,CAMPAIGN_01,48.000000000,50.000000000,2.000000000,0.024023196,0.000000000,0.000000000
QV-C01-001-A0026,QV-C01-001,DS00,quebrada_verde,CAMPAIGN_01,50.000000000,52.000000000,2.000000000,0.022015723,0.000000000,0.000000000
QV-C01-001-A0027,QV-C01-001,DS00,quebrada_verde,CAMPAIGN_01,52.000000000,54.000000000,2.000000000,0.022084499,0.000000000,0.000000000
QV-C01-001-A0028,QV-C01-001,DS00,quebrada_verde,CAMPAIGN_01,54.000000000,56.000000000,2.000000000,0.022892097,0.000000000,0.000000000
QV-C01-001-A0029,QV-C01-001,DS00,quebrada_verde,CAMPAIGN_01,56.000000000,58.000000000,2.000000000,0.019971815,0.000000000,0.000000000
QV-C01-001-A0030,QV-C01-001,DS00,quebrada_verde,CAMPAIGN_01,58.000000000,60.000000000,2.000000000,0.022651590,0.000000000,0.000000000
QV-C01-001-A0031,QV-C01-001,DS00,quebrada_verde,CAMPAIGN_01,60.000000000,62.000000000,2.000000000,0.019618464,0.000000000,0.000000000
QV-C01-001-A0032,QV-C01-001,DS00,quebrada_verde,CAMPAIGN_01,62.000000000,64.000000000,2.000000000,0.022793270,0.000000000,0.000000000
QV-C01-001-A0033,QV-C01-001,DS00,quebrada_verde,CAMPAIGN_01,64.000000000,66.000000000,2.000000000,0.020107884,0.000000000,0.000000000
QV-C01-001-A0034,QV-C01-001,DS00,quebrada_verde,CAMPAIGN_01,66.000000000,68.000000000,2.000000000,0.022021922,0.000000000,0.000000000
QV-C01-001-A0035,QV-C01-001,DS00,quebrada_verde,CAMPAIGN_01,68.000000000,70.000000000,2.000000000,0.023732575,0.000000000,0.000000000
QV-C01-001-A0036,QV-C01-001,DS00,quebrada_verde,CAMPAIGN_01,70.000000000,72.000000000,2.000000000,0.025024959,0.000000000,0.000000000
QV-C01-001-A0037,QV-C01-001,DS00,quebrada_verde,CAMPAIGN_01,72.000000000,74.000000000,2.000000000,0.026470713,0.000000000,0.000000000
QV-C01-001-A0038,QV-C01-001,DS00,quebrada_verde,CAMPAIGN_01,74.000000000,76.000000000,2.000000000,0.024085180,0.000000000,0.000000000
QV-C01-001-A0039,QV-C01-001,DS00,quebrada_verde,CAMPAIGN_01,76.000000000,78.000000000,2.000000000,0.020923655,0.000000000,0.000000000
QV-C01-001-A0040,QV-C01-001,DS00,quebrada_verde,CAMPAIGN_01,78.000000000,80.000000000,2.000000000,0.021864843,0.000000000,0.000000000
QV-C01-001-A0041,QV-C01-001,DS00,quebrada_verde,CAMPAIGN_01,80.000000000,82.000000000,2.000000000,0.024981910,0.000000000,0.000000000
QV-C01-001-A0042,QV-C01-001,DS00,quebrada_verde,CAMPAIGN_01,82.000000000,84.000000000,2.000000000,0.023447390,0.000000000,0.000000000
QV-C01-001-A0043,QV-C01-001,DS00,quebrada_verde,CAMPAIGN_01,84.000000000,86.000000000,2.000000000,0.022494425,0.000000000,0.000000000
QV-C01-001-A0044,QV-C01-001,DS00,quebrada_verde,CAMPAIGN_01,86.000000000,88.000000000,2.000000000,0.021133549,0.000000000,0.000000000
QV-C01-001-A0045,QV-C01-001,DS00,quebrada_verde,CAMPAIGN_01,88.000000000,90.000000000,2.000000000,0.023609212,0.000000000,0.000000000
QV-C01-001-A0046,QV-C01-001,DS00,quebrada_verde,CAMPAIGN_01,90.000000000,92.000000000,2.000000000,0.022072905,0.000000000,0.000000000
QV-C01-001-A0047,QV-C01-001,DS00,quebrada_verde,CAMPAIGN_01,92.000000000,94.000000000,2.000000000,0.018805790,0.000000000,0.000000000
QV-C01-001-A0048,QV-C01-001,DS00,quebrada_verde,CAMPAIGN_01,94.000000000,96.000000000,2.000000000,0.022961011,0.000000000,0.000000000
QV-C01-001-A0049,QV-C01-001,DS00,quebrada_verde,CAMPAIGN_01,96.000000000,98.000000000,2.000000000,0.024754497,0.000000000,0.000000000
QV-C01-001-A0050,QV-C01-001,DS00,quebrada_verde,CAMPAIGN_01,98.000000000,100.000000000,2.000000000,0.023257153,0.000000000,0.000000000
QV-C01-001-A0051,QV-C01-001,DS00,quebrada_verde,CAMPAIGN_01,100.000000000,102.000000000,2.000000000,0.026690644,0.000000000,0.000000000
QV-C01-001-A0052,QV-C01-001,DS00,quebrada_verde,CAMPAIGN_01,102.000000000,104.000000000,2.000000000,0.023499369,0.000000000,0.000000000
QV-C01-001-A0053,QV-C01-001,DS00,quebrada_verde,CAMPAIGN_01,104.000000000,106.000000000,2.000000000,0.023791422,0.000000000,0.000000000
QV-C01-001-A0054,QV-C01-001,DS00,quebrada_verde,CAMPAIGN_01,106.000000000,108.000000000,2.000000000,0.021859439,0.000000000,0.000000000
QV-C01-001-A0055,QV-C01-001,DS00,quebrada_verde,CAMPAIGN_01,108.000000000,110.000000000,2.000000000,0.026202276,0.000000000,0.000000000
QV-C01-001-A0056,QV-C01-001,DS00,quebrada_verde,CAMPAIGN_01,110.000000000,112.000000000,2.000000000,0.020178231,0.000000000,0.000000000
QV-C01-001-A0057,QV-C01-001,DS00,quebrada_verde,CAMPAIGN_01,112.000000000,114.000000000,2.000000000,0.026504278,0.000000000,0.000000000
QV-C01-001-A0058,QV-C01-001,DS00,quebrada_verde,CAMPAIGN_01,114.000000000,116.000000000,2.000000000,0.026735348,0.000000000,0.000000000
QV-C01-001-A0059,QV-C01-001,DS00,quebrada_verde,CAMPAIGN_01,116.000000000,118.000000000,2.000000000,0.022275046,0.000000000,0.000000000
QV-C01-001-A0060,QV-C01-001,DS00,quebrada_verde,CAMPAIGN_01,118.000000000,120.000000000,2.000000000,0.023314366,0.000000000,0.000000000
QV-C01-001-A0061,QV-C01-001,DS00,quebrada_verde,CAMPAIGN_01,120.000000000,122.000000000,2.000000000,0.024663778,0.000000000,0.000000000
QV-C01-001-A0062,QV-C01-001,DS00,quebrada_verde,CAMPAIGN_01,122.000000000,124.000000000,2.000000000,0.022611274,0.000000000,0.000000000
QV-C01-001-A0063,QV-C01-001,DS00,quebrada_verde,CAMPAIGN_01,124.000000000,126.000000000,2.000000000,0.024754303,0.000000000,0.000000000
QV-C01-001-A0064,QV-C01-001,DS00,quebrada_verde,CAMPAIGN_01,126.000000000,128.000000000,2.000000000,0.025396092,0.000000000,0.000000000
QV-C01-001-A0065,QV-C01-001,DS00,quebrada_verde,CAMPAIGN_01,128.000000000,130.000000000,2.000000000,0.023223768,0.000000000,0.000000000
QV-C01-001-A0066,QV-C01-001,DS00,quebrada_verde,CAMPAIGN_01,130.000000000,132.000000000,2.000000000,0.026409761,0.000000000,0.000000000
QV-C01-001-A0067,QV-C01-001,DS00,quebrada_verde,CAMPAIGN_01,132.000000000,134.000000000,2.000000000,0.025461425,0.000000000,0.000000000
QV-C01-001-A0068,QV-C01-001,DS00,quebrada_verde,CAMPAIGN_01,134.000000000,136.000000000,2.000000000,0.025285878,0.000000000,0.000000000
QV-C01-001-A0069,QV-C01-001,DS00,quebrada_verde,CAMPAIGN_01,136.000000000,138.000000000,2.000000000,0.023698456,0.000000000,0.000000000
QV-C01-001-A0070,QV-C01-001,DS00,quebrada_verde,CAMPAIGN_01,138.000000000,140.000000000,2.000000000,0.025668290,0.000000000,0.000000000
QV-C01-001-A0071,QV-C01-001,DS00,quebrada_verde,CAMPAIGN_01,140.000000000,142.000000000,2.000000000,0.026605897,0.000000000,0.000000000
QV-C01-001-A0072,QV-C01-001,DS00,quebrada_verde,CAMPAIGN_01,142.000000000,144.000000000,2.000000000,0.024433115,0.000000000,0.000000000
QV-C01-001-A0073,QV-C01-001,DS00,quebrada_verde,CAMPAIGN_01,144.000000000,146.000000000,2.000000000,0.023975068,0.000000000,0.000000000
QV-C01-001-A0074,QV-C01-001,DS00,quebrada_verde,CAMPAIGN_01,146.000000000,148.000000000,2.000000000,0.027610129,0.000000000,0.000000000
QV-C01-001-A0075,QV-C01-001,DS00,quebrada_verde,CAMPAIGN_01,148.000000000,150.000000000,2.000000000,0.026344935,0.000000000,0.000000000
QV-C01-001-A0076,QV-C01-001,DS00,quebrada_verde,CAMPAIGN_01,150.000000000,152.000000000,2.000000000,0.028530510,0.000000000,0.000000000
QV-C01-001-A0077,QV-C01-001,DS00,quebrada_verde,CAMPAIGN_01,152.000000000,154.000000000,2.000000000,0.023753528,0.000000000,0.000000000
QV-C01-001-A0078,QV-C01-001,DS00,quebrada_verde,CAMPAIGN_01,154.000000000,156.000000000,2.000000000,0.025336575,0.000000000,0.000000000
QV-C01-001-A0079,QV-C01-001,DS00,quebrada_verde,CAMPAIGN_01,156.000000000,158.000000000,2.000000000,0.024779265,0.000000000,0.000000000
QV-C01-001-A0080,QV-C01-001,DS00,quebrada_verde,CAMPAIGN_01,158.000000000,160.000000000,2.000000000,0.024432880,0.000000000,0.000000000
QV-C01-001-A0081,QV-C01-001,DS00,quebrada_verde,CAMPAIGN_01,160.000000000,162.000000000,2.000000000,0.025676343,0.000000000,0.000000000
QV-C01-001-A0082,QV-C01-001,DS00,quebrada_verde,CAMPAIGN_01,162.000000000,164.000000000,2.000000000,0.024491411,0.000000000,0.000000000
QV-C01-001-A0083,QV-C01-001,DS00,quebrada_verde,CAMPAIGN_01,164.000000000,166.000000000,2.000000000,0.026607375,0.000000000,0.000000000
QV-C01-001-A0084,QV-C01-001,DS00,quebrada_verde,CAMPAIGN_01,166.000000000,168.000000000,2.000000000,0.025372526,0.000000000,0.000000000
QV-C01-001-A0085,QV-C01-001,DS00,quebrada_verde,CAMPAIGN_01,168.000000000,170.000000000,2.000000000,0.026872516,0.000000000,0.000000000
QV-C01-001-A0086,QV-C01-001,DS00,quebrada_verde,CAMPAIGN_01,170.000000000,172.000000000,2.000000000,0.026351367,0.000000000,0.000000000
QV-C01-001-A0087,QV-C01-001,DS00,quebrada_verde,CAMPAIGN_01,172.000000000,174.000000000,2.000000000,0.024429632,0.000000000,0.000000000
QV-C01-001-A0088,QV-C01-001,DS00,quebrada_verde,CAMPAIGN_01,174.000000000,176.000000000,2.000000000,0.025099719,0.000000000,0.000000000
QV-C01-001-A0089,QV-C01-001,DS00,quebrada_verde,CAMPAIGN_01,176.000000000,178.000000000,2.000000000,0.029584660,0.000000000,0.000000000
QV-C01-001-A0090,QV-C01-001,DS00,quebrada_verde,CAMPAIGN_01,178.000000000,180.000000000,2.000000000,0.027850965,0.000000000,0.000000000
QV-C01-001-A0091,QV-C01-001,DS00,quebrada_verde,CAMPAIGN_01,180.000000000,182.000000000,2.000000000,0.027674125,0.000000000,0.000000000
QV-C01-001-A0092,QV-C01-001,DS00,quebrada_verde,CAMPAIGN_01,182.000000000,184.000000000,2.000000000,0.029474767,0.000000000,0.000000000
QV-C01-001-A0093,QV-C01-001,DS00,quebrada_verde,CAMPAIGN_01,184.000000000,186.000000000,2.000000000,0.028214533,0.000000000,0.000000000
QV-C01-001-A0094,QV-C01-001,DS00,quebrada_verde,CAMPAIGN_01,186.000000000,188.000000000,2.000000000,0.025321587,0.000000000,0.000000000
QV-C01-001-A0095,QV-C01-001,DS00,quebrada_verde,CAMPAIGN_01,188.000000000,190.000000000,2.000000000,0.026469187,0.000000000,0.000000000
QV-C01-001-A0096,QV-C01-001,DS00,quebrada_verde,CAMPAIGN_01,190.000000000,192.000000000,2.000000000,0.026618479,0.000000000,0.000000000
QV-C01-001-A0097,QV-C01-001,DS00,quebrada_verde,CAMPAIGN_01,192.000000000,194.000000000,2.000000000,0.027477414,0.000000000,0.000000000
QV-C01-001-A0098,QV-C01-001,DS00,quebrada_verde,CAMPAIGN_01,194.000000000,196.000000000,2.000000000,0.028417293,0.000000000,0.000000000
QV-C01-001-A0099,QV-C01-001,DS00,quebrada_verde,CAMPAIGN_01,196.000000000,198.000000000,2.000000000,0.028681004,0.000000000,0.000000000
QV-C01-001-A0100,QV-C01-001,DS00,quebrada_verde,CAMPAIGN_01,198.000000000,200.000000000,2.000000000,0.022749177,0.000000000,0.000000000
QV-C01-001-A0101,QV-C01-001,DS00,quebrada_verde,CAMPAIGN_01,200.000000000,202.000000000,2.000000000,0.028102365,0.000000000,0.000000000
QV-C01-001-A0102,QV-C01-001,DS00,quebrada_verde,CAMPAIGN_01,202.000000000,204.000000000,2.000000000,0.027544857,0.000000000,0.000000000
QV-C01-001-A0103,QV-C01-001,DS00,quebrada_verde,CAMPAIGN_01,204.000000000,206.000000000,2.000000000,0.025564672,0.000000000,0.000000000
QV-C01-001-A0104,QV-C01-001,DS00,quebrada_verde,CAMPAIGN_01,206.000000000,208.000000000,2.000000000,0.027662741,0.000000000,0.000000000
QV-C01-001-A0105,QV-C01-001,DS00,quebrada_verde,CAMPAIGN_01,208.000000000,210.000000000,2.000000000,0.025896091,0.000000000,0.000000000
QV-C01-001-A0106,QV-C01-001,DS00,quebrada_verde,CAMPAIGN_01,210.000000000,212.000000000,2.000000000,0.027067762,0.000000000,0.000000000
QV-C01-001-A0107,QV-C01-001,DS00,quebrada_verde,CAMPAIGN_01,212.000000000,214.000000000,2.000000000,0.029280196,0.000000000,0.000000000
QV-C01-001-A0108,QV-C01-001,DS00,quebrada_verde,CAMPAIGN_01,214.000000000,216.000000000,2.000000000,0.027159079,0.000000000,0.000000000
QV-C01-001-A0109,QV-C01-001,DS00,quebrada_verde,CAMPAIGN_01,216.000000000,218.000000000,2.000000000,0.026699637,0.000000000,0.000000000
QV-C01-001-A0110,QV-C01-001,DS00,quebrada_verde,CAMPAIGN_01,218.000000000,220.000000000,2.000000000,0.027305558,0.000000000,0.000000000
QV-C01-001-A0111,QV-C01-001,DS00,quebrada_verde,CAMPAIGN_01,220.000000000,222.000000000,2.000000000,0.026593115,0.000000000,0.000000000
QV-C01-001-A0112,QV-C01-001,DS00,quebrada_verde,CAMPAIGN_01,222.000000000,224.000000000,2.000000000,0.026327468,0.000000000,0.000000000
QV-C01-001-A0113,QV-C01-001,DS00,quebrada_verde,CAMPAIGN_01,224.000000000,226.000000000,2.000000000,0.030015191,0.000000000,0.000000000
QV-C01-001-A0114,QV-C01-001,DS00,quebrada_verde,CAMPAIGN_01,226.000000000,228.000000000,2.000000000,0.028004202,0.000000000,0.000000000
QV-C01-001-A0115,QV-C01-001,DS00,quebrada_verde,CAMPAIGN_01,228.000000000,230.000000000,2.000000000,0.025861215,0.000000000,0.000000000
QV-C01-001-A0116,QV-C01-001,DS00,quebrada_verde,CAMPAIGN_01,230.000000000,232.000000000,2.000000000,0.024760962,0.000000000,0.000000000
QV-C01-001-A0117,QV-C01-001,DS00,quebrada_verde,CAMPAIGN_01,232.000000000,234.000000000,2.000000000,0.026793702,0.000000000,0.000000000
QV-C01-001-A0118,QV-C01-001,DS00,quebrada_verde,CAMPAIGN_01,234.000000000,236.000000000,2.000000000,0.026202366,0.000000000,0.000000000
QV-C01-001-A0119,QV-C01-001,DS00,quebrada_verde,CAMPAIGN_01,236.000000000,238.000000000,2.000000000,0.027787274,0.000000000,0.000000000
QV-C01-001-A0120,QV-C01-001,DS00,quebrada_verde,CAMPAIGN_01,238.000000000,240.000000000,2.000000000,0.026921450,0.000000000,0.000000000
QV-C01-001-A0121,QV-C01-001,DS00,quebrada_verde,CAMPAIGN_01,240.000000000,242.000000000,2.000000000,0.027544278,0.000000000,0.000000000
QV-C01-001-A0122,QV-C01-001,DS00,quebrada_verde,CAMPAIGN_01,242.000000000,244.000000000,2.000000000,0.024576216,0.000000000,0.000000000
QV-C01-001-A0123,QV-C01-001,DS00,quebrada_verde,CAMPAIGN_01,244.000000000,246.000000000,2.000000000,0.025231019,0.000000000,0.000000000
QV-C01-001-A0124,QV-C01-001,DS00,quebrada_verde,CAMPAIGN_01,246.000000000,246.068704921,0.068704921,0.025078370,0.000000000,0.000000000
QV-C01-002-A0001,QV-C01-002,DS00,quebrada_verde,CAMPAIGN_01,0.000000000,2.000000000,2.000000000,0.025397184,0.000000000,0.000000000
QV-C01-002-A0002,QV-C01-002,DS00,quebrada_verde,CAMPAIGN_01,2.000000000,4.000000000,2.000000000,0.025613164,0.000000000,0.000000000
QV-C01-002-A0003,QV-C01-002,DS00,quebrada_verde,CAMPAIGN_01,4.000000000,6.000000000,2.000000000,0.024757341,0.000000000,0.000000000
QV-C01-002-A0004,QV-C01-002,DS00,quebrada_verde,CAMPAIGN_01,6.000000000,8.000000000,2.000000000,0.021861457,0.000000000,0.000000000
QV-C01-002-A0005,QV-C01-002,DS00,quebrada_verde,CAMPAIGN_01,8.000000000,10.000000000,2.000000000,0.026594668,0.000000000,0.000000000
QV-C01-002-A0006,QV-C01-002,DS00,quebrada_verde,CAMPAIGN_01,10.000000000,12.000000000,2.000000000,0.024114756,0.000000000,0.000000000
QV-C01-002-A0007,QV-C01-002,DS00,quebrada_verde,CAMPAIGN_01,12.000000000,14.000000000,2.000000000,0.025456518,0.000000000,0.000000000
QV-C01-002-A0008,QV-C01-002,DS00,quebrada_verde,CAMPAIGN_01,14.000000000,16.000000000,2.000000000,0.023281923,0.000000000,0.000000000
QV-C01-002-A0009,QV-C01-002,DS00,quebrada_verde,CAMPAIGN_01,16.000000000,18.000000000,2.000000000,0.028214606,0.000000000,0.000000000
QV-C01-002-A0010,QV-C01-002,DS00,quebrada_verde,CAMPAIGN_01,18.000000000,20.000000000,2.000000000,0.025346586,0.000000000,0.000000000
QV-C01-002-A0011,QV-C01-002,DS00,quebrada_verde,CAMPAIGN_01,20.000000000,22.000000000,2.000000000,0.026600880,0.000000000,0.000000000
QV-C01-002-A0012,QV-C01-002,DS00,quebrada_verde,CAMPAIGN_01,22.000000000,24.000000000,2.000000000,0.022942677,0.000000000,0.000000000
QV-C01-002-A0013,QV-C01-002,DS00,quebrada_verde,CAMPAIGN_01,24.000000000,26.000000000,2.000000000,0.027724947,0.000000000,0.000000000
QV-C01-002-A0014,QV-C01-002,DS00,quebrada_verde,CAMPAIGN_01,26.000000000,28.000000000,2.000000000,0.026154566,0.000000000,0.000000000
QV-C01-002-A0015,QV-C01-002,DS00,quebrada_verde,CAMPAIGN_01,28.000000000,30.000000000,2.000000000,0.024198866,0.000000000,0.000000000
QV-C01-002-A0016,QV-C01-002,DS00,quebrada_verde,CAMPAIGN_01,30.000000000,32.000000000,2.000000000,0.028873934,0.000000000,0.000000000
QV-C01-002-A0017,QV-C01-002,DS00,quebrada_verde,CAMPAIGN_01,32.000000000,34.000000000,2.000000000,0.027723126,0.000000000,0.000000000
QV-C01-002-A0018,QV-C01-002,DS00,quebrada_verde,CAMPAIGN_01,34.000000000,36.000000000,2.000000000,0.030933522,0.000000000,0.000000000
QV-C01-002-A0019,QV-C01-002,DS00,quebrada_verde,CAMPAIGN_01,36.000000000,38.000000000,2.000000000,0.029654745,0.000000000,0.000000000
QV-C01-002-A0020,QV-C01-002,DS00,quebrada_verde,CAMPAIGN_01,38.000000000,40.000000000,2.000000000,0.027322526,0.000000000,0.000000000
QV-C01-002-A0021,QV-C01-002,DS00,quebrada_verde,CAMPAIGN_01,40.000000000,42.000000000,2.000000000,0.027659473,0.000000000,0.000000000
QV-C01-002-A0022,QV-C01-002,DS00,quebrada_verde,CAMPAIGN_01,42.000000000,44.000000000,2.000000000,0.030613315,0.000000000,0.000000000
QV-C01-002-A0023,QV-C01-002,DS00,quebrada_verde,CAMPAIGN_01,44.000000000,46.000000000,2.000000000,0.024672404,0.000000000,0.000000000
QV-C01-002-A0024,QV-C01-002,DS00,quebrada_verde,CAMPAIGN_01,46.000000000,48.000000000,2.000000000,0.028762640,0.000000000,0.000000000
QV-C01-002-A0025,QV-C01-002,DS00,quebrada_verde,CAMPAIGN_01,48.000000000,50.000000000,2.000000000,0.028802092,0.000000000,0.000000000
QV-C01-002-A0026,QV-C01-002,DS00,quebrada_verde,CAMPAIGN_01,50.000000000,52.000000000,2.000000000,0.033195098,0.000000000,0.000000000
QV-C01-002-A0027,QV-C01-002,DS00,quebrada_verde,CAMPAIGN_01,52.000000000,54.000000000,2.000000000,0.030435123,0.000000000,0.000000000
QV-C01-002-A0028,QV-C01-002,DS00,quebrada_verde,CAMPAIGN_01,54.000000000,56.000000000,2.000000000,0.033139128,0.000000000,0.000000000
QV-C01-002-A0029,QV-C01-002,DS00,quebrada_verde,CAMPAIGN_01,56.000000000,58.000000000,2.000000000,0.031057917,0.000000000,0.000000000
QV-C01-002-A0030,QV-C01-002,DS00,quebrada_verde,CAMPAIGN_01,58.000000000,60.000000000,2.000000000,0.035765995,0.000000000,0.000000000
QV-C01-002-A0031,QV-C01-002,DS00,quebrada_verde,CAMPAIGN_01,60.000000000,62.000000000,2.000000000,0.029409563,0.000000000,0.000000000
QV-C01-002-A0032,QV-C01-002,DS00,quebrada_verde,CAMPAIGN_01,62.000000000,64.000000000,2.000000000,0.034237271,0.000000000,0.000000000
QV-C01-002-A0033,QV-C01-002,DS00,quebrada_verde,CAMPAIGN_01,64.000000000,66.000000000,2.000000000,0.030996197,0.000000000,0.000000000
QV-C01-002-A0034,QV-C01-002,DS00,quebrada_verde,CAMPAIGN_01,66.000000000,68.000000000,2.000000000,0.026366316,0.000000000,0.000000000
QV-C01-002-A0035,QV-C01-002,DS00,quebrada_verde,CAMPAIGN_01,68.000000000,70.000000000,2.000000000,0.032487964,0.000000000,0.000000000
QV-C01-002-A0036,QV-C01-002,DS00,quebrada_verde,CAMPAIGN_01,70.000000000,72.000000000,2.000000000,0.029083937,0.000000000,0.000000000
QV-C01-002-A0037,QV-C01-002,DS00,quebrada_verde,CAMPAIGN_01,72.000000000,74.000000000,2.000000000,0.031646150,0.000000000,0.000000000
QV-C01-002-A0038,QV-C01-002,DS00,quebrada_verde,CAMPAIGN_01,74.000000000,76.000000000,2.000000000,0.035000584,0.000000000,0.000000000
QV-C01-002-A0039,QV-C01-002,DS00,quebrada_verde,CAMPAIGN_01,76.000000000,78.000000000,2.000000000,0.033708219,0.000000000,0.000000000
QV-C01-002-A0040,QV-C01-002,DS00,quebrada_verde,CAMPAIGN_01,78.000000000,80.000000000,2.000000000,0.034218584,0.000000000,0.000000000
QV-C01-002-A0041,QV-C01-002,DS00,quebrada_verde,CAMPAIGN_01,80.000000000,82.000000000,2.000000000,0.031931238,0.000000000,0.000000000
QV-C01-002-A0042,QV-C01-002,DS00,quebrada_verde,CAMPAIGN_01,82.000000000,84.000000000,2.000000000,0.036031587,0.000000000,0.000000000
QV-C01-002-A0043,QV-C01-002,DS00,quebrada_verde,CAMPAIGN_01,84.000000000,86.000000000,2.000000000,0.036327273,0.000000000,0.000000000
QV-C01-002-A0044,QV-C01-002,DS00,quebrada_verde,CAMPAIGN_01,86.000000000,88.000000000,2.000000000,0.039360338,0.000000000,0.000000000
QV-C01-002-A0045,QV-C01-002,DS00,quebrada_verde,CAMPAIGN_01,88.000000000,90.000000000,2.000000000,0.037823369,0.000000000,0.000000000
QV-C01-002-A0046,QV-C01-002,DS00,quebrada_verde,CAMPAIGN_01,90.000000000,92.000000000,2.000000000,0.039750766,0.000000000,0.000000000
QV-C01-002-A0047,QV-C01-002,DS00,quebrada_verde,CAMPAIGN_01,92.000000000,94.000000000,2.000000000,0.037580939,0.000000000,0.000000000
QV-C01-002-A0048,QV-C01-002,DS00,quebrada_verde,CAMPAIGN_01,94.000000000,96.000000000,2.000000000,0.036654567,0.000000000,0.000000000
QV-C01-002-A0049,QV-C01-002,DS00,quebrada_verde,CAMPAIGN_01,96.000000000,98.000000000,2.000000000,0.040512754,0.000000000,0.000000000
QV-C01-002-A0050,QV-C01-002,DS00,quebrada_verde,CAMPAIGN_01,98.000000000,100.000000000,2.000000000,0.038796768,0.000000000,0.000000000
QV-C01-002-A0051,QV-C01-002,DS00,quebrada_verde,CAMPAIGN_01,100.000000000,102.000000000,2.000000000,0.036990405,0.000000000,0.000000000
QV-C01-002-A0052,QV-C01-002,DS00,quebrada_verde,CAMPAIGN_01,102.000000000,104.000000000,2.000000000,0.041588387,0.000000000,0.000000000
QV-C01-002-A0053,QV-C01-002,DS00,quebrada_verde,CAMPAIGN_01,104.000000000,106.000000000,2.000000000,0.040377245,0.000000000,0.000000000
QV-C01-002-A0054,QV-C01-002,DS00,quebrada_verde,CAMPAIGN_01,106.000000000,108.000000000,2.000000000,0.044163303,0.000000000,0.000000000
QV-C01-002-A0055,QV-C01-002,DS00,quebrada_verde,CAMPAIGN_01,108.000000000,110.000000000,2.000000000,0.046822407,0.000000000,0.000000000
QV-C01-002-A0056,QV-C01-002,DS00,quebrada_verde,CAMPAIGN_01,110.000000000,112.000000000,2.000000000,0.039657568,0.000000000,0.000000000
QV-C01-002-A0057,QV-C01-002,DS00,quebrada_verde,CAMPAIGN_01,112.000000000,114.000000000,2.000000000,0.040325281,0.000000000,0.000000000
QV-C01-002-A0058,QV-C01-002,DS00,quebrada_verde,CAMPAIGN_01,114.000000000,116.000000000,2.000000000,0.044758193,0.000000000,0.000000000
QV-C01-002-A0059,QV-C01-002,DS00,quebrada_verde,CAMPAIGN_01,116.000000000,118.000000000,2.000000000,0.043806085,0.000000000,0.000000000
QV-C01-002-A0060,QV-C01-002,DS00,quebrada_verde,CAMPAIGN_01,118.000000000,120.000000000,2.000000000,0.039704335,0.000000000,0.000000000
QV-C01-002-A0061,QV-C01-002,DS00,quebrada_verde,CAMPAIGN_01,120.000000000,122.000000000,2.000000000,0.047026728,0.000000000,0.000000000
QV-C01-002-A0062,QV-C01-002,DS00,quebrada_verde,CAMPAIGN_01,122.000000000,124.000000000,2.000000000,0.042111397,0.000000000,0.000000000
QV-C01-002-A0063,QV-C01-002,DS00,quebrada_verde,CAMPAIGN_01,124.000000000,126.000000000,2.000000000,0.045620254,0.000000000,0.000000000
QV-C01-002-A0064,QV-C01-002,DS00,quebrada_verde,CAMPAIGN_01,126.000000000,128.000000000,2.000000000,0.046907949,0.000000000,0.000000000
QV-C01-002-A0065,QV-C01-002,DS00,quebrada_verde,CAMPAIGN_01,128.000000000,130.000000000,2.000000000,0.048402645,0.000000000,0.000000000
QV-C01-002-A0066,QV-C01-002,DS00,quebrada_verde,CAMPAIGN_01,130.000000000,132.000000000,2.000000000,0.049024365,0.000000000,0.000000000
QV-C01-002-A0067,QV-C01-002,DS00,quebrada_verde,CAMPAIGN_01,132.000000000,134.000000000,2.000000000,0.051652926,0.000000000,0.000000000
QV-C01-002-A0068,QV-C01-002,DS00,quebrada_verde,CAMPAIGN_01,134.000000000,136.000000000,2.000000000,0.050228654,0.000000000,0.000000000
QV-C01-002-A0069,QV-C01-002,DS00,quebrada_verde,CAMPAIGN_01,136.000000000,138.000000000,2.000000000,0.049788901,0.000000000,0.000000000
QV-C01-002-A0070,QV-C01-002,DS00,quebrada_verde,CAMPAIGN_01,138.000000000,140.000000000,2.000000000,0.057780785,0.000000000,0.000000000
QV-C01-002-A0071,QV-C01-002,DS00,quebrada_verde,CAMPAIGN_01,140.000000000,142.000000000,2.000000000,0.045457464,0.000000000,0.000000000
QV-C01-002-A0072,QV-C01-002,DS00,quebrada_verde,CAMPAIGN_01,142.000000000,144.000000000,2.000000000,0.053565961,0.000000000,0.000000000
QV-C01-002-A0073,QV-C01-002,DS00,quebrada_verde,CAMPAIGN_01,144.000000000,146.000000000,2.000000000,0.050531108,0.000000000,0.000000000
QV-C01-002-A0074,QV-C01-002,DS00,quebrada_verde,CAMPAIGN_01,146.000000000,148.000000000,2.000000000,0.050659318,0.000000000,0.000000000
QV-C01-002-A0075,QV-C01-002,DS00,quebrada_verde,CAMPAIGN_01,148.000000000,150.000000000,2.000000000,0.049355168,0.000000000,0.000000000
QV-C01-002-A0076,QV-C01-002,DS00,quebrada_verde,CAMPAIGN_01,150.000000000,152.000000000,2.000000000,0.055559265,0.000000000,0.000000000
QV-C01-002-A0077,QV-C01-002,DS00,quebrada_verde,CAMPAIGN_01,152.000000000,154.000000000,2.000000000,0.056598469,0.000000000,0.000000000
QV-C01-002-A0078,QV-C01-002,DS00,quebrada_verde,CAMPAIGN_01,154.000000000,156.000000000,2.000000000,0.054615638,0.000000000,0.000000000
QV-C01-002-A0079,QV-C01-002,DS00,quebrada_verde,CAMPAIGN_01,156.000000000,158.000000000,2.000000000,0.055853530,0.000000000,0.000000000
QV-C01-002-A0080,QV-C01-002,DS00,quebrada_verde,CAMPAIGN_01,158.000000000,160.000000000,2.000000000,0.054598577,0.000000000,0.000000000
QV-C01-002-A0081,QV-C01-002,DS00,quebrada_verde,CAMPAIGN_01,160.000000000,162.000000000,2.000000000,0.056118954,0.000000000,0.000000000
QV-C01-002-A0082,QV-C01-002,DS00,quebrada_verde,CAMPAIGN_01,162.000000000,164.000000000,2.000000000,0.054438524,0.000000000,0.000000000
QV-C01-002-A0083,QV-C01-002,DS00,quebrada_verde,CAMPAIGN_01,164.000000000,166.000000000,2.000000000,0.061108822,0.000000000,0.000000000
QV-C01-002-A0084,QV-C01-002,DS00,quebrada_verde,CAMPAIGN_01,166.000000000,168.000000000,2.000000000,0.053107290,0.000000000,0.000000000
QV-C01-002-A0085,QV-C01-002,DS00,quebrada_verde,CAMPAIGN_01,168.000000000,170.000000000,2.000000000,0.057874190,0.000000000,0.000000000
QV-C01-002-A0086,QV-C01-002,DS00,quebrada_verde,CAMPAIGN_01,170.000000000,172.000000000,2.000000000,0.055529499,0.000000000,0.000000000
QV-C01-002-A0087,QV-C01-002,DS00,quebrada_verde,CAMPAIGN_01,172.000000000,174.000000000,2.000000000,0.058172021,0.000000000,0.000000000
QV-C01-002-A0088,QV-C01-002,DS00,quebrada_verde,CAMPAIGN_01,174.000000000,176.000000000,2.000000000,0.060074078,0.000000000,0.000000000
QV-C01-002-A0089,QV-C01-002,DS00,quebrada_verde,CAMPAIGN_01,176.000000000,178.000000000,2.000000000,0.062869603,0.000000000,0.000000000
QV-C01-002-A0090,QV-C01-002,DS00,quebrada_verde,CAMPAIGN_01,178.000000000,180.000000000,2.000000000,0.061110155,0.000000000,0.000000000
QV-C01-002-A0091,QV-C01-002,DS00,quebrada_verde,CAMPAIGN_01,180.000000000,182.000000000,2.000000000,0.065964845,0.000000000,0.000000000
QV-C01-002-A0092,QV-C01-002,DS00,quebrada_verde,CAMPAIGN_01,182.000000000,184.000000000,2.000000000,0.071305134,0.000000000,0.000000000
QV-C01-002-A0093,QV-C01-002,DS00,quebrada_verde,CAMPAIGN_01,184.000000000,186.000000000,2.000000000,0.066023240,0.000000000,0.000000000
QV-C01-002-A0094,QV-C01-002,DS00,quebrada_verde,CAMPAIGN_01,186.000000000,188.000000000,2.000000000,0.063222982,0.000000000,0.000000000
QV-C01-002-A0095,QV-C01-002,DS00,quebrada_verde,CAMPAIGN_01,188.000000000,190.000000000,2.000000000,0.066252001,0.000000000,0.000000000
QV-C01-002-A0096,QV-C01-002,DS00,quebrada_verde,CAMPAIGN_01,190.000000000,192.000000000,2.000000000,0.067392678,0.000000000,0.000000000
QV-C01-002-A0097,QV-C01-002,DS00,quebrada_verde,CAMPAIGN_01,192.000000000,194.000000000,2.000000000,0.071634114,0.000000000,0.000000000
QV-C01-002-A0098,QV-C01-002,DS00,quebrada_verde,CAMPAIGN_01,194.000000000,196.000000000,2.000000000,0.068741889,0.000000000,0.000000000
QV-C01-002-A0099,QV-C01-002,DS00,quebrada_verde,CAMPAIGN_01,196.000000000,198.000000000,2.000000000,0.072147568,0.000000000,0.000000000
QV-C01-002-A0100,QV-C01-002,DS00,quebrada_verde,CAMPAIGN_01,198.000000000,200.000000000,2.000000000,0.070840294,0.000000000,0.000000000
QV-C01-002-A0101,QV-C01-002,DS00,quebrada_verde,CAMPAIGN_01,200.000000000,202.000000000,2.000000000,0.070382327,0.000000000,0.000000000
QV-C01-002-A0102,QV-C01-002,DS00,quebrada_verde,CAMPAIGN_01,202.000000000,204.000000000,2.000000000,0.070141503,0.000000000,0.000000000
QV-C01-002-A0103,QV-C01-002,DS00,quebrada_verde,CAMPAIGN_01,204.000000000,206.000000000,2.000000000,0.069087940,0.000000000,0.000000000
QV-C01-002-A0104,QV-C01-002,DS00,quebrada_verde,CAMPAIGN_01,206.000000000,208.000000000,2.000000000,0.070704659,0.000000000,0.000000000
QV-C01-002-A0105,QV-C01-002,DS00,quebrada_verde,CAMPAIGN_01,208.000000000,210.000000000,2.000000000,0.068198929,0.000000000,0.000000000
QV-C01-002-A0106,QV-C01-002,DS00,quebrada_verde,CAMPAIGN_01,210.000000000,212.000000000,2.000000000,0.068312929,0.000000000,0.000000000
QV-C01-002-A0107,QV-C01-002,DS00,quebrada_verde,CAMPAIGN_01,212.000000000,214.000000000,2.000000000,0.077253934,0.000000000,0.000000000
QV-C01-002-A0108,QV-C01-002,DS00,quebrada_verde,CAMPAIGN_01,214.000000000,216.000000000,2.000000000,0.071934854,0.000000000,0.000000000
QV-C01-002-A0109,QV-C01-002,DS00,quebrada_verde,CAMPAIGN_01,216.000000000,218.000000000,2.000000000,0.074453638,0.000000000,0.000000000
QV-C01-002-A0110,QV-C01-002,DS00,quebrada_verde,CAMPAIGN_01,218.000000000,220.000000000,2.000000000,0.077693033,0.000000000,0.000000000
QV-C01-002-A0111,QV-C01-002,DS00,quebrada_verde,CAMPAIGN_01,220.000000000,222.000000000,2.000000000,0.078205510,0.000000000,0.000000000
QV-C01-002-A0112,QV-C01-002,DS00,quebrada_verde,CAMPAIGN_01,222.000000000,224.000000000,2.000000000,0.071453497,0.000000000,0.000000000
QV-C01-002-A0113,QV-C01-002,DS00,quebrada_verde,CAMPAIGN_01,224.000000000,226.000000000,2.000000000,0.087843781,0.000000000,0.000000000
QV-C01-002-A0114,QV-C01-002,DS00,quebrada_verde,CAMPAIGN_01,226.000000000,228.000000000,2.000000000,0.076946566,0.000000000,0.000000000
QV-C01-002-A0115,QV-C01-002,DS00,quebrada_verde,CAMPAIGN_01,228.000000000,230.000000000,2.000000000,0.073486286,0.000000000,0.000000000
QV-C01-002-A0116,QV-C01-002,DS00,quebrada_verde,CAMPAIGN_01,230.000000000,232.000000000,2.000000000,0.074921875,0.000000000,0.000000000
QV-C01-002-A0117,QV-C01-002,DS00,quebrada_verde,CAMPAIGN_01,232.000000000,234.000000000,2.000000000,0.081944353,0.000000000,0.000000000
QV-C01-002-A0118,QV-C01-002,DS00,quebrada_verde,CAMPAIGN_01,234.000000000,236.000000000,2.000000000,0.076187043,0.000000000,0.000000000
QV-C01-002-A0119,QV-C01-002,DS00,quebrada_verde,CAMPAIGN_01,236.000000000,238.000000000,2.000000000,0.077557316,0.000000000,0.000000000
QV-C01-002-A0120,QV-C01-002,DS00,quebrada_verde,CAMPAIGN_01,238.000000000,240.000000000,2.000000000,0.074819833,0.000000000,0.000000000
QV-C01-002-A0121,QV-C01-002,DS00,quebrada_verde,CAMPAIGN_01,240.000000000,242.000000000,2.000000000,0.074834777,0.000000000,0.000000000
QV-C01-002-A0122,QV-C01-002,DS00,quebrada_verde,CAMPAIGN_01,242.000000000,244.000000000,2.000000000,0.079623472,0.000000000,0.000000000
QV-C01-002-A0123,QV-C01-002,DS00,quebrada_verde,CAMPAIGN_01,244.000000000,246.000000000,2.000000000,0.081364475,0.000000000,0.000000000
QV-C01-002-A0124,QV-C01-002,DS00,quebrada_verde,CAMPAIGN_01,246.000000000,248.000000000,2.000000000,0.085405471,0.000000000,0.000000000
QV-C01-002-A0125,QV-C01-002,DS00,quebrada_verde,CAMPAIGN_01,248.000000000,250.000000000,2.000000000,0.081188418,0.000000000,0.000000000
QV-C01-002-A0126,QV-C01-002,DS00,quebrada_verde,CAMPAIGN_01,250.000000000,252.000000000,2.000000000,0.082629399,0.000000000,0.000000000
QV-C01-002-A0127,QV-C01-002,DS00,quebrada_verde,CAMPAIGN_01,252.000000000,254.000000000,2.000000000,0.080552938,0.000000000,0.000000000
QV-C01-002-A0128,QV-C01-002,DS00,quebrada_verde,CAMPAIGN_01,254.000000000,256.000000000,2.000000000,0.074189814,0.000000000,0.000000000
QV-C01-002-A0129,QV-C01-002,DS00,quebrada_verde,CAMPAIGN_01,256.000000000,258.000000000,2.000000000,0.077009557,0.000000000,0.000000000
QV-C01-002-A0130,QV-C01-002,DS00,quebrada_verde,CAMPAIGN_01,258.000000000,260.000000000,2.000000000,0.088240777,0.000000000,0.000000000
QV-C01-002-A0131,QV-C01-002,DS00,quebrada_verde,CAMPAIGN_01,260.000000000,262.000000000,2.000000000,0.078134836,0.000000000,0.000000000
QV-C01-002-A0132,QV-C01-002,DS00,quebrada_verde,CAMPAIGN_01,262.000000000,264.000000000,2.000000000,0.075006391,0.000000000,0.000000000
QV-C01-002-A0133,QV-C01-002,DS00,quebrada_verde,CAMPAIGN_01,264.000000000,266.000000000,2.000000000,0.082417650,0.000000000,0.000000000
QV-C01-002-A0134,QV-C01-002,DS00,quebrada_verde,CAMPAIGN_01,266.000000000,268.000000000,2.000000000,0.086522384,0.000000000,0.000000000
QV-C01-002-A0135,QV-C01-002,DS00,quebrada_verde,CAMPAIGN_01,268.000000000,270.000000000,2.000000000,0.082032479,0.000000000,0.000000000
QV-C01-002-A0136,QV-C01-002,DS00,quebrada_verde,CAMPAIGN_01,270.000000000,272.000000000,2.000000000,0.081804458,0.000000000,0.000000000
QV-C01-002-A0137,QV-C01-002,DS00,quebrada_verde,CAMPAIGN_01,272.000000000,274.000000000,2.000000000,0.083303551,0.000000000,0.000000000
QV-C01-002-A0138,QV-C01-002,DS00,quebrada_verde,CAMPAIGN_01,274.000000000,276.000000000,2.000000000,0.076962307,0.000000000,0.000000000
QV-C01-002-A0139,QV-C01-002,DS00,quebrada_verde,CAMPAIGN_01,276.000000000,278.000000000,2.000000000,0.082255694,0.000000000,0.000000000
QV-C01-002-A0140,QV-C01-002,DS00,quebrada_verde,CAMPAIGN_01,278.000000000,280.000000000,2.000000000,0.079463866,0.000000000,0.000000000
QV-C01-002-A0141,QV-C01-002,DS00,quebrada_verde,CAMPAIGN_01,280.000000000,282.000000000,2.000000000,0.075990289,0.000000000,0.000000000
QV-C01-002-A0142,QV-C01-002,DS00,quebrada_verde,CAMPAIGN_01,282.000000000,284.000000000,2.000000000,0.093749290,0.000000000,0.000000000
QV-C01-002-A0143,QV-C01-002,DS00,quebrada_verde,CAMPAIGN_01,284.000000000,286.000000000,2.000000000,0.074268029,0.000000000,0.000000000
QV-C01-002-A0144,QV-C01-002,DS00,quebrada_verde,CAMPAIGN_01,286.000000000,288.000000000,2.000000000,0.082091252,0.000000000,0.000000000
QV-C01-002-A0145,QV-C01-002,DS00,quebrada_verde,CAMPAIGN_01,288.000000000,290.000000000,2.000000000,0.075672068,0.000000000,0.000000000
QV-C01-002-A0146,QV-C01-002,DS00,quebrada_verde,CAMPAIGN_01,290.000000000,292.000000000,2.000000000,0.079570413,0.000000000,0.000000000
QV-C01-002-A0147,QV-C01-002,DS00,quebrada_verde,CAMPAIGN_01,292.000000000,294.000000000,2.000000000,0.081950841,0.000000000,0.000000000
QV-C01-002-A0148,QV-C01-002,DS00,quebrada_verde,CAMPAIGN_01,294.000000000,296.000000000,2.000000000,0.081738306,0.000000000,0.000000000
QV-C01-002-A0149,QV-C01-002,DS00,quebrada_verde,CAMPAIGN_01,296.000000000,298.000000000,2.000000000,0.083251363,0.000000000,0.000000000
QV-C01-002-A0150,QV-C01-002,DS00,quebrada_verde,CAMPAIGN_01,298.000000000,300.000000000,2.000000000,0.080891978,0.000000000,0.000000000
QV-C01-002-A0151,QV-C01-002,DS00,quebrada_verde,CAMPAIGN_01,300.000000000,302.000000000,2.000000000,0.079115402,0.000000000,0.000000000
QV-C01-002-A0152,QV-C01-002,DS00,quebrada_verde,CAMPAIGN_01,302.000000000,304.000000000,2.000000000,0.085889508,0.000000000,0.000000000
QV-C01-002-A0153,QV-C01-002,DS00,quebrada_verde,CAMPAIGN_01,304.000000000,306.000000000,2.000000000,0.078104130,0.000000000,0.000000000
QV-C01-002-A0154,QV-C01-002,DS00,quebrada_verde,CAMPAIGN_01,306.000000000,307.295773684,1.295773684,0.075087070,0.000000000,0.000000000
QV-C01-003-A0001,QV-C01-003,DS00,quebrada_verde,CAMPAIGN_01,0.000000000,2.000000000,2.000000000,0.020986148,0.000000000,0.000000000
QV-C01-003-A0002,QV-C01-003,DS00,quebrada_verde,CAMPAIGN_01,2.000000000,4.000000000,2.000000000,0.024416653,0.000000000,0.000000000
QV-C01-003-A0003,QV-C01-003,DS00,quebrada_verde,CAMPAIGN_01,4.000000000,6.000000000,2.000000000,0.024092772,0.000000000,0.000000000
QV-C01-003-A0004,QV-C01-003,DS00,quebrada_verde,CAMPAIGN_01,6.000000000,8.000000000,2.000000000,0.023514794,0.000000000,0.000000000
QV-C01-003-A0005,QV-C01-003,DS00,quebrada_verde,CAMPAIGN_01,8.000000000,10.000000000,2.000000000,0.023499171,0.000000000,0.000000000
QV-C01-003-A0006,QV-C01-003,DS00,quebrada_verde,CAMPAIGN_01,10.000000000,12.000000000,2.000000000,0.020935761,0.000000000,0.000000000
QV-C01-003-A0007,QV-C01-003,DS00,quebrada_verde,CAMPAIGN_01,12.000000000,14.000000000,2.000000000,0.023378537,0.000000000,0.000000000
QV-C01-003-A0008,QV-C01-003,DS00,quebrada_verde,CAMPAIGN_01,14.000000000,16.000000000,2.000000000,0.024768376,0.000000000,0.000000000
QV-C01-003-A0009,QV-C01-003,DS00,quebrada_verde,CAMPAIGN_01,16.000000000,18.000000000,2.000000000,0.021832614,0.000000000,0.000000000
QV-C01-003-A0010,QV-C01-003,DS00,quebrada_verde,CAMPAIGN_01,18.000000000,20.000000000,2.000000000,0.020249768,0.000000000,0.000000000
QV-C01-003-A0011,QV-C01-003,DS00,quebrada_verde,CAMPAIGN_01,20.000000000,22.000000000,2.000000000,0.021920925,0.000000000,0.000000000
QV-C01-003-A0012,QV-C01-003,DS00,quebrada_verde,CAMPAIGN_01,22.000000000,24.000000000,2.000000000,0.023013696,0.000000000,0.000000000
QV-C01-003-A0013,QV-C01-003,DS00,quebrada_verde,CAMPAIGN_01,24.000000000,26.000000000,2.000000000,0.021911595,0.000000000,0.000000000
QV-C01-003-A0014,QV-C01-003,DS00,quebrada_verde,CAMPAIGN_01,26.000000000,28.000000000,2.000000000,0.023395299,0.000000000,0.000000000
QV-C01-003-A0015,QV-C01-003,DS00,quebrada_verde,CAMPAIGN_01,28.000000000,30.000000000,2.000000000,0.021131856,0.000000000,0.000000000
QV-C01-003-A0016,QV-C01-003,DS00,quebrada_verde,CAMPAIGN_01,30.000000000,32.000000000,2.000000000,0.021372536,0.000000000,0.000000000
QV-C01-003-A0017,QV-C01-003,DS00,quebrada_verde,CAMPAIGN_01,32.000000000,34.000000000,2.000000000,0.020765857,0.000000000,0.000000000
QV-C01-003-A0018,QV-C01-003,DS00,quebrada_verde,CAMPAIGN_01,34.000000000,36.000000000,2.000000000,0.023418712,0.000000000,0.000000000
QV-C01-003-A0019,QV-C01-003,DS00,quebrada_verde,CAMPAIGN_01,36.000000000,38.000000000,2.000000000,0.027083878,0.000000000,0.000000000
QV-C01-003-A0020,QV-C01-003,DS00,quebrada_verde,CAMPAIGN_01,38.000000000,40.000000000,2.000000000,0.022547708,0.000000000,0.000000000
QV-C01-003-A0021,QV-C01-003,DS00,quebrada_verde,CAMPAIGN_01,40.000000000,42.000000000,2.000000000,0.020183417,0.000000000,0.000000000
QV-C01-003-A0022,QV-C01-003,DS00,quebrada_verde,CAMPAIGN_01,42.000000000,44.000000000,2.000000000,0.023752101,0.000000000,0.000000000
QV-C01-003-A0023,QV-C01-003,DS00,quebrada_verde,CAMPAIGN_01,44.000000000,46.000000000,2.000000000,0.021553779,0.000000000,0.000000000
QV-C01-003-A0024,QV-C01-003,DS00,quebrada_verde,CAMPAIGN_01,46.000000000,48.000000000,2.000000000,0.024809711,0.000000000,0.000000000
QV-C01-003-A0025,QV-C01-003,DS00,quebrada_verde,CAMPAIGN_01,48.000000000,50.000000000,2.000000000,0.026525689,0.000000000,0.000000000
QV-C01-003-A0026,QV-C01-003,DS00,quebrada_verde,CAMPAIGN_01,50.000000000,52.000000000,2.000000000,0.025945246,0.000000000,0.000000000
QV-C01-003-A0027,QV-C01-003,DS00,quebrada_verde,CAMPAIGN_01,52.000000000,54.000000000,2.000000000,0.023251498,0.000000000,0.000000000
QV-C01-003-A0028,QV-C01-003,DS00,quebrada_verde,CAMPAIGN_01,54.000000000,56.000000000,2.000000000,0.020562505,0.000000000,0.000000000
QV-C01-003-A0029,QV-C01-003,DS00,quebrada_verde,CAMPAIGN_01,56.000000000,58.000000000,2.000000000,0.023659803,0.000000000,0.000000000
QV-C01-003-A0030,QV-C01-003,DS00,quebrada_verde,CAMPAIGN_01,58.000000000,60.000000000,2.000000000,0.024633519,0.000000000,0.000000000
QV-C01-003-A0031,QV-C01-003,DS00,quebrada_verde,CAMPAIGN_01,60.000000000,62.000000000,2.000000000,0.022775360,0.000000000,0.000000000
QV-C01-003-A0032,QV-C01-003,DS00,quebrada_verde,CAMPAIGN_01,62.000000000,64.000000000,2.000000000,0.025360410,0.000000000,0.000000000
QV-C01-003-A0033,QV-C01-003,DS00,quebrada_verde,CAMPAIGN_01,64.000000000,66.000000000,2.000000000,0.020987914,0.000000000,0.000000000
QV-C01-003-A0034,QV-C01-003,DS00,quebrada_verde,CAMPAIGN_01,66.000000000,68.000000000,2.000000000,0.021722429,0.000000000,0.000000000
QV-C01-003-A0035,QV-C01-003,DS00,quebrada_verde,CAMPAIGN_01,68.000000000,70.000000000,2.000000000,0.025068526,0.000000000,0.000000000
QV-C01-003-A0036,QV-C01-003,DS00,quebrada_verde,CAMPAIGN_01,70.000000000,72.000000000,2.000000000,0.026020015,0.000000000,0.000000000
QV-C01-003-A0037,QV-C01-003,DS00,quebrada_verde,CAMPAIGN_01,72.000000000,74.000000000,2.000000000,0.024444508,0.000000000,0.000000000
QV-C01-003-A0038,QV-C01-003,DS00,quebrada_verde,CAMPAIGN_01,74.000000000,76.000000000,2.000000000,0.027371040,0.000000000,0.000000000
QV-C01-003-A0039,QV-C01-003,DS00,quebrada_verde,CAMPAIGN_01,76.000000000,78.000000000,2.000000000,0.024162630,0.000000000,0.000000000
QV-C01-003-A0040,QV-C01-003,DS00,quebrada_verde,CAMPAIGN_01,78.000000000,80.000000000,2.000000000,0.025753828,0.000000000,0.000000000
QV-C01-003-A0041,QV-C01-003,DS00,quebrada_verde,CAMPAIGN_01,80.000000000,82.000000000,2.000000000,0.026011456,0.000000000,0.000000000
QV-C01-003-A0042,QV-C01-003,DS00,quebrada_verde,CAMPAIGN_01,82.000000000,84.000000000,2.000000000,0.026591914,0.000000000,0.000000000
QV-C01-003-A0043,QV-C01-003,DS00,quebrada_verde,CAMPAIGN_01,84.000000000,86.000000000,2.000000000,0.026689154,0.000000000,0.000000000
QV-C01-003-A0044,QV-C01-003,DS00,quebrada_verde,CAMPAIGN_01,86.000000000,88.000000000,2.000000000,0.027482728,0.000000000,0.000000000
QV-C01-003-A0045,QV-C01-003,DS00,quebrada_verde,CAMPAIGN_01,88.000000000,90.000000000,2.000000000,0.022584717,0.000000000,0.000000000
QV-C01-003-A0046,QV-C01-003,DS00,quebrada_verde,CAMPAIGN_01,90.000000000,92.000000000,2.000000000,0.027459689,0.000000000,0.000000000
QV-C01-003-A0047,QV-C01-003,DS00,quebrada_verde,CAMPAIGN_01,92.000000000,94.000000000,2.000000000,0.024898504,0.000000000,0.000000000
QV-C01-003-A0048,QV-C01-003,DS00,quebrada_verde,CAMPAIGN_01,94.000000000,96.000000000,2.000000000,0.027415462,0.000000000,0.000000000
QV-C01-003-A0049,QV-C01-003,DS00,quebrada_verde,CAMPAIGN_01,96.000000000,98.000000000,2.000000000,0.028829178,0.000000000,0.000000000
QV-C01-003-A0050,QV-C01-003,DS00,quebrada_verde,CAMPAIGN_01,98.000000000,100.000000000,2.000000000,0.024952742,0.000000000,0.000000000
QV-C01-003-A0051,QV-C01-003,DS00,quebrada_verde,CAMPAIGN_01,100.000000000,102.000000000,2.000000000,0.026692768,0.000000000,0.000000000
QV-C01-003-A0052,QV-C01-003,DS00,quebrada_verde,CAMPAIGN_01,102.000000000,104.000000000,2.000000000,0.030263817,0.000000000,0.000000000
QV-C01-003-A0053,QV-C01-003,DS00,quebrada_verde,CAMPAIGN_01,104.000000000,106.000000000,2.000000000,0.029626376,0.000000000,0.000000000
QV-C01-003-A0054,QV-C01-003,DS00,quebrada_verde,CAMPAIGN_01,106.000000000,108.000000000,2.000000000,0.027780398,0.000000000,0.000000000
QV-C01-003-A0055,QV-C01-003,DS00,quebrada_verde,CAMPAIGN_01,108.000000000,110.000000000,2.000000000,0.029548711,0.000000000,0.000000000
QV-C01-003-A0056,QV-C01-003,DS00,quebrada_verde,CAMPAIGN_01,110.000000000,112.000000000,2.000000000,0.029346847,0.000000000,0.000000000
QV-C01-003-A0057,QV-C01-003,DS00,quebrada_verde,CAMPAIGN_01,112.000000000,114.000000000,2.000000000,0.030178037,0.000000000,0.000000000
QV-C01-003-A0058,QV-C01-003,DS00,quebrada_verde,CAMPAIGN_01,114.000000000,116.000000000,2.000000000,0.031976782,0.000000000,0.000000000
QV-C01-003-A0059,QV-C01-003,DS00,quebrada_verde,CAMPAIGN_01,116.000000000,118.000000000,2.000000000,0.030488705,0.000000000,0.000000000
QV-C01-003-A0060,QV-C01-003,DS00,quebrada_verde,CAMPAIGN_01,118.000000000,120.000000000,2.000000000,0.037659608,0.000000000,0.000000000
QV-C01-003-A0061,QV-C01-003,DS00,quebrada_verde,CAMPAIGN_01,120.000000000,122.000000000,2.000000000,0.029826445,0.000000000,0.000000000
QV-C01-003-A0062,QV-C01-003,DS00,quebrada_verde,CAMPAIGN_01,122.000000000,124.000000000,2.000000000,0.032389098,0.000000000,0.000000000
QV-C01-003-A0063,QV-C01-003,DS00,quebrada_verde,CAMPAIGN_01,124.000000000,126.000000000,2.000000000,0.033110658,0.000000000,0.000000000
QV-C01-003-A0064,QV-C01-003,DS00,quebrada_verde,CAMPAIGN_01,126.000000000,128.000000000,2.000000000,0.032975618,0.000000000,0.000000000
QV-C01-003-A0065,QV-C01-003,DS00,quebrada_verde,CAMPAIGN_01,128.000000000,130.000000000,2.000000000,0.035871572,0.000000000,0.000000000
QV-C01-003-A0066,QV-C01-003,DS00,quebrada_verde,CAMPAIGN_01,130.000000000,132.000000000,2.000000000,0.032705222,0.000000000,0.000000000
QV-C01-003-A0067,QV-C01-003,DS00,quebrada_verde,CAMPAIGN_01,132.000000000,134.000000000,2.000000000,0.034763990,0.000000000,0.000000000
QV-C01-003-A0068,QV-C01-003,DS00,quebrada_verde,CAMPAIGN_01,134.000000000,136.000000000,2.000000000,0.033675421,0.000000000,0.000000000
QV-C01-003-A0069,QV-C01-003,DS00,quebrada_verde,CAMPAIGN_01,136.000000000,138.000000000,2.000000000,0.032497231,0.000000000,0.000000000
QV-C01-003-A0070,QV-C01-003,DS00,quebrada_verde,CAMPAIGN_01,138.000000000,140.000000000,2.000000000,0.034505708,0.000000000,0.000000000
QV-C01-003-A0071,QV-C01-003,DS00,quebrada_verde,CAMPAIGN_01,140.000000000,142.000000000,2.000000000,0.033675116,0.000000000,0.000000000
QV-C01-003-A0072,QV-C01-003,DS00,quebrada_verde,CAMPAIGN_01,142.000000000,144.000000000,2.000000000,0.038682213,0.000000000,0.000000000
QV-C01-003-A0073,QV-C01-003,DS00,quebrada_verde,CAMPAIGN_01,144.000000000,146.000000000,2.000000000,0.040496126,0.000000000,0.000000000
QV-C01-003-A0074,QV-C01-003,DS00,quebrada_verde,CAMPAIGN_01,146.000000000,148.000000000,2.000000000,0.037004983,0.000000000,0.000000000
QV-C01-003-A0075,QV-C01-003,DS00,quebrada_verde,CAMPAIGN_01,148.000000000,150.000000000,2.000000000,0.038382991,0.000000000,0.000000000
QV-C01-003-A0076,QV-C01-003,DS00,quebrada_verde,CAMPAIGN_01,150.000000000,152.000000000,2.000000000,0.036081212,0.000000000,0.000000000
QV-C01-003-A0077,QV-C01-003,DS00,quebrada_verde,CAMPAIGN_01,152.000000000,154.000000000,2.000000000,0.038081606,0.000000000,0.000000000
QV-C01-003-A0078,QV-C01-003,DS00,quebrada_verde,CAMPAIGN_01,154.000000000,156.000000000,2.000000000,0.040609196,0.000000000,0.000000000
QV-C01-003-A0079,QV-C01-003,DS00,quebrada_verde,CAMPAIGN_01,156.000000000,158.000000000,2.000000000,0.040134415,0.000000000,0.000000000
QV-C01-003-A0080,QV-C01-003,DS00,quebrada_verde,CAMPAIGN_01,158.000000000,160.000000000,2.000000000,0.041175558,0.000000000,0.000000000
QV-C01-003-A0081,QV-C01-003,DS00,quebrada_verde,CAMPAIGN_01,160.000000000,162.000000000,2.000000000,0.045157363,0.000000000,0.000000000
QV-C01-003-A0082,QV-C01-003,DS00,quebrada_verde,CAMPAIGN_01,162.000000000,164.000000000,2.000000000,0.044681562,0.000000000,0.000000000
QV-C01-003-A0083,QV-C01-003,DS00,quebrada_verde,CAMPAIGN_01,164.000000000,166.000000000,2.000000000,0.037556402,0.000000000,0.000000000
QV-C01-003-A0084,QV-C01-003,DS00,quebrada_verde,CAMPAIGN_01,166.000000000,168.000000000,2.000000000,0.040561986,0.000000000,0.000000000
QV-C01-003-A0085,QV-C01-003,DS00,quebrada_verde,CAMPAIGN_01,168.000000000,170.000000000,2.000000000,0.044850601,0.000000000,0.000000000
QV-C01-003-A0086,QV-C01-003,DS00,quebrada_verde,CAMPAIGN_01,170.000000000,172.000000000,2.000000000,0.043752063,0.000000000,0.000000000
QV-C01-003-A0087,QV-C01-003,DS00,quebrada_verde,CAMPAIGN_01,172.000000000,174.000000000,2.000000000,0.042696286,0.000000000,0.000000000
QV-C01-003-A0088,QV-C01-003,DS00,quebrada_verde,CAMPAIGN_01,174.000000000,176.000000000,2.000000000,0.043511162,0.000000000,0.000000000
QV-C01-003-A0089,QV-C01-003,DS00,quebrada_verde,CAMPAIGN_01,176.000000000,178.000000000,2.000000000,0.048573444,0.000000000,0.000000000
QV-C01-003-A0090,QV-C01-003,DS00,quebrada_verde,CAMPAIGN_01,178.000000000,180.000000000,2.000000000,0.048562936,0.000000000,0.000000000
QV-C01-003-A0091,QV-C01-003,DS00,quebrada_verde,CAMPAIGN_01,180.000000000,182.000000000,2.000000000,0.046848563,0.000000000,0.000000000
QV-C01-003-A0092,QV-C01-003,DS00,quebrada_verde,CAMPAIGN_01,182.000000000,184.000000000,2.000000000,0.052366108,0.000000000,0.000000000
QV-C01-003-A0093,QV-C01-003,DS00,quebrada_verde,CAMPAIGN_01,184.000000000,186.000000000,2.000000000,0.050130349,0.000000000,0.000000000
QV-C01-003-A0094,QV-C01-003,DS00,quebrada_verde,CAMPAIGN_01,186.000000000,188.000000000,2.000000000,0.049385344,0.000000000,0.000000000
QV-C01-003-A0095,QV-C01-003,DS00,quebrada_verde,CAMPAIGN_01,188.000000000,190.000000000,2.000000000,0.047299304,0.000000000,0.000000000
QV-C01-003-A0096,QV-C01-003,DS00,quebrada_verde,CAMPAIGN_01,190.000000000,192.000000000,2.000000000,0.050914436,0.000000000,0.000000000
QV-C01-003-A0097,QV-C01-003,DS00,quebrada_verde,CAMPAIGN_01,192.000000000,194.000000000,2.000000000,0.050546933,0.000000000,0.000000000
QV-C01-003-A0098,QV-C01-003,DS00,quebrada_verde,CAMPAIGN_01,194.000000000,196.000000000,2.000000000,0.056820375,0.000000000,0.000000000
QV-C01-003-A0099,QV-C01-003,DS00,quebrada_verde,CAMPAIGN_01,196.000000000,198.000000000,2.000000000,0.054972589,0.000000000,0.000000000
QV-C01-003-A0100,QV-C01-003,DS00,quebrada_verde,CAMPAIGN_01,198.000000000,200.000000000,2.000000000,0.057163127,0.000000000,0.000000000
QV-C01-003-A0101,QV-C01-003,DS00,quebrada_verde,CAMPAIGN_01,200.000000000,202.000000000,2.000000000,0.057129962,0.000000000,0.000000000
QV-C01-003-A0102,QV-C01-003,DS00,quebrada_verde,CAMPAIGN_01,202.000000000,204.000000000,2.000000000,0.056172850,0.000000000,0.000000000
QV-C01-003-A0103,QV-C01-003,DS00,quebrada_verde,CAMPAIGN_01,204.000000000,206.000000000,2.000000000,0.055136071,0.000000000,0.000000000
QV-C01-003-A0104,QV-C01-003,DS00,quebrada_verde,CAMPAIGN_01,206.000000000,208.000000000,2.000000000,0.058203685,0.000000000,0.000000000
QV-C01-003-A0105,QV-C01-003,DS00,quebrada_verde,CAMPAIGN_01,208.000000000,210.000000000,2.000000000,0.050315129,0.000000000,0.000000000
QV-C01-003-A0106,QV-C01-003,DS00,quebrada_verde,CAMPAIGN_01,210.000000000,212.000000000,2.000000000,0.060599976,0.000000000,0.000000000
QV-C01-003-A0107,QV-C01-003,DS00,quebrada_verde,CAMPAIGN_01,212.000000000,214.000000000,2.000000000,0.059757185,0.000000000,0.000000000
QV-C01-003-A0108,QV-C01-003,DS00,quebrada_verde,CAMPAIGN_01,214.000000000,216.000000000,2.000000000,0.060248465,0.000000000,0.000000000
QV-C01-003-A0109,QV-C01-003,DS00,quebrada_verde,CAMPAIGN_01,216.000000000,218.000000000,2.000000000,0.057868944,0.000000000,0.000000000
QV-C01-003-A0110,QV-C01-003,DS00,quebrada_verde,CAMPAIGN_01,218.000000000,220.000000000,2.000000000,0.068316854,0.000000000,0.000000000
QV-C01-003-A0111,QV-C01-003,DS00,quebrada_verde,CAMPAIGN_01,220.000000000,222.000000000,2.000000000,0.062400399,0.000000000,0.000000000
QV-C01-003-A0112,QV-C01-003,DS00,quebrada_verde,CAMPAIGN_01,222.000000000,224.000000000,2.000000000,0.062749903,0.000000000,0.000000000
QV-C01-003-A0113,QV-C01-003,DS00,quebrada_verde,CAMPAIGN_01,224.000000000,226.000000000,2.000000000,0.060346974,0.000000000,0.000000000
QV-C01-003-A0114,QV-C01-003,DS00,quebrada_verde,CAMPAIGN_01,226.000000000,228.000000000,2.000000000,0.064667629,0.000000000,0.000000000
QV-C01-003-A0115,QV-C01-003,DS00,quebrada_verde,CAMPAIGN_01,228.000000000,230.000000000,2.000000000,0.068078406,0.000000000,0.000000000
QV-C01-003-A0116,QV-C01-003,DS00,quebrada_verde,CAMPAIGN_01,230.000000000,232.000000000,2.000000000,0.067781073,0.000000000,0.000000000
QV-C01-003-A0117,QV-C01-003,DS00,quebrada_verde,CAMPAIGN_01,232.000000000,234.000000000,2.000000000,0.067602943,0.000000000,0.000000000
QV-C01-003-A0118,QV-C01-003,DS00,quebrada_verde,CAMPAIGN_01,234.000000000,236.000000000,2.000000000,0.068153956,0.000000000,0.000000000
QV-C01-003-A0119,QV-C01-003,DS00,quebrada_verde,CAMPAIGN_01,236.000000000,238.000000000,2.000000000,0.071272719,0.000000000,0.000000000
QV-C01-003-A0120,QV-C01-003,DS00,quebrada_verde,CAMPAIGN_01,238.000000000,240.000000000,2.000000000,0.060841831,0.000000000,0.000000000
QV-C01-003-A0121,QV-C01-003,DS00,quebrada_verde,CAMPAIGN_01,240.000000000,242.000000000,2.000000000,0.067479614,0.000000000,0.000000000
QV-C01-003-A0122,QV-C01-003,DS00,quebrada_verde,CAMPAIGN_01,242.000000000,244.000000000,2.000000000,0.061634023,0.000000000,0.000000000
QV-C01-003-A0123,QV-C01-003,DS00,quebrada_verde,CAMPAIGN_01,244.000000000,246.000000000,2.000000000,0.068863714,0.000000000,0.000000000
QV-C01-003-A0124,QV-C01-003,DS00,quebrada_verde,CAMPAIGN_01,246.000000000,248.000000000,2.000000000,0.070580117,0.000000000,0.000000000
QV-C01-003-A0125,QV-C01-003,DS00,quebrada_verde,CAMPAIGN_01,248.000000000,250.000000000,2.000000000,0.075573294,0.000000000,0.000000000
QV-C01-003-A0126,QV-C01-003,DS00,quebrada_verde,CAMPAIGN_01,250.000000000,252.000000000,2.000000000,0.073676517,0.000000000,0.000000000
QV-C01-003-A0127,QV-C01-003,DS00,quebrada_verde,CAMPAIGN_01,252.000000000,254.000000000,2.000000000,0.074591498,0.000000000,0.000000000
QV-C01-003-A0128,QV-C01-003,DS00,quebrada_verde,CAMPAIGN_01,254.000000000,256.000000000,2.000000000,0.075993738,0.000000000,0.000000000
QV-C01-003-A0129,QV-C01-003,DS00,quebrada_verde,CAMPAIGN_01,256.000000000,258.000000000,2.000000000,0.082928427,0.000000000,0.000000000
QV-C01-003-A0130,QV-C01-003,DS00,quebrada_verde,CAMPAIGN_01,258.000000000,260.000000000,2.000000000,0.078633936,0.000000000,0.000000000
QV-C01-003-A0131,QV-C01-003,DS00,quebrada_verde,CAMPAIGN_01,260.000000000,262.000000000,2.000000000,0.076874157,0.000000000,0.000000000
QV-C01-003-A0132,QV-C01-003,DS00,quebrada_verde,CAMPAIGN_01,262.000000000,264.000000000,2.000000000,0.077456842,0.000000000,0.000000000
QV-C01-003-A0133,QV-C01-003,DS00,quebrada_verde,CAMPAIGN_01,264.000000000,266.000000000,2.000000000,0.072329266,0.000000000,0.000000000
QV-C01-003-A0134,QV-C01-003,DS00,quebrada_verde,CAMPAIGN_01,266.000000000,268.000000000,2.000000000,0.082490094,0.000000000,0.000000000
QV-C01-003-A0135,QV-C01-003,DS00,quebrada_verde,CAMPAIGN_01,268.000000000,270.000000000,2.000000000,0.080480343,0.000000000,0.000000000
QV-C01-003-A0136,QV-C01-003,DS00,quebrada_verde,CAMPAIGN_01,270.000000000,272.000000000,2.000000000,0.084108553,0.000000000,0.000000000
QV-C01-003-A0137,QV-C01-003,DS00,quebrada_verde,CAMPAIGN_01,272.000000000,274.000000000,2.000000000,0.075286562,0.000000000,0.000000000
QV-C01-003-A0138,QV-C01-003,DS00,quebrada_verde,CAMPAIGN_01,274.000000000,276.000000000,2.000000000,0.083558005,0.000000000,0.000000000
QV-C01-003-A0139,QV-C01-003,DS00,quebrada_verde,CAMPAIGN_01,276.000000000,278.000000000,2.000000000,0.087674094,0.000000000,0.000000000
QV-C01-003-A0140,QV-C01-003,DS00,quebrada_verde,CAMPAIGN_01,278.000000000,280.000000000,2.000000000,0.088407874,0.000000000,0.000000000
QV-C01-003-A0141,QV-C01-003,DS00,quebrada_verde,CAMPAIGN_01,280.000000000,282.000000000,2.000000000,0.089102800,0.000000000,0.000000000
QV-C01-003-A0142,QV-C01-003,DS00,quebrada_verde,CAMPAIGN_01,282.000000000,284.000000000,2.000000000,0.089254931,0.000000000,0.000000000
QV-C01-003-A0143,QV-C01-003,DS00,quebrada_verde,CAMPAIGN_01,284.000000000,286.000000000,2.000000000,0.088407219,0.000000000,0.000000000
QV-C01-003-A0144,QV-C01-003,DS00,quebrada_verde,CAMPAIGN_01,286.000000000,288.000000000,2.000000000,0.095574897,0.000000000,0.000000000
QV-C01-003-A0145,QV-C01-003,DS00,quebrada_verde,CAMPAIGN_01,288.000000000,290.000000000,2.000000000,0.088578991,0.000000000,0.000000000
QV-C01-003-A0146,QV-C01-003,DS00,quebrada_verde,CAMPAIGN_01,290.000000000,292.000000000,2.000000000,0.089147845,0.000000000,0.000000000
QV-C01-003-A0147,QV-C01-003,DS00,quebrada_verde,CAMPAIGN_01,292.000000000,294.000000000,2.000000000,0.088046892,0.000000000,0.000000000
QV-C01-003-A0148,QV-C01-003,DS00,quebrada_verde,CAMPAIGN_01,294.000000000,296.000000000,2.000000000,0.092214415,0.000000000,0.000000000
QV-C01-003-A0149,QV-C01-003,DS00,quebrada_verde,CAMPAIGN_01,296.000000000,298.000000000,2.000000000,0.091024006,0.000000000,0.000000000
QV-C01-003-A0150,QV-C01-003,DS00,quebrada_verde,CAMPAIGN_01,298.000000000,300.000000000,2.000000000,0.092547573,0.000000000,0.000000000
QV-C01-003-A0151,QV-C01-003,DS00,quebrada_verde,CAMPAIGN_01,300.000000000,302.000000000,2.000000000,0.089887020,0.000000000,0.000000000
QV-C01-003-A0152,QV-C01-003,DS00,quebrada_verde,CAMPAIGN_01,302.000000000,304.000000000,2.000000000,0.087275589,0.000000000,0.000000000
QV-C01-003-A0153,QV-C01-003,DS00,quebrada_verde,CAMPAIGN_01,304.000000000,306.000000000,2.000000000,0.093208345,0.000000000,0.000000000
QV-C01-003-A0154,QV-C01-003,DS00,quebrada_verde,CAMPAIGN_01,306.000000000,308.000000000,2.000000000,0.091742670,0.000000000,0.000000000
QV-C01-003-A0155,QV-C01-003,DS00,quebrada_verde,CAMPAIGN_01,308.000000000,310.000000000,2.000000000,0.079711925,0.000000000,0.000000000
QV-C01-003-A0156,QV-C01-003,DS00,quebrada_verde,CAMPAIGN_01,310.000000000,312.000000000,2.000000000,0.088854030,0.000000000,0.000000000
QV-C01-003-A0157,QV-C01-003,DS00,quebrada_verde,CAMPAIGN_01,312.000000000,314.000000000,2.000000000,0.082247087,0.000000000,0.000000000
QV-C01-003-A0158,QV-C01-003,DS00,quebrada_verde,CAMPAIGN_01,314.000000000,316.000000000,2.000000000,0.090121112,0.000000000,0.000000000
QV-C01-003-A0159,QV-C01-003,DS00,quebrada_verde,CAMPAIGN_01,316.000000000,318.000000000,2.000000000,0.091704544,0.000000000,0.000000000
QV-C01-003-A0160,QV-C01-003,DS00,quebrada_verde,CAMPAIGN_01,318.000000000,320.000000000,2.000000000,0.086647856,0.000000000,0.000000000
QV-C01-003-A0161,QV-C01-003,DS00,quebrada_verde,CAMPAIGN_01,320.000000000,322.000000000,2.000000000,0.088605917,0.000000000,0.000000000
QV-C01-003-A0162,QV-C01-003,DS00,quebrada_verde,CAMPAIGN_01,322.000000000,324.000000000,2.000000000,0.087102689,0.000000000,0.000000000
QV-C01-003-A0163,QV-C01-003,DS00,quebrada_verde,CAMPAIGN_01,324.000000000,326.000000000,2.000000000,0.091454758,0.000000000,0.000000000
QV-C01-003-A0164,QV-C01-003,DS00,quebrada_verde,CAMPAIGN_01,326.000000000,328.000000000,2.000000000,0.089459382,0.000000000,0.000000000
QV-C01-003-A0165,QV-C01-003,DS00,quebrada_verde,CAMPAIGN_01,328.000000000,330.000000000,2.000000000,0.091498836,0.000000000,0.000000000
QV-C01-003-A0166,QV-C01-003,DS00,quebrada_verde,CAMPAIGN_01,330.000000000,332.000000000,2.000000000,0.090930794,0.000000000,0.000000000
QV-C01-003-A0167,QV-C01-003,DS00,quebrada_verde,CAMPAIGN_01,332.000000000,334.000000000,2.000000000,0.091563056,0.000000000,0.000000000
QV-C01-003-A0168,QV-C01-003,DS00,quebrada_verde,CAMPAIGN_01,334.000000000,336.000000000,2.000000000,0.095112155,0.000000000,0.000000000
QV-C01-003-A0169,QV-C01-003,DS00,quebrada_verde,CAMPAIGN_01,336.000000000,338.000000000,2.000000000,0.093006857,0.000000000,0.000000000
QV-C01-003-A0170,QV-C01-003,DS00,quebrada_verde,CAMPAIGN_01,338.000000000,340.000000000,2.000000000,0.093820225,0.000000000,0.000000000
QV-C01-003-A0171,QV-C01-003,DS00,quebrada_verde,CAMPAIGN_01,340.000000000,342.000000000,2.000000000,0.086533429,0.000000000,0.000000000
QV-C01-003-A0172,QV-C01-003,DS00,quebrada_verde,CAMPAIGN_01,342.000000000,344.000000000,2.000000000,0.085848703,0.000000000,0.000000000
QV-C01-003-A0173,QV-C01-003,DS00,quebrada_verde,CAMPAIGN_01,344.000000000,346.000000000,2.000000000,0.084663089,0.000000000,0.000000000
QV-C01-003-A0174,QV-C01-003,DS00,quebrada_verde,CAMPAIGN_01,346.000000000,348.000000000,2.000000000,0.086043533,0.000000000,0.000000000
QV-C01-003-A0175,QV-C01-003,DS00,quebrada_verde,CAMPAIGN_01,348.000000000,350.000000000,2.000000000,0.092346309,0.000000000,0.000000000
QV-C01-003-A0176,QV-C01-003,DS00,quebrada_verde,CAMPAIGN_01,350.000000000,352.000000000,2.000000000,0.086399203,0.000000000,0.000000000
QV-C01-003-A0177,QV-C01-003,DS00,quebrada_verde,CAMPAIGN_01,352.000000000,354.000000000,2.000000000,0.091707886,0.000000000,0.000000000
QV-C01-003-A0178,QV-C01-003,DS00,quebrada_verde,CAMPAIGN_01,354.000000000,356.000000000,2.000000000,0.093963177,0.000000000,0.000000000
QV-C01-003-A0179,QV-C01-003,DS00,quebrada_verde,CAMPAIGN_01,356.000000000,358.000000000,2.000000000,0.093244823,0.000000000,0.000000000
QV-C01-003-A0180,QV-C01-003,DS00,quebrada_verde,CAMPAIGN_01,358.000000000,360.000000000,2.000000000,0.090762435,0.000000000,0.000000000
QV-C01-003-A0181,QV-C01-003,DS00,quebrada_verde,CAMPAIGN_01,360.000000000,362.000000000,2.000000000,0.087179818,0.000000000,0.000000000
QV-C01-003-A0182,QV-C01-003,DS00,quebrada_verde,CAMPAIGN_01,362.000000000,364.000000000,2.000000000,0.090635014,0.000000000,0.000000000
QV-C01-003-A0183,QV-C01-003,DS00,quebrada_verde,CAMPAIGN_01,364.000000000,366.000000000,2.000000000,0.090609284,0.000000000,0.000000000
QV-C01-003-A0184,QV-C01-003,DS00,quebrada_verde,CAMPAIGN_01,366.000000000,368.000000000,2.000000000,0.086449626,0.000000000,0.000000000
QV-C01-003-A0185,QV-C01-003,DS00,quebrada_verde,CAMPAIGN_01,368.000000000,370.000000000,2.000000000,0.088381327,0.000000000,0.000000000
QV-C01-003-A0186,QV-C01-003,DS00,quebrada_verde,CAMPAIGN_01,370.000000000,371.052234362,1.052234362,0.087528651,0.000000000,0.000000000
QV-C01-004-A0001,QV-C01-004,DS00,quebrada_verde,CAMPAIGN_01,0.000000000,2.000000000,2.000000000,0.019383263,0.000000000,0.000000000
QV-C01-004-A0002,QV-C01-004,DS00,quebrada_verde,CAMPAIGN_01,2.000000000,4.000000000,2.000000000,0.017532156,0.000000000,0.000000000
QV-C01-004-A0003,QV-C01-004,DS00,quebrada_verde,CAMPAIGN_01,4.000000000,6.000000000,2.000000000,0.018373232,0.000000000,0.000000000
QV-C01-004-A0004,QV-C01-004,DS00,quebrada_verde,CAMPAIGN_01,6.000000000,8.000000000,2.000000000,0.022434899,0.000000000,0.000000000
QV-C01-004-A0005,QV-C01-004,DS00,quebrada_verde,CAMPAIGN_01,8.000000000,10.000000000,2.000000000,0.020297152,0.000000000,0.000000000
QV-C01-004-A0006,QV-C01-004,DS00,quebrada_verde,CAMPAIGN_01,10.000000000,12.000000000,2.000000000,0.019211484,0.000000000,0.000000000
QV-C01-004-A0007,QV-C01-004,DS00,quebrada_verde,CAMPAIGN_01,12.000000000,14.000000000,2.000000000,0.023759350,0.000000000,0.000000000
QV-C01-004-A0008,QV-C01-004,DS00,quebrada_verde,CAMPAIGN_01,14.000000000,16.000000000,2.000000000,0.020550599,0.000000000,0.000000000
QV-C01-004-A0009,QV-C01-004,DS00,quebrada_verde,CAMPAIGN_01,16.000000000,18.000000000,2.000000000,0.019421502,0.000000000,0.000000000
QV-C01-004-A0010,QV-C01-004,DS00,quebrada_verde,CAMPAIGN_01,18.000000000,20.000000000,2.000000000,0.018876439,0.000000000,0.000000000
QV-C01-004-A0011,QV-C01-004,DS00,quebrada_verde,CAMPAIGN_01,20.000000000,22.000000000,2.000000000,0.021523368,0.000000000,0.000000000
QV-C01-004-A0012,QV-C01-004,DS00,quebrada_verde,CAMPAIGN_01,22.000000000,24.000000000,2.000000000,0.020568565,0.000000000,0.000000000
QV-C01-004-A0013,QV-C01-004,DS00,quebrada_verde,CAMPAIGN_01,24.000000000,26.000000000,2.000000000,0.016179416,0.000000000,0.000000000
QV-C01-004-A0014,QV-C01-004,DS00,quebrada_verde,CAMPAIGN_01,26.000000000,28.000000000,2.000000000,0.015311694,0.000000000,0.000000000
QV-C01-004-A0015,QV-C01-004,DS00,quebrada_verde,CAMPAIGN_01,28.000000000,30.000000000,2.000000000,0.020701147,0.000000000,0.000000000
QV-C01-004-A0016,QV-C01-004,DS00,quebrada_verde,CAMPAIGN_01,30.000000000,32.000000000,2.000000000,0.019349757,0.000000000,0.000000000
QV-C01-004-A0017,QV-C01-004,DS00,quebrada_verde,CAMPAIGN_01,32.000000000,34.000000000,2.000000000,0.018506073,0.000000000,0.000000000
QV-C01-004-A0018,QV-C01-004,DS00,quebrada_verde,CAMPAIGN_01,34.000000000,36.000000000,2.000000000,0.019847119,0.000000000,0.000000000
QV-C01-004-A0019,QV-C01-004,DS00,quebrada_verde,CAMPAIGN_01,36.000000000,38.000000000,2.000000000,0.020526709,0.000000000,0.000000000
QV-C01-004-A0020,QV-C01-004,DS00,quebrada_verde,CAMPAIGN_01,38.000000000,40.000000000,2.000000000,0.023617050,0.000000000,0.000000000
QV-C01-004-A0021,QV-C01-004,DS00,quebrada_verde,CAMPAIGN_01,40.000000000,42.000000000,2.000000000,0.019263763,0.000000000,0.000000000
QV-C01-004-A0022,QV-C01-004,DS00,quebrada_verde,CAMPAIGN_01,42.000000000,44.000000000,2.000000000,0.016565219,0.000000000,0.000000000
QV-C01-004-A0023,QV-C01-004,DS00,quebrada_verde,CAMPAIGN_01,44.000000000,46.000000000,2.000000000,0.020844745,0.000000000,0.000000000
QV-C01-004-A0024,QV-C01-004,DS00,quebrada_verde,CAMPAIGN_01,46.000000000,48.000000000,2.000000000,0.021209771,0.000000000,0.000000000
QV-C01-004-A0025,QV-C01-004,DS00,quebrada_verde,CAMPAIGN_01,48.000000000,50.000000000,2.000000000,0.020956498,0.000000000,0.000000000
QV-C01-004-A0026,QV-C01-004,DS00,quebrada_verde,CAMPAIGN_01,50.000000000,52.000000000,2.000000000,0.021291452,0.000000000,0.000000000
QV-C01-004-A0027,QV-C01-004,DS00,quebrada_verde,CAMPAIGN_01,52.000000000,54.000000000,2.000000000,0.016649186,0.000000000,0.000000000
QV-C01-004-A0028,QV-C01-004,DS00,quebrada_verde,CAMPAIGN_01,54.000000000,56.000000000,2.000000000,0.016872371,0.000000000,0.000000000
QV-C01-004-A0029,QV-C01-004,DS00,quebrada_verde,CAMPAIGN_01,56.000000000,58.000000000,2.000000000,0.021281454,0.000000000,0.000000000
QV-C01-004-A0030,QV-C01-004,DS00,quebrada_verde,CAMPAIGN_01,58.000000000,60.000000000,2.000000000,0.018839251,0.000000000,0.000000000
QV-C01-004-A0031,QV-C01-004,DS00,quebrada_verde,CAMPAIGN_01,60.000000000,62.000000000,2.000000000,0.018937974,0.000000000,0.000000000
QV-C01-004-A0032,QV-C01-004,DS00,quebrada_verde,CAMPAIGN_01,62.000000000,64.000000000,2.000000000,0.020291501,0.000000000,0.000000000
QV-C01-004-A0033,QV-C01-004,DS00,quebrada_verde,CAMPAIGN_01,64.000000000,66.000000000,2.000000000,0.020383266,0.000000000,0.000000000
QV-C01-004-A0034,QV-C01-004,DS00,quebrada_verde,CAMPAIGN_01,66.000000000,68.000000000,2.000000000,0.021695418,0.000000000,0.000000000
QV-C01-004-A0035,QV-C01-004,DS00,quebrada_verde,CAMPAIGN_01,68.000000000,70.000000000,2.000000000,0.018411708,0.000000000,0.000000000
QV-C01-004-A0036,QV-C01-004,DS00,quebrada_verde,CAMPAIGN_01,70.000000000,72.000000000,2.000000000,0.022132618,0.000000000,0.000000000
QV-C01-004-A0037,QV-C01-004,DS00,quebrada_verde,CAMPAIGN_01,72.000000000,74.000000000,2.000000000,0.017164415,0.000000000,0.000000000
QV-C01-004-A0038,QV-C01-004,DS00,quebrada_verde,CAMPAIGN_01,74.000000000,76.000000000,2.000000000,0.021927122,0.000000000,0.000000000
QV-C01-004-A0039,QV-C01-004,DS00,quebrada_verde,CAMPAIGN_01,76.000000000,78.000000000,2.000000000,0.021509120,0.000000000,0.000000000
QV-C01-004-A0040,QV-C01-004,DS00,quebrada_verde,CAMPAIGN_01,78.000000000,80.000000000,2.000000000,0.019295264,0.000000000,0.000000000
QV-C01-004-A0041,QV-C01-004,DS00,quebrada_verde,CAMPAIGN_01,80.000000000,82.000000000,2.000000000,0.020784771,0.000000000,0.000000000
QV-C01-004-A0042,QV-C01-004,DS00,quebrada_verde,CAMPAIGN_01,82.000000000,84.000000000,2.000000000,0.019151634,0.000000000,0.000000000
QV-C01-004-A0043,QV-C01-004,DS00,quebrada_verde,CAMPAIGN_01,84.000000000,86.000000000,2.000000000,0.022248217,0.000000000,0.000000000
QV-C01-004-A0044,QV-C01-004,DS00,quebrada_verde,CAMPAIGN_01,86.000000000,88.000000000,2.000000000,0.018291066,0.000000000,0.000000000
QV-C01-004-A0045,QV-C01-004,DS00,quebrada_verde,CAMPAIGN_01,88.000000000,90.000000000,2.000000000,0.018300635,0.000000000,0.000000000
QV-C01-004-A0046,QV-C01-004,DS00,quebrada_verde,CAMPAIGN_01,90.000000000,92.000000000,2.000000000,0.020904711,0.000000000,0.000000000
QV-C01-004-A0047,QV-C01-004,DS00,quebrada_verde,CAMPAIGN_01,92.000000000,94.000000000,2.000000000,0.020900466,0.000000000,0.000000000
QV-C01-004-A0048,QV-C01-004,DS00,quebrada_verde,CAMPAIGN_01,94.000000000,96.000000000,2.000000000,0.019956684,0.000000000,0.000000000
QV-C01-004-A0049,QV-C01-004,DS00,quebrada_verde,CAMPAIGN_01,96.000000000,98.000000000,2.000000000,0.022420517,0.000000000,0.000000000
QV-C01-004-A0050,QV-C01-004,DS00,quebrada_verde,CAMPAIGN_01,98.000000000,100.000000000,2.000000000,0.019280149,0.000000000,0.000000000
QV-C01-004-A0051,QV-C01-004,DS00,quebrada_verde,CAMPAIGN_01,100.000000000,102.000000000,2.000000000,0.022093454,0.000000000,0.000000000
QV-C01-004-A0052,QV-C01-004,DS00,quebrada_verde,CAMPAIGN_01,102.000000000,104.000000000,2.000000000,0.023299136,0.000000000,0.000000000
QV-C01-004-A0053,QV-C01-004,DS00,quebrada_verde,CAMPAIGN_01,104.000000000,106.000000000,2.000000000,0.019069917,0.000000000,0.000000000
QV-C01-004-A0054,QV-C01-004,DS00,quebrada_verde,CAMPAIGN_01,106.000000000,108.000000000,2.000000000,0.018646881,0.000000000,0.000000000
QV-C01-004-A0055,QV-C01-004,DS00,quebrada_verde,CAMPAIGN_01,108.000000000,110.000000000,2.000000000,0.020208901,0.000000000,0.000000000
QV-C01-004-A0056,QV-C01-004,DS00,quebrada_verde,CAMPAIGN_01,110.000000000,112.000000000,2.000000000,0.019997704,0.000000000,0.000000000
QV-C01-004-A0057,QV-C01-004,DS00,quebrada_verde,CAMPAIGN_01,112.000000000,114.000000000,2.000000000,0.023244506,0.000000000,0.000000000
QV-C01-004-A0058,QV-C01-004,DS00,quebrada_verde,CAMPAIGN_01,114.000000000,116.000000000,2.000000000,0.021239758,0.000000000,0.000000000
QV-C01-004-A0059,QV-C01-004,DS00,quebrada_verde,CAMPAIGN_01,116.000000000,118.000000000,2.000000000,0.017764716,0.000000000,0.000000000
QV-C01-004-A0060,QV-C01-004,DS00,quebrada_verde,CAMPAIGN_01,118.000000000,120.000000000,2.000000000,0.020542537,0.000000000,0.000000000
QV-C01-004-A0061,QV-C01-004,DS00,quebrada_verde,CAMPAIGN_01,120.000000000,122.000000000,2.000000000,0.019590373,0.000000000,0.000000000
QV-C01-004-A0062,QV-C01-004,DS00,quebrada_verde,CAMPAIGN_01,122.000000000,124.000000000,2.000000000,0.019824872,0.000000000,0.000000000
QV-C01-004-A0063,QV-C01-004,DS00,quebrada_verde,CAMPAIGN_01,124.000000000,126.000000000,2.000000000,0.022790811,0.000000000,0.000000000
QV-C01-004-A0064,QV-C01-004,DS00,quebrada_verde,CAMPAIGN_01,126.000000000,128.000000000,2.000000000,0.022241956,0.000000000,0.000000000
QV-C01-004-A0065,QV-C01-004,DS00,quebrada_verde,CAMPAIGN_01,128.000000000,130.000000000,2.000000000,0.020087319,0.000000000,0.000000000
QV-C01-004-A0066,QV-C01-004,DS00,quebrada_verde,CAMPAIGN_01,130.000000000,132.000000000,2.000000000,0.022107011,0.000000000,0.000000000
QV-C01-004-A0067,QV-C01-004,DS00,quebrada_verde,CAMPAIGN_01,132.000000000,134.000000000,2.000000000,0.019927731,0.000000000,0.000000000
QV-C01-004-A0068,QV-C01-004,DS00,quebrada_verde,CAMPAIGN_01,134.000000000,136.000000000,2.000000000,0.021318846,0.000000000,0.000000000
QV-C01-004-A0069,QV-C01-004,DS00,quebrada_verde,CAMPAIGN_01,136.000000000,138.000000000,2.000000000,0.021058178,0.000000000,0.000000000
QV-C01-004-A0070,QV-C01-004,DS00,quebrada_verde,CAMPAIGN_01,138.000000000,140.000000000,2.000000000,0.020194323,0.000000000,0.000000000
QV-C01-004-A0071,QV-C01-004,DS00,quebrada_verde,CAMPAIGN_01,140.000000000,142.000000000,2.000000000,0.021033258,0.000000000,0.000000000
QV-C01-004-A0072,QV-C01-004,DS00,quebrada_verde,CAMPAIGN_01,142.000000000,144.000000000,2.000000000,0.021120770,0.000000000,0.000000000
QV-C01-004-A0073,QV-C01-004,DS00,quebrada_verde,CAMPAIGN_01,144.000000000,146.000000000,2.000000000,0.016119781,0.000000000,0.000000000
QV-C01-004-A0074,QV-C01-004,DS00,quebrada_verde,CAMPAIGN_01,146.000000000,148.000000000,2.000000000,0.016303131,0.000000000,0.000000000
QV-C01-004-A0075,QV-C01-004,DS00,quebrada_verde,CAMPAIGN_01,148.000000000,150.000000000,2.000000000,0.021280481,0.000000000,0.000000000
QV-C01-004-A0076,QV-C01-004,DS00,quebrada_verde,CAMPAIGN_01,150.000000000,152.000000000,2.000000000,0.019698147,0.000000000,0.000000000
QV-C01-004-A0077,QV-C01-004,DS00,quebrada_verde,CAMPAIGN_01,152.000000000,154.000000000,2.000000000,0.020502002,0.000000000,0.000000000
QV-C01-004-A0078,QV-C01-004,DS00,quebrada_verde,CAMPAIGN_01,154.000000000,156.000000000,2.000000000,0.019839825,0.000000000,0.000000000
QV-C01-004-A0079,QV-C01-004,DS00,quebrada_verde,CAMPAIGN_01,156.000000000,158.000000000,2.000000000,0.021038120,0.000000000,0.000000000
QV-C01-004-A0080,QV-C01-004,DS00,quebrada_verde,CAMPAIGN_01,158.000000000,160.000000000,2.000000000,0.020880284,0.000000000,0.000000000
QV-C01-004-A0081,QV-C01-004,DS00,quebrada_verde,CAMPAIGN_01,160.000000000,162.000000000,2.000000000,0.020936439,0.000000000,0.000000000
QV-C01-004-A0082,QV-C01-004,DS00,quebrada_verde,CAMPAIGN_01,162.000000000,164.000000000,2.000000000,0.021218884,0.000000000,0.000000000
QV-C01-004-A0083,QV-C01-004,DS00,quebrada_verde,CAMPAIGN_01,164.000000000,166.000000000,2.000000000,0.022406003,0.000000000,0.000000000
QV-C01-004-A0084,QV-C01-004,DS00,quebrada_verde,CAMPAIGN_01,166.000000000,168.000000000,2.000000000,0.023184755,0.000000000,0.000000000
QV-C01-004-A0085,QV-C01-004,DS00,quebrada_verde,CAMPAIGN_01,168.000000000,170.000000000,2.000000000,0.018831887,0.000000000,0.000000000
QV-C01-004-A0086,QV-C01-004,DS00,quebrada_verde,CAMPAIGN_01,170.000000000,172.000000000,2.000000000,0.020717870,0.000000000,0.000000000
QV-C01-004-A0087,QV-C01-004,DS00,quebrada_verde,CAMPAIGN_01,172.000000000,174.000000000,2.000000000,0.022231904,0.000000000,0.000000000
QV-C01-004-A0088,QV-C01-004,DS00,quebrada_verde,CAMPAIGN_01,174.000000000,176.000000000,2.000000000,0.022496224,0.000000000,0.000000000
QV-C01-004-A0089,QV-C01-004,DS00,quebrada_verde,CAMPAIGN_01,176.000000000,178.000000000,2.000000000,0.019256057,0.000000000,0.000000000
QV-C01-004-A0090,QV-C01-004,DS00,quebrada_verde,CAMPAIGN_01,178.000000000,180.000000000,2.000000000,0.023126651,0.000000000,0.000000000
QV-C01-004-A0091,QV-C01-004,DS00,quebrada_verde,CAMPAIGN_01,180.000000000,182.000000000,2.000000000,0.024586727,0.000000000,0.000000000
QV-C01-004-A0092,QV-C01-004,DS00,quebrada_verde,CAMPAIGN_01,182.000000000,184.000000000,2.000000000,0.020027856,0.000000000,0.000000000
QV-C01-004-A0093,QV-C01-004,DS00,quebrada_verde,CAMPAIGN_01,184.000000000,186.000000000,2.000000000,0.022736648,0.000000000,0.000000000
QV-C01-004-A0094,QV-C01-004,DS00,quebrada_verde,CAMPAIGN_01,186.000000000,188.000000000,2.000000000,0.023467020,0.000000000,0.000000000
QV-C01-004-A0095,QV-C01-004,DS00,quebrada_verde,CAMPAIGN_01,188.000000000,190.000000000,2.000000000,0.023108947,0.000000000,0.000000000
QV-C01-004-A0096,QV-C01-004,DS00,quebrada_verde,CAMPAIGN_01,190.000000000,192.000000000,2.000000000,0.021709380,0.000000000,0.000000000
QV-C01-004-A0097,QV-C01-004,DS00,quebrada_verde,CAMPAIGN_01,192.000000000,194.000000000,2.000000000,0.022152075,0.000000000,0.000000000
QV-C01-004-A0098,QV-C01-004,DS00,quebrada_verde,CAMPAIGN_01,194.000000000,196.000000000,2.000000000,0.021352402,0.000000000,0.000000000
QV-C01-004-A0099,QV-C01-004,DS00,quebrada_verde,CAMPAIGN_01,196.000000000,198.000000000,2.000000000,0.021669004,0.000000000,0.000000000
QV-C01-004-A0100,QV-C01-004,DS00,quebrada_verde,CAMPAIGN_01,198.000000000,200.000000000,2.000000000,0.026301458,0.000000000,0.000000000
QV-C01-004-A0101,QV-C01-004,DS00,quebrada_verde,CAMPAIGN_01,200.000000000,202.000000000,2.000000000,0.019407274,0.000000000,0.000000000
QV-C01-004-A0102,QV-C01-004,DS00,quebrada_verde,CAMPAIGN_01,202.000000000,204.000000000,2.000000000,0.022286898,0.000000000,0.000000000
QV-C01-004-A0103,QV-C01-004,DS00,quebrada_verde,CAMPAIGN_01,204.000000000,206.000000000,2.000000000,0.024502767,0.000000000,0.000000000
QV-C01-004-A0104,QV-C01-004,DS00,quebrada_verde,CAMPAIGN_01,206.000000000,208.000000000,2.000000000,0.021987289,0.000000000,0.000000000
QV-C01-004-A0105,QV-C01-004,DS00,quebrada_verde,CAMPAIGN_01,208.000000000,210.000000000,2.000000000,0.022457948,0.000000000,0.000000000
QV-C01-004-A0106,QV-C01-004,DS00,quebrada_verde,CAMPAIGN_01,210.000000000,212.000000000,2.000000000,0.023205681,0.000000000,0.000000000
QV-C01-004-A0107,QV-C01-004,DS00,quebrada_verde,CAMPAIGN_01,212.000000000,214.000000000,2.000000000,0.024147007,0.000000000,0.000000000
QV-C01-004-A0108,QV-C01-004,DS00,quebrada_verde,CAMPAIGN_01,214.000000000,216.000000000,2.000000000,0.021376922,0.000000000,0.000000000
QV-C01-004-A0109,QV-C01-004,DS00,quebrada_verde,CAMPAIGN_01,216.000000000,218.000000000,2.000000000,0.022466168,0.000000000,0.000000000
QV-C01-004-A0110,QV-C01-004,DS00,quebrada_verde,CAMPAIGN_01,218.000000000,220.000000000,2.000000000,0.019984397,0.000000000,0.000000000
QV-C01-004-A0111,QV-C01-004,DS00,quebrada_verde,CAMPAIGN_01,220.000000000,222.000000000,2.000000000,0.021538265,0.000000000,0.000000000
QV-C01-004-A0112,QV-C01-004,DS00,quebrada_verde,CAMPAIGN_01,222.000000000,224.000000000,2.000000000,0.020199135,0.000000000,0.000000000
QV-C01-004-A0113,QV-C01-004,DS00,quebrada_verde,CAMPAIGN_01,224.000000000,226.000000000,2.000000000,0.020138110,0.000000000,0.000000000
QV-C01-004-A0114,QV-C01-004,DS00,quebrada_verde,CAMPAIGN_01,226.000000000,228.000000000,2.000000000,0.022948938,0.000000000,0.000000000
QV-C01-004-A0115,QV-C01-004,DS00,quebrada_verde,CAMPAIGN_01,228.000000000,230.000000000,2.000000000,0.023658440,0.000000000,0.000000000
QV-C01-004-A0116,QV-C01-004,DS00,quebrada_verde,CAMPAIGN_01,230.000000000,232.000000000,2.000000000,0.022174171,0.000000000,0.000000000
QV-C01-004-A0117,QV-C01-004,DS00,quebrada_verde,CAMPAIGN_01,232.000000000,234.000000000,2.000000000,0.025023788,0.000000000,0.000000000
QV-C01-004-A0118,QV-C01-004,DS00,quebrada_verde,CAMPAIGN_01,234.000000000,236.000000000,2.000000000,0.020693810,0.000000000,0.000000000
QV-C01-004-A0119,QV-C01-004,DS00,quebrada_verde,CAMPAIGN_01,236.000000000,238.000000000,2.000000000,0.020481059,0.000000000,0.000000000
QV-C01-004-A0120,QV-C01-004,DS00,quebrada_verde,CAMPAIGN_01,238.000000000,240.000000000,2.000000000,0.024036800,0.000000000,0.000000000
QV-C01-004-A0121,QV-C01-004,DS00,quebrada_verde,CAMPAIGN_01,240.000000000,242.000000000,2.000000000,0.025436647,0.000000000,0.000000000
QV-C01-004-A0122,QV-C01-004,DS00,quebrada_verde,CAMPAIGN_01,242.000000000,244.000000000,2.000000000,0.022041300,0.000000000,0.000000000
QV-C01-004-A0123,QV-C01-004,DS00,quebrada_verde,CAMPAIGN_01,244.000000000,246.000000000,2.000000000,0.023673099,0.000000000,0.000000000
QV-C01-004-A0124,QV-C01-004,DS00,quebrada_verde,CAMPAIGN_01,246.000000000,248.000000000,2.000000000,0.023553124,0.000000000,0.000000000
QV-C01-004-A0125,QV-C01-004,DS00,quebrada_verde,CAMPAIGN_01,248.000000000,250.000000000,2.000000000,0.023117227,0.000000000,0.000000000
QV-C01-004-A0126,QV-C01-004,DS00,quebrada_verde,CAMPAIGN_01,250.000000000,252.000000000,2.000000000,0.022572919,0.000000000,0.000000000
QV-C01-004-A0127,QV-C01-004,DS00,quebrada_verde,CAMPAIGN_01,252.000000000,254.000000000,2.000000000,0.024257954,0.000000000,0.000000000
QV-C01-004-A0128,QV-C01-004,DS00,quebrada_verde,CAMPAIGN_01,254.000000000,256.000000000,2.000000000,0.025438766,0.000000000,0.000000000
QV-C01-004-A0129,QV-C01-004,DS00,quebrada_verde,CAMPAIGN_01,256.000000000,258.000000000,2.000000000,0.023202892,0.000000000,0.000000000
QV-C01-004-A0130,QV-C01-004,DS00,quebrada_verde,CAMPAIGN_01,258.000000000,260.000000000,2.000000000,0.023516495,0.000000000,0.000000000
QV-C01-004-A0131,QV-C01-004,DS00,quebrada_verde,CAMPAIGN_01,260.000000000,262.000000000,2.000000000,0.023218514,0.000000000,0.000000000
QV-C01-004-A0132,QV-C01-004,DS00,quebrada_verde,CAMPAIGN_01,262.000000000,264.000000000,2.000000000,0.024961048,0.000000000,0.000000000
QV-C01-004-A0133,QV-C01-004,DS00,quebrada_verde,CAMPAIGN_01,264.000000000,266.000000000,2.000000000,0.024208733,0.000000000,0.000000000
QV-C01-004-A0134,QV-C01-004,DS00,quebrada_verde,CAMPAIGN_01,266.000000000,268.000000000,2.000000000,0.023016657,0.000000000,0.000000000
QV-C01-004-A0135,QV-C01-004,DS00,quebrada_verde,CAMPAIGN_01,268.000000000,270.000000000,2.000000000,0.021883520,0.000000000,0.000000000
QV-C01-004-A0136,QV-C01-004,DS00,quebrada_verde,CAMPAIGN_01,270.000000000,272.000000000,2.000000000,0.025039628,0.000000000,0.000000000
QV-C01-004-A0137,QV-C01-004,DS00,quebrada_verde,CAMPAIGN_01,272.000000000,274.000000000,2.000000000,0.022168614,0.000000000,0.000000000
QV-C01-004-A0138,QV-C01-004,DS00,quebrada_verde,CAMPAIGN_01,274.000000000,276.000000000,2.000000000,0.022712421,0.000000000,0.000000000
QV-C01-004-A0139,QV-C01-004,DS00,quebrada_verde,CAMPAIGN_01,276.000000000,278.000000000,2.000000000,0.027279655,0.000000000,0.000000000
QV-C01-004-A0140,QV-C01-004,DS00,quebrada_verde,CAMPAIGN_01,278.000000000,280.000000000,2.000000000,0.026043271,0.000000000,0.000000000
QV-C01-004-A0141,QV-C01-004,DS00,quebrada_verde,CAMPAIGN_01,280.000000000,282.000000000,2.000000000,0.024310565,0.000000000,0.000000000
QV-C01-004-A0142,QV-C01-004,DS00,quebrada_verde,CAMPAIGN_01,282.000000000,284.000000000,2.000000000,0.025335258,0.000000000,0.000000000
QV-C01-004-A0143,QV-C01-004,DS00,quebrada_verde,CAMPAIGN_01,284.000000000,286.000000000,2.000000000,0.025327163,0.000000000,0.000000000
QV-C01-004-A0144,QV-C01-004,DS00,quebrada_verde,CAMPAIGN_01,286.000000000,288.000000000,2.000000000,0.026476310,0.000000000,0.000000000
QV-C01-004-A0145,QV-C01-004,DS00,quebrada_verde,CAMPAIGN_01,288.000000000,290.000000000,2.000000000,0.026458283,0.000000000,0.000000000
QV-C01-004-A0146,QV-C01-004,DS00,quebrada_verde,CAMPAIGN_01,290.000000000,292.000000000,2.000000000,0.029169359,0.000000000,0.000000000
QV-C01-004-A0147,QV-C01-004,DS00,quebrada_verde,CAMPAIGN_01,292.000000000,294.000000000,2.000000000,0.024708715,0.000000000,0.000000000
QV-C01-004-A0148,QV-C01-004,DS00,quebrada_verde,CAMPAIGN_01,294.000000000,296.000000000,2.000000000,0.025660328,0.000000000,0.000000000
QV-C01-004-A0149,QV-C01-004,DS00,quebrada_verde,CAMPAIGN_01,296.000000000,298.000000000,2.000000000,0.026195942,0.000000000,0.000000000
QV-C01-004-A0150,QV-C01-004,DS00,quebrada_verde,CAMPAIGN_01,298.000000000,300.000000000,2.000000000,0.023747252,0.000000000,0.000000000
QV-C01-004-A0151,QV-C01-004,DS00,quebrada_verde,CAMPAIGN_01,300.000000000,302.000000000,2.000000000,0.028825273,0.000000000,0.000000000
QV-C01-004-A0152,QV-C01-004,DS00,quebrada_verde,CAMPAIGN_01,302.000000000,304.000000000,2.000000000,0.026740485,0.000000000,0.000000000
QV-C01-004-A0153,QV-C01-004,DS00,quebrada_verde,CAMPAIGN_01,304.000000000,306.000000000,2.000000000,0.024210867,0.000000000,0.000000000
QV-C01-004-A0154,QV-C01-004,DS00,quebrada_verde,CAMPAIGN_01,306.000000000,308.000000000,2.000000000,0.025311485,0.000000000,0.000000000
QV-C01-004-A0155,QV-C01-004,DS00,quebrada_verde,CAMPAIGN_01,308.000000000,310.000000000,2.000000000,0.027110274,0.000000000,0.000000000
QV-C01-004-A0156,QV-C01-004,DS00,quebrada_verde,CAMPAIGN_01,310.000000000,312.000000000,2.000000000,0.027644039,0.000000000,0.000000000
QV-C01-004-A0157,QV-C01-004,DS00,quebrada_verde,CAMPAIGN_01,312.000000000,314.000000000,2.000000000,0.026034884,0.000000000,0.000000000
QV-C01-004-A0158,QV-C01-004,DS00,quebrada_verde,CAMPAIGN_01,314.000000000,316.000000000,2.000000000,0.028283708,0.000000000,0.000000000
QV-C01-004-A0159,QV-C01-004,DS00,quebrada_verde,CAMPAIGN_01,316.000000000,318.000000000,2.000000000,0.026408276,0.000000000,0.000000000
QV-C01-004-A0160,QV-C01-004,DS00,quebrada_verde,CAMPAIGN_01,318.000000000,320.000000000,2.000000000,0.026626662,0.000000000,0.000000000
QV-C01-004-A0161,QV-C01-004,DS00,quebrada_verde,CAMPAIGN_01,320.000000000,322.000000000,2.000000000,0.032018129,0.000000000,0.000000000
QV-C01-004-A0162,QV-C01-004,DS00,quebrada_verde,CAMPAIGN_01,322.000000000,324.000000000,2.000000000,0.023855852,0.000000000,0.000000000
QV-C01-004-A0163,QV-C01-004,DS00,quebrada_verde,CAMPAIGN_01,324.000000000,326.000000000,2.000000000,0.025388411,0.000000000,0.000000000
QV-C01-004-A0164,QV-C01-004,DS00,quebrada_verde,CAMPAIGN_01,326.000000000,328.000000000,2.000000000,0.027000779,0.000000000,0.000000000
QV-C01-004-A0165,QV-C01-004,DS00,quebrada_verde,CAMPAIGN_01,328.000000000,330.000000000,2.000000000,0.028443132,0.000000000,0.000000000
QV-C01-004-A0166,QV-C01-004,DS00,quebrada_verde,CAMPAIGN_01,330.000000000,332.000000000,2.000000000,0.025546053,0.000000000,0.000000000
QV-C01-004-A0167,QV-C01-004,DS00,quebrada_verde,CAMPAIGN_01,332.000000000,334.000000000,2.000000000,0.030103690,0.000000000,0.000000000
QV-C01-004-A0168,QV-C01-004,DS00,quebrada_verde,CAMPAIGN_01,334.000000000,336.000000000,2.000000000,0.028895975,0.000000000,0.000000000
QV-C01-004-A0169,QV-C01-004,DS00,quebrada_verde,CAMPAIGN_01,336.000000000,338.000000000,2.000000000,0.027466023,0.000000000,0.000000000
QV-C01-004-A0170,QV-C01-004,DS00,quebrada_verde,CAMPAIGN_01,338.000000000,340.000000000,2.000000000,0.028693353,0.000000000,0.000000000
QV-C01-004-A0171,QV-C01-004,DS00,quebrada_verde,CAMPAIGN_01,340.000000000,342.000000000,2.000000000,0.028041231,0.000000000,0.000000000
QV-C01-004-A0172,QV-C01-004,DS00,quebrada_verde,CAMPAIGN_01,342.000000000,344.000000000,2.000000000,0.027777813,0.000000000,0.000000000
QV-C01-004-A0173,QV-C01-004,DS00,quebrada_verde,CAMPAIGN_01,344.000000000,346.000000000,2.000000000,0.030852954,0.000000000,0.000000000
QV-C01-004-A0174,QV-C01-004,DS00,quebrada_verde,CAMPAIGN_01,346.000000000,348.000000000,2.000000000,0.023772261,0.000000000,0.000000000
QV-C01-004-A0175,QV-C01-004,DS00,quebrada_verde,CAMPAIGN_01,348.000000000,350.000000000,2.000000000,0.030016379,0.000000000,0.000000000
QV-C01-004-A0176,QV-C01-004,DS00,quebrada_verde,CAMPAIGN_01,350.000000000,352.000000000,2.000000000,0.026782757,0.000000000,0.000000000
QV-C01-004-A0177,QV-C01-004,DS00,quebrada_verde,CAMPAIGN_01,352.000000000,354.000000000,2.000000000,0.028746510,0.000000000,0.000000000
QV-C01-004-A0178,QV-C01-004,DS00,quebrada_verde,CAMPAIGN_01,354.000000000,356.000000000,2.000000000,0.030285693,0.000000000,0.000000000
QV-C01-004-A0179,QV-C01-004,DS00,quebrada_verde,CAMPAIGN_01,356.000000000,358.000000000,2.000000000,0.028464917,0.000000000,0.000000000
QV-C01-004-A0180,QV-C01-004,DS00,quebrada_verde,CAMPAIGN_01,358.000000000,360.000000000,2.000000000,0.026660964,0.000000000,0.000000000
QV-C01-004-A0181,QV-C01-004,DS00,quebrada_verde,CAMPAIGN_01,360.000000000,362.000000000,2.000000000,0.027309037,0.000000000,0.000000000
QV-C01-004-A0182,QV-C01-004,DS00,quebrada_verde,CAMPAIGN_01,362.000000000,364.000000000,2.000000000,0.028434744,0.000000000,0.000000000
QV-C01-004-A0183,QV-C01-004,DS00,quebrada_verde,CAMPAIGN_01,364.000000000,366.000000000,2.000000000,0.031931771,0.000000000,0.000000000
QV-C01-004-A0184,QV-C01-004,DS00,quebrada_verde,CAMPAIGN_01,366.000000000,368.000000000,2.000000000,0.028997463,0.000000000,0.000000000
QV-C01-004-A0185,QV-C01-004,DS00,quebrada_verde,CAMPAIGN_01,368.000000000,370.000000000,2.000000000,0.025409074,0.000000000,0.000000000
QV-C01-004-A0186,QV-C01-004,DS00,quebrada_verde,CAMPAIGN_01,370.000000000,372.000000000,2.000000000,0.026734038,0.000000000,0.000000000
QV-C01-004-A0187,QV-C01-004,DS00,quebrada_verde,CAMPAIGN_01,372.000000000,374.000000000,2.000000000,0.029347573,0.000000000,0.000000000
QV-C01-004-A0188,QV-C01-004,DS00,quebrada_verde,CAMPAIGN_01,374.000000000,376.000000000,2.000000000,0.028324805,0.000000000,0.000000000
QV-C01-004-A0189,QV-C01-004,DS00,quebrada_verde,CAMPAIGN_01,376.000000000,378.000000000,2.000000000,0.026601531,0.000000000,0.000000000
QV-C01-004-A0190,QV-C01-004,DS00,quebrada_verde,CAMPAIGN_01,378.000000000,380.000000000,2.000000000,0.030534035,0.000000000,0.000000000
QV-C01-004-A0191,QV-C01-004,DS00,quebrada_verde,CAMPAIGN_01,380.000000000,382.000000000,2.000000000,0.031629224,0.000000000,0.000000000
QV-C01-004-A0192,QV-C01-004,DS00,quebrada_verde,CAMPAIGN_01,382.000000000,384.000000000,2.000000000,0.034064144,0.000000000,0.000000000
QV-C01-004-A0193,QV-C01-004,DS00,quebrada_verde,CAMPAIGN_01,384.000000000,386.000000000,2.000000000,0.027747748,0.000000000,0.000000000
QV-C01-004-A0194,QV-C01-004,DS00,quebrada_verde,CAMPAIGN_01,386.000000000,388.000000000,2.000000000,0.026493866,0.000000000,0.000000000
QV-C01-004-A0195,QV-C01-004,DS00,quebrada_verde,CAMPAIGN_01,388.000000000,390.000000000,2.000000000,0.027849484,0.000000000,0.000000000
QV-C01-004-A0196,QV-C01-004,DS00,quebrada_verde,CAMPAIGN_01,390.000000000,392.000000000,2.000000000,0.030955634,0.000000000,0.000000000
QV-C01-004-A0197,QV-C01-004,DS00,quebrada_verde,CAMPAIGN_01,392.000000000,394.000000000,2.000000000,0.031868641,0.000000000,0.000000000
QV-C01-004-A0198,QV-C01-004,DS00,quebrada_verde,CAMPAIGN_01,394.000000000,396.000000000,2.000000000,0.032002478,0.000000000,0.000000000
QV-C01-004-A0199,QV-C01-004,DS00,quebrada_verde,CAMPAIGN_01,396.000000000,398.000000000,2.000000000,0.030494726,0.000000000,0.000000000
QV-C01-004-A0200,QV-C01-004,DS00,quebrada_verde,CAMPAIGN_01,398.000000000,400.000000000,2.000000000,0.029787317,0.000000000,0.000000000
QV-C01-004-A0201,QV-C01-004,DS00,quebrada_verde,CAMPAIGN_01,400.000000000,402.000000000,2.000000000,0.028791662,0.000000000,0.000000000
QV-C01-004-A0202,QV-C01-004,DS00,quebrada_verde,CAMPAIGN_01,402.000000000,404.000000000,2.000000000,0.030729988,0.000000000,0.000000000
QV-C01-004-A0203,QV-C01-004,DS00,quebrada_verde,CAMPAIGN_01,404.000000000,406.000000000,2.000000000,0.031497479,0.000000000,0.000000000
QV-C01-004-A0204,QV-C01-004,DS00,quebrada_verde,CAMPAIGN_01,406.000000000,408.000000000,2.000000000,0.030072660,0.000000000,0.000000000
QV-C01-004-A0205,QV-C01-004,DS00,quebrada_verde,CAMPAIGN_01,408.000000000,410.000000000,2.000000000,0.027573103,0.000000000,0.000000000
QV-C01-004-A0206,QV-C01-004,DS00,quebrada_verde,CAMPAIGN_01,410.000000000,412.000000000,2.000000000,0.029796543,0.000000000,0.000000000
QV-C01-004-A0207,QV-C01-004,DS00,quebrada_verde,CAMPAIGN_01,412.000000000,414.000000000,2.000000000,0.027819145,0.000000000,0.000000000
QV-C01-004-A0208,QV-C01-004,DS00,quebrada_verde,CAMPAIGN_01,414.000000000,416.000000000,2.000000000,0.027876961,0.000000000,0.000000000
QV-C01-004-A0209,QV-C01-004,DS00,quebrada_verde,CAMPAIGN_01,416.000000000,418.000000000,2.000000000,0.030736122,0.000000000,0.000000000
QV-C01-004-A0210,QV-C01-004,DS00,quebrada_verde,CAMPAIGN_01,418.000000000,420.000000000,2.000000000,0.033037786,0.000000000,0.000000000
QV-C01-004-A0211,QV-C01-004,DS00,quebrada_verde,CAMPAIGN_01,420.000000000,422.000000000,2.000000000,0.028102229,0.000000000,0.000000000
QV-C01-004-A0212,QV-C01-004,DS00,quebrada_verde,CAMPAIGN_01,422.000000000,424.000000000,2.000000000,0.029319977,0.000000000,0.000000000
QV-C01-004-A0213,QV-C01-004,DS00,quebrada_verde,CAMPAIGN_01,424.000000000,426.000000000,2.000000000,0.032880328,0.000000000,0.000000000
QV-C01-004-A0214,QV-C01-004,DS00,quebrada_verde,CAMPAIGN_01,426.000000000,428.000000000,2.000000000,0.030965712,0.000000000,0.000000000
QV-C01-004-A0215,QV-C01-004,DS00,quebrada_verde,CAMPAIGN_01,428.000000000,430.000000000,2.000000000,0.028676545,0.000000000,0.000000000
QV-C01-004-A0216,QV-C01-004,DS00,quebrada_verde,CAMPAIGN_01,430.000000000,432.000000000,2.000000000,0.027542726,0.000000000,0.000000000
QV-C01-004-A0217,QV-C01-004,DS00,quebrada_verde,CAMPAIGN_01,432.000000000,434.000000000,2.000000000,0.025916080,0.000000000,0.000000000
QV-C01-004-A0218,QV-C01-004,DS00,quebrada_verde,CAMPAIGN_01,434.000000000,436.000000000,2.000000000,0.028704617,0.000000000,0.000000000
QV-C01-004-A0219,QV-C01-004,DS00,quebrada_verde,CAMPAIGN_01,436.000000000,438.000000000,2.000000000,0.030561077,0.000000000,0.000000000
QV-C01-004-A0220,QV-C01-004,DS00,quebrada_verde,CAMPAIGN_01,438.000000000,439.297604962,1.297604962,0.027392997,0.000000000,0.000000000
QV-C01-005-A0001,QV-C01-005,DS00,quebrada_verde,CAMPAIGN_01,0.000000000,2.000000000,2.000000000,0.047013952,0.000000000,0.000000000
QV-C01-005-A0002,QV-C01-005,DS00,quebrada_verde,CAMPAIGN_01,2.000000000,4.000000000,2.000000000,0.043790884,0.000000000,0.000000000
QV-C01-005-A0003,QV-C01-005,DS00,quebrada_verde,CAMPAIGN_01,4.000000000,6.000000000,2.000000000,0.042310515,0.000000000,0.000000000
QV-C01-005-A0004,QV-C01-005,DS00,quebrada_verde,CAMPAIGN_01,6.000000000,8.000000000,2.000000000,0.044180592,0.000000000,0.000000000
QV-C01-005-A0005,QV-C01-005,DS00,quebrada_verde,CAMPAIGN_01,8.000000000,10.000000000,2.000000000,0.048146660,0.000000000,0.000000000
QV-C01-005-A0006,QV-C01-005,DS00,quebrada_verde,CAMPAIGN_01,10.000000000,12.000000000,2.000000000,0.049211951,0.000000000,0.000000000
QV-C01-005-A0007,QV-C01-005,DS00,quebrada_verde,CAMPAIGN_01,12.000000000,14.000000000,2.000000000,0.052051376,0.000000000,0.000000000
QV-C01-005-A0008,QV-C01-005,DS00,quebrada_verde,CAMPAIGN_01,14.000000000,16.000000000,2.000000000,0.050735710,0.000000000,0.000000000
QV-C01-005-A0009,QV-C01-005,DS00,quebrada_verde,CAMPAIGN_01,16.000000000,18.000000000,2.000000000,0.049047710,0.000000000,0.000000000
QV-C01-005-A0010,QV-C01-005,DS00,quebrada_verde,CAMPAIGN_01,18.000000000,20.000000000,2.000000000,0.052324533,0.000000000,0.000000000
QV-C01-005-A0011,QV-C01-005,DS00,quebrada_verde,CAMPAIGN_01,20.000000000,22.000000000,2.000000000,0.050372951,0.000000000,0.000000000
QV-C01-005-A0012,QV-C01-005,DS00,quebrada_verde,CAMPAIGN_01,22.000000000,24.000000000,2.000000000,0.050401997,0.000000000,0.000000000
QV-C01-005-A0013,QV-C01-005,DS00,quebrada_verde,CAMPAIGN_01,24.000000000,26.000000000,2.000000000,0.052892403,0.000000000,0.000000000
QV-C01-005-A0014,QV-C01-005,DS00,quebrada_verde,CAMPAIGN_01,26.000000000,28.000000000,2.000000000,0.056437033,0.000000000,0.000000000
QV-C01-005-A0015,QV-C01-005,DS00,quebrada_verde,CAMPAIGN_01,28.000000000,30.000000000,2.000000000,0.048827879,0.000000000,0.000000000
QV-C01-005-A0016,QV-C01-005,DS00,quebrada_verde,CAMPAIGN_01,30.000000000,32.000000000,2.000000000,0.055746580,0.000000000,0.000000000
QV-C01-005-A0017,QV-C01-005,DS00,quebrada_verde,CAMPAIGN_01,32.000000000,34.000000000,2.000000000,0.049549418,0.000000000,0.000000000
QV-C01-005-A0018,QV-C01-005,DS00,quebrada_verde,CAMPAIGN_01,34.000000000,36.000000000,2.000000000,0.059089425,0.000000000,0.000000000
QV-C01-005-A0019,QV-C01-005,DS00,quebrada_verde,CAMPAIGN_01,36.000000000,38.000000000,2.000000000,0.055647693,0.000000000,0.000000000
QV-C01-005-A0020,QV-C01-005,DS00,quebrada_verde,CAMPAIGN_01,38.000000000,40.000000000,2.000000000,0.055416462,0.000000000,0.000000000
QV-C01-005-A0021,QV-C01-005,DS00,quebrada_verde,CAMPAIGN_01,40.000000000,42.000000000,2.000000000,0.056798454,0.000000000,0.000000000
QV-C01-005-A0022,QV-C01-005,DS00,quebrada_verde,CAMPAIGN_01,42.000000000,44.000000000,2.000000000,0.056973707,0.000000000,0.000000000
QV-C01-005-A0023,QV-C01-005,DS00,quebrada_verde,CAMPAIGN_01,44.000000000,46.000000000,2.000000000,0.056604872,0.000000000,0.000000000
QV-C01-005-A0024,QV-C01-005,DS00,quebrada_verde,CAMPAIGN_01,46.000000000,48.000000000,2.000000000,0.060646952,0.000000000,0.000000000
QV-C01-005-A0025,QV-C01-005,DS00,quebrada_verde,CAMPAIGN_01,48.000000000,50.000000000,2.000000000,0.057916843,0.000000000,0.000000000
QV-C01-005-A0026,QV-C01-005,DS00,quebrada_verde,CAMPAIGN_01,50.000000000,52.000000000,2.000000000,0.061373948,0.000000000,0.000000000
QV-C01-005-A0027,QV-C01-005,DS00,quebrada_verde,CAMPAIGN_01,52.000000000,54.000000000,2.000000000,0.061890008,0.000000000,0.000000000
QV-C01-005-A0028,QV-C01-005,DS00,quebrada_verde,CAMPAIGN_01,54.000000000,56.000000000,2.000000000,0.065578763,0.000000000,0.000000000
QV-C01-005-A0029,QV-C01-005,DS00,quebrada_verde,CAMPAIGN_01,56.000000000,58.000000000,2.000000000,0.063570421,0.000000000,0.000000000
QV-C01-005-A0030,QV-C01-005,DS00,quebrada_verde,CAMPAIGN_01,58.000000000,60.000000000,2.000000000,0.065172618,0.000000000,0.000000000
QV-C01-005-A0031,QV-C01-005,DS00,quebrada_verde,CAMPAIGN_01,60.000000000,62.000000000,2.000000000,0.064979749,0.000000000,0.000000000
QV-C01-005-A0032,QV-C01-005,DS00,quebrada_verde,CAMPAIGN_01,62.000000000,64.000000000,2.000000000,0.062821782,0.000000000,0.000000000
QV-C01-005-A0033,QV-C01-005,DS00,quebrada_verde,CAMPAIGN_01,64.000000000,66.000000000,2.000000000,0.063043162,0.000000000,0.000000000
QV-C01-005-A0034,QV-C01-005,DS00,quebrada_verde,CAMPAIGN_01,66.000000000,68.000000000,2.000000000,0.062726542,0.000000000,0.000000000
QV-C01-005-A0035,QV-C01-005,DS00,quebrada_verde,CAMPAIGN_01,68.000000000,70.000000000,2.000000000,0.064051056,0.000000000,0.000000000
QV-C01-005-A0036,QV-C01-005,DS00,quebrada_verde,CAMPAIGN_01,70.000000000,72.000000000,2.000000000,0.067983209,0.000000000,0.000000000
QV-C01-005-A0037,QV-C01-005,DS00,quebrada_verde,CAMPAIGN_01,72.000000000,74.000000000,2.000000000,0.070029944,0.000000000,0.000000000
QV-C01-005-A0038,QV-C01-005,DS00,quebrada_verde,CAMPAIGN_01,74.000000000,76.000000000,2.000000000,0.066517902,0.000000000,0.000000000
QV-C01-005-A0039,QV-C01-005,DS00,quebrada_verde,CAMPAIGN_01,76.000000000,78.000000000,2.000000000,0.071077001,0.000000000,0.000000000
QV-C01-005-A0040,QV-C01-005,DS00,quebrada_verde,CAMPAIGN_01,78.000000000,80.000000000,2.000000000,0.066548323,0.000000000,0.000000000
QV-C01-005-A0041,QV-C01-005,DS00,quebrada_verde,CAMPAIGN_01,80.000000000,82.000000000,2.000000000,0.074906496,0.000000000,0.000000000
QV-C01-005-A0042,QV-C01-005,DS00,quebrada_verde,CAMPAIGN_01,82.000000000,84.000000000,2.000000000,0.076695992,0.000000000,0.000000000
QV-C01-005-A0043,QV-C01-005,DS00,quebrada_verde,CAMPAIGN_01,84.000000000,86.000000000,2.000000000,0.072718438,0.000000000,0.000000000
QV-C01-005-A0044,QV-C01-005,DS00,quebrada_verde,CAMPAIGN_01,86.000000000,88.000000000,2.000000000,0.072692663,0.000000000,0.000000000
QV-C01-005-A0045,QV-C01-005,DS00,quebrada_verde,CAMPAIGN_01,88.000000000,90.000000000,2.000000000,0.073425698,0.000000000,0.000000000
QV-C01-005-A0046,QV-C01-005,DS00,quebrada_verde,CAMPAIGN_01,90.000000000,92.000000000,2.000000000,0.072437896,0.000000000,0.000000000
QV-C01-005-A0047,QV-C01-005,DS00,quebrada_verde,CAMPAIGN_01,92.000000000,94.000000000,2.000000000,0.075582770,0.000000000,0.000000000
QV-C01-005-A0048,QV-C01-005,DS00,quebrada_verde,CAMPAIGN_01,94.000000000,96.000000000,2.000000000,0.072809046,0.000000000,0.000000000
QV-C01-005-A0049,QV-C01-005,DS00,quebrada_verde,CAMPAIGN_01,96.000000000,98.000000000,2.000000000,0.076917943,0.000000000,0.000000000
QV-C01-005-A0050,QV-C01-005,DS00,quebrada_verde,CAMPAIGN_01,98.000000000,100.000000000,2.000000000,0.078140822,0.000000000,0.000000000
QV-C01-005-A0051,QV-C01-005,DS00,quebrada_verde,CAMPAIGN_01,100.000000000,102.000000000,2.000000000,0.083628538,0.000000000,0.000000000
QV-C01-005-A0052,QV-C01-005,DS00,quebrada_verde,CAMPAIGN_01,102.000000000,104.000000000,2.000000000,0.072926655,0.000000000,0.000000000
QV-C01-005-A0053,QV-C01-005,DS00,quebrada_verde,CAMPAIGN_01,104.000000000,106.000000000,2.000000000,0.078685225,0.000000000,0.000000000
QV-C01-005-A0054,QV-C01-005,DS00,quebrada_verde,CAMPAIGN_01,106.000000000,108.000000000,2.000000000,0.074683912,0.000000000,0.000000000
QV-C01-005-A0055,QV-C01-005,DS00,quebrada_verde,CAMPAIGN_01,108.000000000,110.000000000,2.000000000,0.074871277,0.000000000,0.000000000
QV-C01-005-A0056,QV-C01-005,DS00,quebrada_verde,CAMPAIGN_01,110.000000000,112.000000000,2.000000000,0.084279025,0.000000000,0.000000000
QV-C01-005-A0057,QV-C01-005,DS00,quebrada_verde,CAMPAIGN_01,112.000000000,114.000000000,2.000000000,0.081145252,0.000000000,0.000000000
QV-C01-005-A0058,QV-C01-005,DS00,quebrada_verde,CAMPAIGN_01,114.000000000,116.000000000,2.000000000,0.081928477,0.000000000,0.000000000
QV-C01-005-A0059,QV-C01-005,DS00,quebrada_verde,CAMPAIGN_01,116.000000000,118.000000000,2.000000000,0.080947327,0.000000000,0.000000000
QV-C01-005-A0060,QV-C01-005,DS00,quebrada_verde,CAMPAIGN_01,118.000000000,120.000000000,2.000000000,0.088010272,0.000000000,0.000000000
QV-C01-005-A0061,QV-C01-005,DS00,quebrada_verde,CAMPAIGN_01,120.000000000,122.000000000,2.000000000,0.084662420,0.000000000,0.000000000
QV-C01-005-A0062,QV-C01-005,DS00,quebrada_verde,CAMPAIGN_01,122.000000000,124.000000000,2.000000000,0.079116838,0.000000000,0.000000000
QV-C01-005-A0063,QV-C01-005,DS00,quebrada_verde,CAMPAIGN_01,124.000000000,126.000000000,2.000000000,0.079325132,0.000000000,0.000000000
QV-C01-005-A0064,QV-C01-005,DS00,quebrada_verde,CAMPAIGN_01,126.000000000,128.000000000,2.000000000,0.084832484,0.000000000,0.000000000
QV-C01-005-A0065,QV-C01-005,DS00,quebrada_verde,CAMPAIGN_01,128.000000000,130.000000000,2.000000000,0.087046611,0.000000000,0.000000000
QV-C01-005-A0066,QV-C01-005,DS00,quebrada_verde,CAMPAIGN_01,130.000000000,132.000000000,2.000000000,0.083705928,0.000000000,0.000000000
QV-C01-005-A0067,QV-C01-005,DS00,quebrada_verde,CAMPAIGN_01,132.000000000,134.000000000,2.000000000,0.079479354,0.000000000,0.000000000
QV-C01-005-A0068,QV-C01-005,DS00,quebrada_verde,CAMPAIGN_01,134.000000000,136.000000000,2.000000000,0.081865972,0.000000000,0.000000000
QV-C01-005-A0069,QV-C01-005,DS00,quebrada_verde,CAMPAIGN_01,136.000000000,138.000000000,2.000000000,0.084934060,0.000000000,0.000000000
QV-C01-005-A0070,QV-C01-005,DS00,quebrada_verde,CAMPAIGN_01,138.000000000,140.000000000,2.000000000,0.086977736,0.000000000,0.000000000
QV-C01-005-A0071,QV-C01-005,DS00,quebrada_verde,CAMPAIGN_01,140.000000000,142.000000000,2.000000000,0.086051812,0.000000000,0.000000000
QV-C01-005-A0072,QV-C01-005,DS00,quebrada_verde,CAMPAIGN_01,142.000000000,144.000000000,2.000000000,0.092341068,0.000000000,0.000000000
QV-C01-005-A0073,QV-C01-005,DS00,quebrada_verde,CAMPAIGN_01,144.000000000,146.000000000,2.000000000,0.090224563,0.000000000,0.000000000
QV-C01-005-A0074,QV-C01-005,DS00,quebrada_verde,CAMPAIGN_01,146.000000000,148.000000000,2.000000000,0.083714258,0.000000000,0.000000000
QV-C01-005-A0075,QV-C01-005,DS00,quebrada_verde,CAMPAIGN_01,148.000000000,150.000000000,2.000000000,0.082872810,0.000000000,0.000000000
QV-C01-005-A0076,QV-C01-005,DS00,quebrada_verde,CAMPAIGN_01,150.000000000,152.000000000,2.000000000,0.094471869,0.000000000,0.000000000
QV-C01-005-A0077,QV-C01-005,DS00,quebrada_verde,CAMPAIGN_01,152.000000000,154.000000000,2.000000000,0.086918949,0.000000000,0.000000000
QV-C01-005-A0078,QV-C01-005,DS00,quebrada_verde,CAMPAIGN_01,154.000000000,156.000000000,2.000000000,0.081835924,0.000000000,0.000000000
QV-C01-005-A0079,QV-C01-005,DS00,quebrada_verde,CAMPAIGN_01,156.000000000,158.000000000,2.000000000,0.094838623,0.000000000,0.000000000
QV-C01-005-A0080,QV-C01-005,DS00,quebrada_verde,CAMPAIGN_01,158.000000000,160.000000000,2.000000000,0.083699335,0.000000000,0.000000000
QV-C01-005-A0081,QV-C01-005,DS00,quebrada_verde,CAMPAIGN_01,160.000000000,162.000000000,2.000000000,0.084373093,0.000000000,0.000000000
QV-C01-005-A0082,QV-C01-005,DS00,quebrada_verde,CAMPAIGN_01,162.000000000,164.000000000,2.000000000,0.084464477,0.000000000,0.000000000
QV-C01-005-A0083,QV-C01-005,DS00,quebrada_verde,CAMPAIGN_01,164.000000000,166.000000000,2.000000000,0.089333960,0.000000000,0.000000000
QV-C01-005-A0084,QV-C01-005,DS00,quebrada_verde,CAMPAIGN_01,166.000000000,168.000000000,2.000000000,0.092243590,0.000000000,0.000000000
QV-C01-005-A0085,QV-C01-005,DS00,quebrada_verde,CAMPAIGN_01,168.000000000,170.000000000,2.000000000,0.098734083,0.000000000,0.000000000
QV-C01-005-A0086,QV-C01-005,DS00,quebrada_verde,CAMPAIGN_01,170.000000000,172.000000000,2.000000000,0.090498298,0.000000000,0.000000000
QV-C01-005-A0087,QV-C01-005,DS00,quebrada_verde,CAMPAIGN_01,172.000000000,174.000000000,2.000000000,0.088286612,0.000000000,0.000000000
QV-C01-005-A0088,QV-C01-005,DS00,quebrada_verde,CAMPAIGN_01,174.000000000,176.000000000,2.000000000,0.084635264,0.000000000,0.000000000
QV-C01-005-A0089,QV-C01-005,DS00,quebrada_verde,CAMPAIGN_01,176.000000000,178.000000000,2.000000000,0.087300784,0.000000000,0.000000000
QV-C01-005-A0090,QV-C01-005,DS00,quebrada_verde,CAMPAIGN_01,178.000000000,180.000000000,2.000000000,0.085500102,0.000000000,0.000000000
QV-C01-005-A0091,QV-C01-005,DS00,quebrada_verde,CAMPAIGN_01,180.000000000,182.000000000,2.000000000,0.091939633,0.000000000,0.000000000
QV-C01-005-A0092,QV-C01-005,DS00,quebrada_verde,CAMPAIGN_01,182.000000000,184.000000000,2.000000000,0.091102863,0.000000000,0.000000000
QV-C01-005-A0093,QV-C01-005,DS00,quebrada_verde,CAMPAIGN_01,184.000000000,186.000000000,2.000000000,0.083431139,0.000000000,0.000000000
QV-C01-005-A0094,QV-C01-005,DS00,quebrada_verde,CAMPAIGN_01,186.000000000,188.000000000,2.000000000,0.093143753,0.000000000,0.000000000
QV-C01-005-A0095,QV-C01-005,DS00,quebrada_verde,CAMPAIGN_01,188.000000000,190.000000000,2.000000000,0.087902095,0.000000000,0.000000000
QV-C01-005-A0096,QV-C01-005,DS00,quebrada_verde,CAMPAIGN_01,190.000000000,192.000000000,2.000000000,0.088038018,0.000000000,0.000000000
QV-C01-005-A0097,QV-C01-005,DS00,quebrada_verde,CAMPAIGN_01,192.000000000,194.000000000,2.000000000,0.078406605,0.000000000,0.000000000
QV-C01-005-A0098,QV-C01-005,DS00,quebrada_verde,CAMPAIGN_01,194.000000000,196.000000000,2.000000000,0.086828025,0.000000000,0.000000000
QV-C01-005-A0099,QV-C01-005,DS00,quebrada_verde,CAMPAIGN_01,196.000000000,198.000000000,2.000000000,0.088923647,0.000000000,0.000000000
QV-C01-005-A0100,QV-C01-005,DS00,quebrada_verde,CAMPAIGN_01,198.000000000,200.000000000,2.000000000,0.081117032,0.000000000,0.000000000
QV-C01-005-A0101,QV-C01-005,DS00,quebrada_verde,CAMPAIGN_01,200.000000000,202.000000000,2.000000000,0.089630760,0.000000000,0.000000000
QV-C01-005-A0102,QV-C01-005,DS00,quebrada_verde,CAMPAIGN_01,202.000000000,204.000000000,2.000000000,0.083690967,0.000000000,0.000000000
QV-C01-005-A0103,QV-C01-005,DS00,quebrada_verde,CAMPAIGN_01,204.000000000,206.000000000,2.000000000,0.087886701,0.000000000,0.000000000
QV-C01-005-A0104,QV-C01-005,DS00,quebrada_verde,CAMPAIGN_01,206.000000000,208.000000000,2.000000000,0.083653685,0.000000000,0.000000000
QV-C01-005-A0105,QV-C01-005,DS00,quebrada_verde,CAMPAIGN_01,208.000000000,210.000000000,2.000000000,0.080515701,0.000000000,0.000000000
QV-C01-005-A0106,QV-C01-005,DS00,quebrada_verde,CAMPAIGN_01,210.000000000,212.000000000,2.000000000,0.083278606,0.000000000,0.000000000
QV-C01-005-A0107,QV-C01-005,DS00,quebrada_verde,CAMPAIGN_01,212.000000000,214.000000000,2.000000000,0.082662026,0.000000000,0.000000000
QV-C01-005-A0108,QV-C01-005,DS00,quebrada_verde,CAMPAIGN_01,214.000000000,216.000000000,2.000000000,0.085087457,0.000000000,0.000000000
QV-C01-005-A0109,QV-C01-005,DS00,quebrada_verde,CAMPAIGN_01,216.000000000,218.000000000,2.000000000,0.081205844,0.000000000,0.000000000
QV-C01-005-A0110,QV-C01-005,DS00,quebrada_verde,CAMPAIGN_01,218.000000000,220.000000000,2.000000000,0.081850704,0.000000000,0.000000000
QV-C01-006-A0001,QV-C01-006,DS00,quebrada_verde,CAMPAIGN_01,0.000000000,2.000000000,2.000000000,0.123457291,0.000000000,0.000000000
QV-C01-006-A0002,QV-C01-006,DS00,quebrada_verde,CAMPAIGN_01,2.000000000,4.000000000,2.000000000,0.132761940,0.000000000,0.000000000
QV-C01-006-A0003,QV-C01-006,DS00,quebrada_verde,CAMPAIGN_01,4.000000000,6.000000000,2.000000000,0.126350779,0.000000000,0.000000000
QV-C01-006-A0004,QV-C01-006,DS00,quebrada_verde,CAMPAIGN_01,6.000000000,8.000000000,2.000000000,0.147808970,0.000000000,0.000000000
QV-C01-006-A0005,QV-C01-006,DS00,quebrada_verde,CAMPAIGN_01,8.000000000,10.000000000,2.000000000,0.149876248,0.000000000,0.000000000
QV-C01-006-A0006,QV-C01-006,DS00,quebrada_verde,CAMPAIGN_01,10.000000000,12.000000000,2.000000000,0.152023374,0.000000000,0.000000000
QV-C01-006-A0007,QV-C01-006,DS00,quebrada_verde,CAMPAIGN_01,12.000000000,14.000000000,2.000000000,0.155508322,0.000000000,0.000000000
QV-C01-006-A0008,QV-C01-006,DS00,quebrada_verde,CAMPAIGN_01,14.000000000,16.000000000,2.000000000,0.165016104,0.000000000,0.000000000
QV-C01-006-A0009,QV-C01-006,DS00,quebrada_verde,CAMPAIGN_01,16.000000000,18.000000000,2.000000000,0.154634450,0.000000000,0.000000000
QV-C01-006-A0010,QV-C01-006,DS00,quebrada_verde,CAMPAIGN_01,18.000000000,20.000000000,2.000000000,0.158684327,0.000000000,0.000000000
QV-C01-006-A0011,QV-C01-006,DS00,quebrada_verde,CAMPAIGN_01,20.000000000,22.000000000,2.000000000,0.166219145,0.000000000,0.000000000
QV-C01-006-A0012,QV-C01-006,DS00,quebrada_verde,CAMPAIGN_01,22.000000000,24.000000000,2.000000000,0.164851875,0.000000000,0.000000000
QV-C01-006-A0013,QV-C01-006,DS00,quebrada_verde,CAMPAIGN_01,24.000000000,26.000000000,2.000000000,0.183636780,0.000000000,0.000000000
QV-C01-006-A0014,QV-C01-006,DS00,quebrada_verde,CAMPAIGN_01,26.000000000,28.000000000,2.000000000,0.186277974,0.000000000,0.000000000
QV-C01-006-A0015,QV-C01-006,DS00,quebrada_verde,CAMPAIGN_01,28.000000000,30.000000000,2.000000000,0.183652416,0.000000000,0.000000000
QV-C01-006-A0016,QV-C01-006,DS00,quebrada_verde,CAMPAIGN_01,30.000000000,32.000000000,2.000000000,0.180506608,0.000000000,0.000000000
QV-C01-006-A0017,QV-C01-006,DS00,quebrada_verde,CAMPAIGN_01,32.000000000,34.000000000,2.000000000,0.183721650,0.000000000,0.000000000
QV-C01-006-A0018,QV-C01-006,DS00,quebrada_verde,CAMPAIGN_01,34.000000000,36.000000000,2.000000000,0.210809082,0.000000000,0.000000000
QV-C01-006-A0019,QV-C01-006,DS00,quebrada_verde,CAMPAIGN_01,36.000000000,38.000000000,2.000000000,0.213094450,0.000000000,0.000000000
QV-C01-006-A0020,QV-C01-006,DS00,quebrada_verde,CAMPAIGN_01,38.000000000,40.000000000,2.000000000,0.203646379,0.000000000,0.000000000
QV-C01-006-A0021,QV-C01-006,DS00,quebrada_verde,CAMPAIGN_01,40.000000000,42.000000000,2.000000000,0.213575939,0.000000000,0.000000000
QV-C01-006-A0022,QV-C01-006,DS00,quebrada_verde,CAMPAIGN_01,42.000000000,44.000000000,2.000000000,0.225349131,0.000000000,0.000000000
QV-C01-006-A0023,QV-C01-006,DS00,quebrada_verde,CAMPAIGN_01,44.000000000,46.000000000,2.000000000,0.224128646,0.000000000,0.000000000
QV-C01-006-A0024,QV-C01-006,DS00,quebrada_verde,CAMPAIGN_01,46.000000000,48.000000000,2.000000000,0.222910085,0.000000000,0.000000000
QV-C01-006-A0025,QV-C01-006,DS00,quebrada_verde,CAMPAIGN_01,48.000000000,50.000000000,2.000000000,0.243974091,0.000000000,0.000000000
QV-C01-006-A0026,QV-C01-006,DS00,quebrada_verde,CAMPAIGN_01,50.000000000,52.000000000,2.000000000,0.246421821,0.000000000,0.000000000
QV-C01-006-A0027,QV-C01-006,DS00,quebrada_verde,CAMPAIGN_01,52.000000000,54.000000000,2.000000000,0.229301942,0.000000000,0.000000000
QV-C01-006-A0028,QV-C01-006,DS00,quebrada_verde,CAMPAIGN_01,54.000000000,56.000000000,2.000000000,0.251194025,0.000000000,0.000000000
QV-C01-006-A0029,QV-C01-006,DS00,quebrada_verde,CAMPAIGN_01,56.000000000,58.000000000,2.000000000,0.259349678,0.000000000,0.000000000
QV-C01-006-A0030,QV-C01-006,DS00,quebrada_verde,CAMPAIGN_01,58.000000000,60.000000000,2.000000000,0.276369629,0.000000000,0.000000000
QV-C01-006-A0031,QV-C01-006,DS00,quebrada_verde,CAMPAIGN_01,60.000000000,62.000000000,2.000000000,0.280521753,0.000000000,0.000000000
QV-C01-006-A0032,QV-C01-006,DS00,quebrada_verde,CAMPAIGN_01,62.000000000,64.000000000,2.000000000,0.270155668,0.000000000,0.000000000
QV-C01-006-A0033,QV-C01-006,DS00,quebrada_verde,CAMPAIGN_01,64.000000000,66.000000000,2.000000000,0.295975617,0.000000000,0.000000000
QV-C01-006-A0034,QV-C01-006,DS00,quebrada_verde,CAMPAIGN_01,66.000000000,68.000000000,2.000000000,0.286114513,0.000000000,0.000000000
QV-C01-006-A0035,QV-C01-006,DS00,quebrada_verde,CAMPAIGN_01,68.000000000,70.000000000,2.000000000,0.301916492,0.000000000,0.000000000
QV-C01-006-A0036,QV-C01-006,DS00,quebrada_verde,CAMPAIGN_01,70.000000000,72.000000000,2.000000000,0.298444395,0.000000000,0.000000000
QV-C01-006-A0037,QV-C01-006,DS00,quebrada_verde,CAMPAIGN_01,72.000000000,74.000000000,2.000000000,0.280510126,0.000000000,0.000000000
QV-C01-006-A0038,QV-C01-006,DS00,quebrada_verde,CAMPAIGN_01,74.000000000,76.000000000,2.000000000,0.296110114,0.000000000,0.000000000
QV-C01-006-A0039,QV-C01-006,DS00,quebrada_verde,CAMPAIGN_01,76.000000000,78.000000000,2.000000000,0.307494923,0.000000000,0.000000000
QV-C01-006-A0040,QV-C01-006,DS00,quebrada_verde,CAMPAIGN_01,78.000000000,80.000000000,2.000000000,0.335562890,0.000000000,0.000000000
QV-C01-006-A0041,QV-C01-006,DS00,quebrada_verde,CAMPAIGN_01,80.000000000,82.000000000,2.000000000,0.323297960,0.000000000,0.000000000
QV-C01-006-A0042,QV-C01-006,DS00,quebrada_verde,CAMPAIGN_01,82.000000000,84.000000000,2.000000000,0.334852366,0.000000000,0.000000000
QV-C01-006-A0043,QV-C01-006,DS00,quebrada_verde,CAMPAIGN_01,84.000000000,86.000000000,2.000000000,0.323624715,0.000000000,0.000000000
QV-C01-006-A0044,QV-C01-006,DS00,quebrada_verde,CAMPAIGN_01,86.000000000,88.000000000,2.000000000,0.333782399,0.000000000,0.000000000
QV-C01-006-A0045,QV-C01-006,DS00,quebrada_verde,CAMPAIGN_01,88.000000000,90.000000000,2.000000000,0.332741621,0.000000000,0.000000000
QV-C01-006-A0046,QV-C01-006,DS00,quebrada_verde,CAMPAIGN_01,90.000000000,92.000000000,2.000000000,0.345930141,0.000000000,0.000000000
QV-C01-006-A0047,QV-C01-006,DS00,quebrada_verde,CAMPAIGN_01,92.000000000,94.000000000,2.000000000,0.375660479,0.000000000,0.000000000
QV-C01-006-A0048,QV-C01-006,DS00,quebrada_verde,CAMPAIGN_01,94.000000000,96.000000000,2.000000000,0.377403440,0.000000000,0.000000000
QV-C01-006-A0049,QV-C01-006,DS00,quebrada_verde,CAMPAIGN_01,96.000000000,98.000000000,2.000000000,0.374304733,0.000000000,0.000000000
QV-C01-006-A0050,QV-C01-006,DS00,quebrada_verde,CAMPAIGN_01,98.000000000,100.000000000,2.000000000,0.388382009,0.000000000,0.000000000
QV-C01-006-A0051,QV-C01-006,DS00,quebrada_verde,CAMPAIGN_01,100.000000000,102.000000000,2.000000000,0.396825792,0.000000000,0.000000000
QV-C01-006-A0052,QV-C01-006,DS00,quebrada_verde,CAMPAIGN_01,102.000000000,104.000000000,2.000000000,0.416574061,0.000000000,0.000000000
QV-C01-006-A0053,QV-C01-006,DS00,quebrada_verde,CAMPAIGN_01,104.000000000,106.000000000,2.000000000,0.394390952,0.000000000,0.000000000
QV-C01-006-A0054,QV-C01-006,DS00,quebrada_verde,CAMPAIGN_01,106.000000000,108.000000000,2.000000000,0.398415819,0.000000000,0.000000000
QV-C01-006-A0055,QV-C01-006,DS00,quebrada_verde,CAMPAIGN_01,108.000000000,110.000000000,2.000000000,0.424135411,0.000000000,0.000000000
QV-C01-006-A0056,QV-C01-006,DS00,quebrada_verde,CAMPAIGN_01,110.000000000,112.000000000,2.000000000,0.420075626,0.000000000,0.000000000
QV-C01-006-A0057,QV-C01-006,DS00,quebrada_verde,CAMPAIGN_01,112.000000000,114.000000000,2.000000000,0.424511240,0.000000000,0.000000000
QV-C01-006-A0058,QV-C01-006,DS00,quebrada_verde,CAMPAIGN_01,114.000000000,116.000000000,2.000000000,0.414087079,0.000000000,0.000000000
QV-C01-006-A0059,QV-C01-006,DS00,quebrada_verde,CAMPAIGN_01,116.000000000,118.000000000,2.000000000,0.413866835,0.000000000,0.000000000
QV-C01-006-A0060,QV-C01-006,DS00,quebrada_verde,CAMPAIGN_01,118.000000000,120.000000000,2.000000000,0.423788707,0.000000000,0.000000000
QV-C01-006-A0061,QV-C01-006,DS00,quebrada_verde,CAMPAIGN_01,120.000000000,122.000000000,2.000000000,0.467573220,0.000000000,0.000000000
QV-C01-006-A0062,QV-C01-006,DS00,quebrada_verde,CAMPAIGN_01,122.000000000,124.000000000,2.000000000,0.456830510,0.000000000,0.000000000
QV-C01-006-A0063,QV-C01-006,DS00,quebrada_verde,CAMPAIGN_01,124.000000000,126.000000000,2.000000000,0.454816039,0.000000000,0.000000000
QV-C01-006-A0064,QV-C01-006,DS00,quebrada_verde,CAMPAIGN_01,126.000000000,128.000000000,2.000000000,0.469545365,0.000000000,0.000000000
QV-C01-006-A0065,QV-C01-006,DS00,quebrada_verde,CAMPAIGN_01,128.000000000,130.000000000,2.000000000,0.477891951,0.000000000,0.000000000
QV-C01-006-A0066,QV-C01-006,DS00,quebrada_verde,CAMPAIGN_01,130.000000000,132.000000000,2.000000000,0.483572507,0.000000000,0.000000000
QV-C01-006-A0067,QV-C01-006,DS00,quebrada_verde,CAMPAIGN_01,132.000000000,134.000000000,2.000000000,0.438289073,0.000000000,0.000000000
QV-C01-006-A0068,QV-C01-006,DS00,quebrada_verde,CAMPAIGN_01,134.000000000,136.000000000,2.000000000,0.515830515,0.000000000,0.000000000
QV-C01-006-A0069,QV-C01-006,DS00,quebrada_verde,CAMPAIGN_01,136.000000000,138.000000000,2.000000000,0.520718170,0.000000000,0.000000000
QV-C01-006-A0070,QV-C01-006,DS00,quebrada_verde,CAMPAIGN_01,138.000000000,140.000000000,2.000000000,0.507605545,0.000000000,0.000000000
QV-C01-006-A0071,QV-C01-006,DS00,quebrada_verde,CAMPAIGN_01,140.000000000,142.000000000,2.000000000,0.526653622,0.000000000,0.000000000
QV-C01-006-A0072,QV-C01-006,DS00,quebrada_verde,CAMPAIGN_01,142.000000000,144.000000000,2.000000000,0.485875932,0.000000000,0.000000000
QV-C01-006-A0073,QV-C01-006,DS00,quebrada_verde,CAMPAIGN_01,144.000000000,146.000000000,2.000000000,0.519407567,0.000000000,0.000000000
QV-C01-006-A0074,QV-C01-006,DS00,quebrada_verde,CAMPAIGN_01,146.000000000,148.000000000,2.000000000,0.521142968,0.000000000,0.000000000
QV-C01-006-A0075,QV-C01-006,DS00,quebrada_verde,CAMPAIGN_01,148.000000000,150.000000000,2.000000000,0.547604165,0.000000000,0.000000000
QV-C01-006-A0076,QV-C01-006,DS00,quebrada_verde,CAMPAIGN_01,150.000000000,152.000000000,2.000000000,0.533962972,0.000000000,0.000000000
QV-C01-006-A0077,QV-C01-006,DS00,quebrada_verde,CAMPAIGN_01,152.000000000,154.000000000,2.000000000,0.536581372,0.000000000,0.000000000
QV-C01-006-A0078,QV-C01-006,DS00,quebrada_verde,CAMPAIGN_01,154.000000000,156.000000000,2.000000000,0.560880739,0.000000000,0.000000000
QV-C01-006-A0079,QV-C01-006,DS00,quebrada_verde,CAMPAIGN_01,156.000000000,158.000000000,2.000000000,0.566422164,0.000000000,0.000000000
QV-C01-006-A0080,QV-C01-006,DS00,quebrada_verde,CAMPAIGN_01,158.000000000,160.000000000,2.000000000,0.529492598,0.000000000,0.000000000
QV-C01-006-A0081,QV-C01-006,DS00,quebrada_verde,CAMPAIGN_01,160.000000000,162.000000000,2.000000000,0.517246724,0.000000000,0.000000000
QV-C01-006-A0082,QV-C01-006,DS00,quebrada_verde,CAMPAIGN_01,162.000000000,164.000000000,2.000000000,0.570220919,0.000000000,0.000000000
QV-C01-006-A0083,QV-C01-006,DS00,quebrada_verde,CAMPAIGN_01,164.000000000,166.000000000,2.000000000,0.564394282,0.000000000,0.000000000
QV-C01-006-A0084,QV-C01-006,DS00,quebrada_verde,CAMPAIGN_01,166.000000000,168.000000000,2.000000000,0.569235247,0.000000000,0.000000000
QV-C01-006-A0085,QV-C01-006,DS00,quebrada_verde,CAMPAIGN_01,168.000000000,170.000000000,2.000000000,0.517538935,0.000000000,0.000000000
QV-C01-006-A0086,QV-C01-006,DS00,quebrada_verde,CAMPAIGN_01,170.000000000,172.000000000,2.000000000,0.574361419,0.000000000,0.000000000
QV-C01-006-A0087,QV-C01-006,DS00,quebrada_verde,CAMPAIGN_01,172.000000000,174.000000000,2.000000000,0.569434534,0.000000000,0.000000000
QV-C01-006-A0088,QV-C01-006,DS00,quebrada_verde,CAMPAIGN_01,174.000000000,176.000000000,2.000000000,0.566864484,0.000000000,0.000000000
QV-C01-006-A0089,QV-C01-006,DS00,quebrada_verde,CAMPAIGN_01,176.000000000,178.000000000,2.000000000,0.555853952,0.000000000,0.000000000
QV-C01-006-A0090,QV-C01-006,DS00,quebrada_verde,CAMPAIGN_01,178.000000000,180.000000000,2.000000000,0.597105512,0.000000000,0.000000000
QV-C01-006-A0091,QV-C01-006,DS00,quebrada_verde,CAMPAIGN_01,180.000000000,182.000000000,2.000000000,0.569229146,0.000000000,0.000000000
QV-C01-006-A0092,QV-C01-006,DS00,quebrada_verde,CAMPAIGN_01,182.000000000,184.000000000,2.000000000,0.563540009,0.000000000,0.000000000
QV-C01-006-A0093,QV-C01-006,DS00,quebrada_verde,CAMPAIGN_01,184.000000000,186.000000000,2.000000000,0.562683082,0.000000000,0.000000000
QV-C01-006-A0094,QV-C01-006,DS00,quebrada_verde,CAMPAIGN_01,186.000000000,188.000000000,2.000000000,0.579920233,0.000000000,0.000000000
QV-C01-006-A0095,QV-C01-006,DS00,quebrada_verde,CAMPAIGN_01,188.000000000,190.000000000,2.000000000,0.562095010,0.000000000,0.000000000
QV-C01-006-A0096,QV-C01-006,DS00,quebrada_verde,CAMPAIGN_01,190.000000000,192.000000000,2.000000000,0.581442203,0.000000000,0.000000000
QV-C01-006-A0097,QV-C01-006,DS00,quebrada_verde,CAMPAIGN_01,192.000000000,194.000000000,2.000000000,0.584068031,0.000000000,0.000000000
QV-C01-006-A0098,QV-C01-006,DS00,quebrada_verde,CAMPAIGN_01,194.000000000,196.000000000,2.000000000,0.598944233,0.000000000,0.000000000
QV-C01-006-A0099,QV-C01-006,DS00,quebrada_verde,CAMPAIGN_01,196.000000000,198.000000000,2.000000000,0.563131901,0.000000000,0.000000000
QV-C01-006-A0100,QV-C01-006,DS00,quebrada_verde,CAMPAIGN_01,198.000000000,200.000000000,2.000000000,0.588149060,0.000000000,0.000000000
QV-C01-006-A0101,QV-C01-006,DS00,quebrada_verde,CAMPAIGN_01,200.000000000,202.000000000,2.000000000,0.572163915,0.000000000,0.000000000
QV-C01-006-A0102,QV-C01-006,DS00,quebrada_verde,CAMPAIGN_01,202.000000000,204.000000000,2.000000000,0.598160197,0.000000000,0.000000000
QV-C01-006-A0103,QV-C01-006,DS00,quebrada_verde,CAMPAIGN_01,204.000000000,206.000000000,2.000000000,0.564935104,0.000000000,0.000000000
QV-C01-006-A0104,QV-C01-006,DS00,quebrada_verde,CAMPAIGN_01,206.000000000,208.000000000,2.000000000,0.580683093,0.000000000,0.000000000
QV-C01-006-A0105,QV-C01-006,DS00,quebrada_verde,CAMPAIGN_01,208.000000000,210.000000000,2.000000000,0.538200568,0.000000000,0.000000000
QV-C01-006-A0106,QV-C01-006,DS00,quebrada_verde,CAMPAIGN_01,210.000000000,212.000000000,2.000000000,0.571361189,0.000000000,0.000000000
QV-C01-006-A0107,QV-C01-006,DS00,quebrada_verde,CAMPAIGN_01,212.000000000,214.000000000,2.000000000,0.569596549,0.000000000,0.000000000
QV-C01-006-A0108,QV-C01-006,DS00,quebrada_verde,CAMPAIGN_01,214.000000000,216.000000000,2.000000000,0.589857276,0.000000000,0.000000000
QV-C01-006-A0109,QV-C01-006,DS00,quebrada_verde,CAMPAIGN_01,216.000000000,218.000000000,2.000000000,0.586263229,0.000000000,0.000000000
QV-C01-006-A0110,QV-C01-006,DS00,quebrada_verde,CAMPAIGN_01,218.000000000,220.000000000,2.000000000,0.555054557,0.000000000,0.000000000
QV-C01-006-A0111,QV-C01-006,DS00,quebrada_verde,CAMPAIGN_01,220.000000000,222.000000000,2.000000000,0.587845013,0.000000000,0.000000000
QV-C01-006-A0112,QV-C01-006,DS00,quebrada_verde,CAMPAIGN_01,222.000000000,224.000000000,2.000000000,0.560759499,0.000000000,0.000000000
QV-C01-006-A0113,QV-C01-006,DS00,quebrada_verde,CAMPAIGN_01,224.000000000,226.000000000,2.000000000,0.573706865,0.000000000,0.000000000
QV-C01-006-A0114,QV-C01-006,DS00,quebrada_verde,CAMPAIGN_01,226.000000000,228.000000000,2.000000000,0.592749358,0.000000000,0.000000000
QV-C01-006-A0115,QV-C01-006,DS00,quebrada_verde,CAMPAIGN_01,228.000000000,230.000000000,2.000000000,0.570892040,0.000000000,0.000000000
QV-C01-006-A0116,QV-C01-006,DS00,quebrada_verde,CAMPAIGN_01,230.000000000,232.000000000,2.000000000,0.560851724,0.000000000,0.000000000
QV-C01-006-A0117,QV-C01-006,DS00,quebrada_verde,CAMPAIGN_01,232.000000000,234.000000000,2.000000000,0.585969574,0.000000000,0.000000000
QV-C01-006-A0118,QV-C01-006,DS00,quebrada_verde,CAMPAIGN_01,234.000000000,236.000000000,2.000000000,0.538341496,0.000000000,0.000000000
QV-C01-006-A0119,QV-C01-006,DS00,quebrada_verde,CAMPAIGN_01,236.000000000,238.000000000,2.000000000,0.515079778,0.000000000,0.000000000
QV-C01-006-A0120,QV-C01-006,DS00,quebrada_verde,CAMPAIGN_01,238.000000000,240.000000000,2.000000000,0.564424468,0.000000000,0.000000000
QV-C01-006-A0121,QV-C01-006,DS00,quebrada_verde,CAMPAIGN_01,240.000000000,242.000000000,2.000000000,0.539336104,0.000000000,0.000000000
QV-C01-006-A0122,QV-C01-006,DS00,quebrada_verde,CAMPAIGN_01,242.000000000,244.000000000,2.000000000,0.515751610,0.000000000,0.000000000
QV-C01-006-A0123,QV-C01-006,DS00,quebrada_verde,CAMPAIGN_01,244.000000000,246.000000000,2.000000000,0.528788904,0.000000000,0.000000000
QV-C01-006-A0124,QV-C01-006,DS00,quebrada_verde,CAMPAIGN_01,246.000000000,248.000000000,2.000000000,0.533044775,0.000000000,0.000000000
QV-C01-006-A0125,QV-C01-006,DS00,quebrada_verde,CAMPAIGN_01,248.000000000,250.000000000,2.000000000,0.487881760,0.000000000,0.000000000
QV-C01-006-A0126,QV-C01-006,DS00,quebrada_verde,CAMPAIGN_01,250.000000000,250.840441124,0.840441124,0.476771341,0.000000000,0.000000000
QV-C01-007-A0001,QV-C01-007,DS00,quebrada_verde,CAMPAIGN_01,0.000000000,2.000000000,2.000000000,0.053707206,0.000000000,0.000000000
QV-C01-007-A0002,QV-C01-007,DS00,quebrada_verde,CAMPAIGN_01,2.000000000,4.000000000,2.000000000,0.059341451,0.000000000,0.000000000
QV-C01-007-A0003,QV-C01-007,DS00,quebrada_verde,CAMPAIGN_01,4.000000000,6.000000000,2.000000000,0.057964303,0.000000000,0.000000000
QV-C01-007-A0004,QV-C01-007,DS00,quebrada_verde,CAMPAIGN_01,6.000000000,8.000000000,2.000000000,0.060427170,0.000000000,0.000000000
QV-C01-007-A0005,QV-C01-007,DS00,quebrada_verde,CAMPAIGN_01,8.000000000,10.000000000,2.000000000,0.059556036,0.000000000,0.000000000
QV-C01-007-A0006,QV-C01-007,DS00,quebrada_verde,CAMPAIGN_01,10.000000000,12.000000000,2.000000000,0.059262555,0.000000000,0.000000000
QV-C01-007-A0007,QV-C01-007,DS00,quebrada_verde,CAMPAIGN_01,12.000000000,14.000000000,2.000000000,0.066754409,0.000000000,0.000000000
QV-C01-007-A0008,QV-C01-007,DS00,quebrada_verde,CAMPAIGN_01,14.000000000,16.000000000,2.000000000,0.067453303,0.000000000,0.000000000
QV-C01-007-A0009,QV-C01-007,DS00,quebrada_verde,CAMPAIGN_01,16.000000000,18.000000000,2.000000000,0.067969978,0.000000000,0.000000000
QV-C01-007-A0010,QV-C01-007,DS00,quebrada_verde,CAMPAIGN_01,18.000000000,20.000000000,2.000000000,0.074168363,0.000000000,0.000000000
QV-C01-007-A0011,QV-C01-007,DS00,quebrada_verde,CAMPAIGN_01,20.000000000,22.000000000,2.000000000,0.068747256,0.000000000,0.000000000
QV-C01-007-A0012,QV-C01-007,DS00,quebrada_verde,CAMPAIGN_01,22.000000000,24.000000000,2.000000000,0.072743403,0.000000000,0.000000000
QV-C01-007-A0013,QV-C01-007,DS00,quebrada_verde,CAMPAIGN_01,24.000000000,26.000000000,2.000000000,0.081589704,0.000000000,0.000000000
QV-C01-007-A0014,QV-C01-007,DS00,quebrada_verde,CAMPAIGN_01,26.000000000,28.000000000,2.000000000,0.074952902,0.000000000,0.000000000
QV-C01-007-A0015,QV-C01-007,DS00,quebrada_verde,CAMPAIGN_01,28.000000000,30.000000000,2.000000000,0.084133069,0.000000000,0.000000000
QV-C01-007-A0016,QV-C01-007,DS00,quebrada_verde,CAMPAIGN_01,30.000000000,32.000000000,2.000000000,0.088491244,0.000000000,0.000000000
QV-C01-007-A0017,QV-C01-007,DS00,quebrada_verde,CAMPAIGN_01,32.000000000,34.000000000,2.000000000,0.090265683,0.000000000,0.000000000
QV-C01-007-A0018,QV-C01-007,DS00,quebrada_verde,CAMPAIGN_01,34.000000000,36.000000000,2.000000000,0.088887142,0.000000000,0.000000000
QV-C01-007-A0019,QV-C01-007,DS00,quebrada_verde,CAMPAIGN_01,36.000000000,38.000000000,2.000000000,0.090697004,0.000000000,0.000000000
QV-C01-007-A0020,QV-C01-007,DS00,quebrada_verde,CAMPAIGN_01,38.000000000,40.000000000,2.000000000,0.095181046,0.000000000,0.000000000
QV-C01-007-A0021,QV-C01-007,DS00,quebrada_verde,CAMPAIGN_01,40.000000000,42.000000000,2.000000000,0.096196106,0.000000000,0.000000000
QV-C01-007-A0022,QV-C01-007,DS00,quebrada_verde,CAMPAIGN_01,42.000000000,44.000000000,2.000000000,0.102029851,0.000000000,0.000000000
QV-C01-007-A0023,QV-C01-007,DS00,quebrada_verde,CAMPAIGN_01,44.000000000,46.000000000,2.000000000,0.107528865,0.000000000,0.000000000
QV-C01-007-A0024,QV-C01-007,DS00,quebrada_verde,CAMPAIGN_01,46.000000000,48.000000000,2.000000000,0.107498696,0.000000000,0.000000000
QV-C01-007-A0025,QV-C01-007,DS00,quebrada_verde,CAMPAIGN_01,48.000000000,50.000000000,2.000000000,0.113723114,0.000000000,0.000000000
QV-C01-007-A0026,QV-C01-007,DS00,quebrada_verde,CAMPAIGN_01,50.000000000,52.000000000,2.000000000,0.109495121,0.000000000,0.000000000
QV-C01-007-A0027,QV-C01-007,DS00,quebrada_verde,CAMPAIGN_01,52.000000000,54.000000000,2.000000000,0.112935746,0.000000000,0.000000000
QV-C01-007-A0028,QV-C01-007,DS00,quebrada_verde,CAMPAIGN_01,54.000000000,56.000000000,2.000000000,0.118100917,0.000000000,0.000000000
QV-C01-007-A0029,QV-C01-007,DS00,quebrada_verde,CAMPAIGN_01,56.000000000,58.000000000,2.000000000,0.119571395,0.000000000,0.000000000
QV-C01-007-A0030,QV-C01-007,DS00,quebrada_verde,CAMPAIGN_01,58.000000000,60.000000000,2.000000000,0.129953755,0.000000000,0.000000000
QV-C01-007-A0031,QV-C01-007,DS00,quebrada_verde,CAMPAIGN_01,60.000000000,62.000000000,2.000000000,0.138318618,0.000000000,0.000000000
QV-C01-007-A0032,QV-C01-007,DS00,quebrada_verde,CAMPAIGN_01,62.000000000,64.000000000,2.000000000,0.145212531,0.000000000,0.000000000
QV-C01-007-A0033,QV-C01-007,DS00,quebrada_verde,CAMPAIGN_01,64.000000000,66.000000000,2.000000000,0.140721020,0.000000000,0.000000000
QV-C01-007-A0034,QV-C01-007,DS00,quebrada_verde,CAMPAIGN_01,66.000000000,68.000000000,2.000000000,0.143669351,0.000000000,0.000000000
QV-C01-007-A0035,QV-C01-007,DS00,quebrada_verde,CAMPAIGN_01,68.000000000,70.000000000,2.000000000,0.146234448,0.000000000,0.000000000
QV-C01-007-A0036,QV-C01-007,DS00,quebrada_verde,CAMPAIGN_01,70.000000000,72.000000000,2.000000000,0.151675511,0.000000000,0.000000000
QV-C01-007-A0037,QV-C01-007,DS00,quebrada_verde,CAMPAIGN_01,72.000000000,74.000000000,2.000000000,0.154999585,0.000000000,0.000000000
QV-C01-007-A0038,QV-C01-007,DS00,quebrada_verde,CAMPAIGN_01,74.000000000,76.000000000,2.000000000,0.149538030,0.000000000,0.000000000
QV-C01-007-A0039,QV-C01-007,DS00,quebrada_verde,CAMPAIGN_01,76.000000000,78.000000000,2.000000000,0.159786092,0.000000000,0.000000000
QV-C01-007-A0040,QV-C01-007,DS00,quebrada_verde,CAMPAIGN_01,78.000000000,80.000000000,2.000000000,0.189433246,0.000000000,0.000000000
QV-C01-007-A0041,QV-C01-007,DS00,quebrada_verde,CAMPAIGN_01,80.000000000,82.000000000,2.000000000,0.167355658,0.000000000,0.000000000
QV-C01-007-A0042,QV-C01-007,DS00,quebrada_verde,CAMPAIGN_01,82.000000000,84.000000000,2.000000000,0.169547552,0.000000000,0.000000000
QV-C01-007-A0043,QV-C01-007,DS00,quebrada_verde,CAMPAIGN_01,84.000000000,86.000000000,2.000000000,0.181550219,0.000000000,0.000000000
QV-C01-007-A0044,QV-C01-007,DS00,quebrada_verde,CAMPAIGN_01,86.000000000,88.000000000,2.000000000,0.181666410,0.000000000,0.000000000
QV-C01-007-A0045,QV-C01-007,DS00,quebrada_verde,CAMPAIGN_01,88.000000000,90.000000000,2.000000000,0.185872619,0.000000000,0.000000000
QV-C01-007-A0046,QV-C01-007,DS00,quebrada_verde,CAMPAIGN_01,90.000000000,92.000000000,2.000000000,0.194536073,0.000000000,0.000000000
QV-C01-007-A0047,QV-C01-007,DS00,quebrada_verde,CAMPAIGN_01,92.000000000,94.000000000,2.000000000,0.218332390,0.000000000,0.000000000
QV-C01-007-A0048,QV-C01-007,DS00,quebrada_verde,CAMPAIGN_01,94.000000000,96.000000000,2.000000000,0.220277181,0.000000000,0.000000000
QV-C01-007-A0049,QV-C01-007,DS00,quebrada_verde,CAMPAIGN_01,96.000000000,98.000000000,2.000000000,0.222677636,0.000000000,0.000000000
QV-C01-007-A0050,QV-C01-007,DS00,quebrada_verde,CAMPAIGN_01,98.000000000,100.000000000,2.000000000,0.222928786,0.000000000,0.000000000
QV-C01-007-A0051,QV-C01-007,DS00,quebrada_verde,CAMPAIGN_01,100.000000000,102.000000000,2.000000000,0.238731019,0.000000000,0.000000000
QV-C01-007-A0052,QV-C01-007,DS00,quebrada_verde,CAMPAIGN_01,102.000000000,104.000000000,2.000000000,0.223788335,0.000000000,0.000000000
QV-C01-007-A0053,QV-C01-007,DS00,quebrada_verde,CAMPAIGN_01,104.000000000,106.000000000,2.000000000,0.220646763,0.000000000,0.000000000
QV-C01-007-A0054,QV-C01-007,DS00,quebrada_verde,CAMPAIGN_01,106.000000000,108.000000000,2.000000000,0.240549822,0.000000000,0.000000000
QV-C01-007-A0055,QV-C01-007,DS00,quebrada_verde,CAMPAIGN_01,108.000000000,110.000000000,2.000000000,0.233122420,0.000000000,0.000000000
QV-C01-007-A0056,QV-C01-007,DS00,quebrada_verde,CAMPAIGN_01,110.000000000,112.000000000,2.000000000,0.245177431,0.000000000,0.000000000
QV-C01-007-A0057,QV-C01-007,DS00,quebrada_verde,CAMPAIGN_01,112.000000000,114.000000000,2.000000000,0.249885940,0.000000000,0.000000000
QV-C01-007-A0058,QV-C01-007,DS00,quebrada_verde,CAMPAIGN_01,114.000000000,116.000000000,2.000000000,0.242433025,0.000000000,0.000000000
QV-C01-007-A0059,QV-C01-007,DS00,quebrada_verde,CAMPAIGN_01,116.000000000,118.000000000,2.000000000,0.250136705,0.000000000,0.000000000
QV-C01-007-A0060,QV-C01-007,DS00,quebrada_verde,CAMPAIGN_01,118.000000000,120.000000000,2.000000000,0.284763406,0.000000000,0.000000000
QV-C01-007-A0061,QV-C01-007,DS00,quebrada_verde,CAMPAIGN_01,120.000000000,122.000000000,2.000000000,0.298923469,0.000000000,0.000000000
QV-C01-007-A0062,QV-C01-007,DS00,quebrada_verde,CAMPAIGN_01,122.000000000,124.000000000,2.000000000,0.307836967,0.000000000,0.000000000
QV-C01-007-A0063,QV-C01-007,DS00,quebrada_verde,CAMPAIGN_01,124.000000000,126.000000000,2.000000000,0.304503860,0.000000000,0.000000000
QV-C01-007-A0064,QV-C01-007,DS00,quebrada_verde,CAMPAIGN_01,126.000000000,128.000000000,2.000000000,0.301953597,0.000000000,0.000000000
QV-C01-007-A0065,QV-C01-007,DS00,quebrada_verde,CAMPAIGN_01,128.000000000,130.000000000,2.000000000,0.306685837,0.000000000,0.000000000
QV-C01-007-A0066,QV-C01-007,DS00,quebrada_verde,CAMPAIGN_01,130.000000000,132.000000000,2.000000000,0.298648470,0.000000000,0.000000000
QV-C01-007-A0067,QV-C01-007,DS00,quebrada_verde,CAMPAIGN_01,132.000000000,134.000000000,2.000000000,0.342283407,0.000000000,0.000000000
QV-C01-007-A0068,QV-C01-007,DS00,quebrada_verde,CAMPAIGN_01,134.000000000,136.000000000,2.000000000,0.341328820,0.000000000,0.000000000
QV-C01-007-A0069,QV-C01-007,DS00,quebrada_verde,CAMPAIGN_01,136.000000000,138.000000000,2.000000000,0.330164453,0.000000000,0.000000000
QV-C01-007-A0070,QV-C01-007,DS00,quebrada_verde,CAMPAIGN_01,138.000000000,140.000000000,2.000000000,0.337248157,0.000000000,0.000000000
QV-C01-007-A0071,QV-C01-007,DS00,quebrada_verde,CAMPAIGN_01,140.000000000,142.000000000,2.000000000,0.342907366,0.000000000,0.000000000
QV-C01-007-A0072,QV-C01-007,DS00,quebrada_verde,CAMPAIGN_01,142.000000000,144.000000000,2.000000000,0.350780356,0.000000000,0.000000000
QV-C01-007-A0073,QV-C01-007,DS00,quebrada_verde,CAMPAIGN_01,144.000000000,146.000000000,2.000000000,0.361073168,0.000000000,0.000000000
QV-C01-007-A0074,QV-C01-007,DS00,quebrada_verde,CAMPAIGN_01,146.000000000,148.000000000,2.000000000,0.367143427,0.000000000,0.000000000
QV-C01-007-A0075,QV-C01-007,DS00,quebrada_verde,CAMPAIGN_01,148.000000000,150.000000000,2.000000000,0.379684071,0.000000000,0.000000000
QV-C01-007-A0076,QV-C01-007,DS00,quebrada_verde,CAMPAIGN_01,150.000000000,152.000000000,2.000000000,0.368299736,0.000000000,0.000000000
QV-C01-007-A0077,QV-C01-007,DS00,quebrada_verde,CAMPAIGN_01,152.000000000,154.000000000,2.000000000,0.394113695,0.000000000,0.000000000
QV-C01-007-A0078,QV-C01-007,DS00,quebrada_verde,CAMPAIGN_01,154.000000000,156.000000000,2.000000000,0.392428274,0.000000000,0.000000000
QV-C01-007-A0079,QV-C01-007,DS00,quebrada_verde,CAMPAIGN_01,156.000000000,158.000000000,2.000000000,0.426940515,0.000000000,0.000000000
QV-C01-007-A0080,QV-C01-007,DS00,quebrada_verde,CAMPAIGN_01,158.000000000,160.000000000,2.000000000,0.404663659,0.000000000,0.000000000
QV-C01-007-A0081,QV-C01-007,DS00,quebrada_verde,CAMPAIGN_01,160.000000000,162.000000000,2.000000000,0.428988492,0.000000000,0.000000000
QV-C01-007-A0082,QV-C01-007,DS00,quebrada_verde,CAMPAIGN_01,162.000000000,164.000000000,2.000000000,0.406065832,0.000000000,0.000000000
QV-C01-007-A0083,QV-C01-007,DS00,quebrada_verde,CAMPAIGN_01,164.000000000,166.000000000,2.000000000,0.400893328,0.000000000,0.000000000
QV-C01-007-A0084,QV-C01-007,DS00,quebrada_verde,CAMPAIGN_01,166.000000000,168.000000000,2.000000000,0.426177404,0.000000000,0.000000000
QV-C01-007-A0085,QV-C01-007,DS00,quebrada_verde,CAMPAIGN_01,168.000000000,170.000000000,2.000000000,0.443888590,0.000000000,0.000000000
QV-C01-007-A0086,QV-C01-007,DS00,quebrada_verde,CAMPAIGN_01,170.000000000,172.000000000,2.000000000,0.453812751,0.000000000,0.000000000
QV-C01-007-A0087,QV-C01-007,DS00,quebrada_verde,CAMPAIGN_01,172.000000000,174.000000000,2.000000000,0.456249779,0.000000000,0.000000000
QV-C01-007-A0088,QV-C01-007,DS00,quebrada_verde,CAMPAIGN_01,174.000000000,176.000000000,2.000000000,0.467699430,0.000000000,0.000000000
QV-C01-007-A0089,QV-C01-007,DS00,quebrada_verde,CAMPAIGN_01,176.000000000,178.000000000,2.000000000,0.467833067,0.000000000,0.000000000
QV-C01-007-A0090,QV-C01-007,DS00,quebrada_verde,CAMPAIGN_01,178.000000000,180.000000000,2.000000000,0.461820647,0.000000000,0.000000000
QV-C01-007-A0091,QV-C01-007,DS00,quebrada_verde,CAMPAIGN_01,180.000000000,182.000000000,2.000000000,0.460451373,0.000000000,0.000000000
QV-C01-007-A0092,QV-C01-007,DS00,quebrada_verde,CAMPAIGN_01,182.000000000,184.000000000,2.000000000,0.488339190,0.000000000,0.000000000
QV-C01-007-A0093,QV-C01-007,DS00,quebrada_verde,CAMPAIGN_01,184.000000000,186.000000000,2.000000000,0.517237167,0.000000000,0.000000000
QV-C01-007-A0094,QV-C01-007,DS00,quebrada_verde,CAMPAIGN_01,186.000000000,188.000000000,2.000000000,0.475614623,0.000000000,0.000000000
QV-C01-007-A0095,QV-C01-007,DS00,quebrada_verde,CAMPAIGN_01,188.000000000,190.000000000,2.000000000,0.462973156,0.000000000,0.000000000
QV-C01-007-A0096,QV-C01-007,DS00,quebrada_verde,CAMPAIGN_01,190.000000000,192.000000000,2.000000000,0.506139865,0.000000000,0.000000000
QV-C01-007-A0097,QV-C01-007,DS00,quebrada_verde,CAMPAIGN_01,192.000000000,194.000000000,2.000000000,0.529752428,0.000000000,0.000000000
QV-C01-007-A0098,QV-C01-007,DS00,quebrada_verde,CAMPAIGN_01,194.000000000,196.000000000,2.000000000,0.526763511,0.000000000,0.000000000
QV-C01-007-A0099,QV-C01-007,DS00,quebrada_verde,CAMPAIGN_01,196.000000000,198.000000000,2.000000000,0.568889298,0.000000000,0.000000000
QV-C01-007-A0100,QV-C01-007,DS00,quebrada_verde,CAMPAIGN_01,198.000000000,200.000000000,2.000000000,0.506206515,0.000000000,0.000000000
QV-C01-007-A0101,QV-C01-007,DS00,quebrada_verde,CAMPAIGN_01,200.000000000,202.000000000,2.000000000,0.555560554,0.000000000,0.000000000
QV-C01-007-A0102,QV-C01-007,DS00,quebrada_verde,CAMPAIGN_01,202.000000000,204.000000000,2.000000000,0.545869009,0.000000000,0.000000000
QV-C01-007-A0103,QV-C01-007,DS00,quebrada_verde,CAMPAIGN_01,204.000000000,206.000000000,2.000000000,0.567589829,0.000000000,0.000000000
QV-C01-007-A0104,QV-C01-007,DS00,quebrada_verde,CAMPAIGN_01,206.000000000,208.000000000,2.000000000,0.523456888,0.000000000,0.000000000
QV-C01-007-A0105,QV-C01-007,DS00,quebrada_verde,CAMPAIGN_01,208.000000000,210.000000000,2.000000000,0.561349863,0.000000000,0.000000000
QV-C01-007-A0106,QV-C01-007,DS00,quebrada_verde,CAMPAIGN_01,210.000000000,212.000000000,2.000000000,0.531085335,0.000000000,0.000000000
QV-C01-007-A0107,QV-C01-007,DS00,quebrada_verde,CAMPAIGN_01,212.000000000,214.000000000,2.000000000,0.561460264,0.000000000,0.000000000
QV-C01-007-A0108,QV-C01-007,DS00,quebrada_verde,CAMPAIGN_01,214.000000000,216.000000000,2.000000000,0.571846749,0.000000000,0.000000000
QV-C01-007-A0109,QV-C01-007,DS00,quebrada_verde,CAMPAIGN_01,216.000000000,218.000000000,2.000000000,0.560971101,0.000000000,0.000000000
QV-C01-007-A0110,QV-C01-007,DS00,quebrada_verde,CAMPAIGN_01,218.000000000,220.000000000,2.000000000,0.529432628,0.000000000,0.000000000
QV-C01-007-A0111,QV-C01-007,DS00,quebrada_verde,CAMPAIGN_01,220.000000000,222.000000000,2.000000000,0.527183661,0.000000000,0.000000000
QV-C01-007-A0112,QV-C01-007,DS00,quebrada_verde,CAMPAIGN_01,222.000000000,224.000000000,2.000000000,0.595343371,0.000000000,0.000000000
QV-C01-007-A0113,QV-C01-007,DS00,quebrada_verde,CAMPAIGN_01,224.000000000,226.000000000,2.000000000,0.589815081,0.000000000,0.000000000
QV-C01-007-A0114,QV-C01-007,DS00,quebrada_verde,CAMPAIGN_01,226.000000000,228.000000000,2.000000000,0.593320027,0.000000000,0.000000000
QV-C01-007-A0115,QV-C01-007,DS00,quebrada_verde,CAMPAIGN_01,228.000000000,230.000000000,2.000000000,0.577080787,0.000000000,0.000000000
QV-C01-007-A0116,QV-C01-007,DS00,quebrada_verde,CAMPAIGN_01,230.000000000,232.000000000,2.000000000,0.564523268,0.000000000,0.000000000
QV-C01-007-A0117,QV-C01-007,DS00,quebrada_verde,CAMPAIGN_01,232.000000000,234.000000000,2.000000000,0.587845596,0.000000000,0.000000000
QV-C01-007-A0118,QV-C01-007,DS00,quebrada_verde,CAMPAIGN_01,234.000000000,236.000000000,2.000000000,0.544140676,0.000000000,0.000000000
QV-C01-007-A0119,QV-C01-007,DS00,quebrada_verde,CAMPAIGN_01,236.000000000,238.000000000,2.000000000,0.570349523,0.000000000,0.000000000
QV-C01-007-A0120,QV-C01-007,DS00,quebrada_verde,CAMPAIGN_01,238.000000000,240.000000000,2.000000000,0.582450933,0.000000000,0.000000000
QV-C01-007-A0121,QV-C01-007,DS00,quebrada_verde,CAMPAIGN_01,240.000000000,242.000000000,2.000000000,0.591610854,0.000000000,0.000000000
QV-C01-007-A0122,QV-C01-007,DS00,quebrada_verde,CAMPAIGN_01,242.000000000,244.000000000,2.000000000,0.612211912,0.000000000,0.000000000
QV-C01-007-A0123,QV-C01-007,DS00,quebrada_verde,CAMPAIGN_01,244.000000000,246.000000000,2.000000000,0.566268388,0.000000000,0.000000000
QV-C01-007-A0124,QV-C01-007,DS00,quebrada_verde,CAMPAIGN_01,246.000000000,248.000000000,2.000000000,0.578692129,0.000000000,0.000000000
QV-C01-007-A0125,QV-C01-007,DS00,quebrada_verde,CAMPAIGN_01,248.000000000,250.000000000,2.000000000,0.586937820,0.000000000,0.000000000
QV-C01-007-A0126,QV-C01-007,DS00,quebrada_verde,CAMPAIGN_01,250.000000000,252.000000000,2.000000000,0.600750778,0.000000000,0.000000000
QV-C01-007-A0127,QV-C01-007,DS00,quebrada_verde,CAMPAIGN_01,252.000000000,254.000000000,2.000000000,0.569677943,0.000000000,0.000000000
QV-C01-007-A0128,QV-C01-007,DS00,quebrada_verde,CAMPAIGN_01,254.000000000,256.000000000,2.000000000,0.555102951,0.000000000,0.000000000
QV-C01-007-A0129,QV-C01-007,DS00,quebrada_verde,CAMPAIGN_01,256.000000000,258.000000000,2.000000000,0.600896189,0.000000000,0.000000000
QV-C01-007-A0130,QV-C01-007,DS00,quebrada_verde,CAMPAIGN_01,258.000000000,260.000000000,2.000000000,0.565219619,0.000000000,0.000000000
QV-C01-007-A0131,QV-C01-007,DS00,quebrada_verde,CAMPAIGN_01,260.000000000,262.000000000,2.000000000,0.580205199,0.000000000,0.000000000
QV-C01-007-A0132,QV-C01-007,DS00,quebrada_verde,CAMPAIGN_01,262.000000000,264.000000000,2.000000000,0.600587890,0.000000000,0.000000000
QV-C01-007-A0133,QV-C01-007,DS00,quebrada_verde,CAMPAIGN_01,264.000000000,266.000000000,2.000000000,0.605137085,0.000000000,0.000000000
QV-C01-007-A0134,QV-C01-007,DS00,quebrada_verde,CAMPAIGN_01,266.000000000,268.000000000,2.000000000,0.566614184,0.000000000,0.000000000
QV-C01-007-A0135,QV-C01-007,DS00,quebrada_verde,CAMPAIGN_01,268.000000000,270.000000000,2.000000000,0.588783270,0.000000000,0.000000000
QV-C01-007-A0136,QV-C01-007,DS00,quebrada_verde,CAMPAIGN_01,270.000000000,272.000000000,2.000000000,0.567217184,0.000000000,0.000000000
QV-C01-007-A0137,QV-C01-007,DS00,quebrada_verde,CAMPAIGN_01,272.000000000,274.000000000,2.000000000,0.594697151,0.000000000,0.000000000
QV-C01-007-A0138,QV-C01-007,DS00,quebrada_verde,CAMPAIGN_01,274.000000000,276.000000000,2.000000000,0.572501593,0.000000000,0.000000000
QV-C01-007-A0139,QV-C01-007,DS00,quebrada_verde,CAMPAIGN_01,276.000000000,278.000000000,2.000000000,0.586139368,0.000000000,0.000000000
QV-C01-007-A0140,QV-C01-007,DS00,quebrada_verde,CAMPAIGN_01,278.000000000,280.000000000,2.000000000,0.558534109,0.000000000,0.000000000
QV-C01-007-A0141,QV-C01-007,DS00,quebrada_verde,CAMPAIGN_01,280.000000000,282.000000000,2.000000000,0.549081305,0.000000000,0.000000000
QV-C01-007-A0142,QV-C01-007,DS00,quebrada_verde,CAMPAIGN_01,282.000000000,284.000000000,2.000000000,0.588387148,0.000000000,0.000000000
QV-C01-007-A0143,QV-C01-007,DS00,quebrada_verde,CAMPAIGN_01,284.000000000,286.000000000,2.000000000,0.558562518,0.000000000,0.000000000
QV-C01-007-A0144,QV-C01-007,DS00,quebrada_verde,CAMPAIGN_01,286.000000000,288.000000000,2.000000000,0.576417289,0.000000000,0.000000000
QV-C01-007-A0145,QV-C01-007,DS00,quebrada_verde,CAMPAIGN_01,288.000000000,290.000000000,2.000000000,0.554454419,0.000000000,0.000000000
QV-C01-007-A0146,QV-C01-007,DS00,quebrada_verde,CAMPAIGN_01,290.000000000,292.000000000,2.000000000,0.562918727,0.000000000,0.000000000
QV-C01-007-A0147,QV-C01-007,DS00,quebrada_verde,CAMPAIGN_01,292.000000000,294.000000000,2.000000000,0.562137941,0.000000000,0.000000000
QV-C01-007-A0148,QV-C01-007,DS00,quebrada_verde,CAMPAIGN_01,294.000000000,296.000000000,2.000000000,0.529035339,0.000000000,0.000000000
QV-C01-007-A0149,QV-C01-007,DS00,quebrada_verde,CAMPAIGN_01,296.000000000,298.000000000,2.000000000,0.553363797,0.000000000,0.000000000
QV-C01-007-A0150,QV-C01-007,DS00,quebrada_verde,CAMPAIGN_01,298.000000000,300.000000000,2.000000000,0.547988092,0.000000000,0.000000000
QV-C01-007-A0151,QV-C01-007,DS00,quebrada_verde,CAMPAIGN_01,300.000000000,302.000000000,2.000000000,0.527486643,0.000000000,0.000000000
QV-C01-007-A0152,QV-C01-007,DS00,quebrada_verde,CAMPAIGN_01,302.000000000,304.000000000,2.000000000,0.550665596,0.000000000,0.000000000
QV-C01-007-A0153,QV-C01-007,DS00,quebrada_verde,CAMPAIGN_01,304.000000000,306.000000000,2.000000000,0.520357729,0.000000000,0.000000000
QV-C01-007-A0154,QV-C01-007,DS00,quebrada_verde,CAMPAIGN_01,306.000000000,308.000000000,2.000000000,0.550245478,0.000000000,0.000000000
QV-C01-007-A0155,QV-C01-007,DS00,quebrada_verde,CAMPAIGN_01,308.000000000,310.000000000,2.000000000,0.541476535,0.000000000,0.000000000
QV-C01-007-A0156,QV-C01-007,DS00,quebrada_verde,CAMPAIGN_01,310.000000000,312.000000000,2.000000000,0.530967038,0.000000000,0.000000000
QV-C01-007-A0157,QV-C01-007,DS00,quebrada_verde,CAMPAIGN_01,312.000000000,314.000000000,2.000000000,0.533654033,0.000000000,0.000000000
QV-C01-007-A0158,QV-C01-007,DS00,quebrada_verde,CAMPAIGN_01,314.000000000,314.596901802,0.596901802,0.518569212,0.000000000,0.000000000
QV-C01-008-A0001,QV-C01-008,DS00,quebrada_verde,CAMPAIGN_01,0.000000000,2.000000000,2.000000000,0.023898133,0.000000000,0.000000000
QV-C01-008-A0002,QV-C01-008,DS00,quebrada_verde,CAMPAIGN_01,2.000000000,4.000000000,2.000000000,0.023118485,0.000000000,0.000000000
QV-C01-008-A0003,QV-C01-008,DS00,quebrada_verde,CAMPAIGN_01,4.000000000,6.000000000,2.000000000,0.017703540,0.000000000,0.000000000
QV-C01-008-A0004,QV-C01-008,DS00,quebrada_verde,CAMPAIGN_01,6.000000000,8.000000000,2.000000000,0.019497089,0.000000000,0.000000000
QV-C01-008-A0005,QV-C01-008,DS00,quebrada_verde,CAMPAIGN_01,8.000000000,10.000000000,2.000000000,0.018007355,0.000000000,0.000000000
QV-C01-008-A0006,QV-C01-008,DS00,quebrada_verde,CAMPAIGN_01,10.000000000,12.000000000,2.000000000,0.019815075,0.000000000,0.000000000
QV-C01-008-A0007,QV-C01-008,DS00,quebrada_verde,CAMPAIGN_01,12.000000000,14.000000000,2.000000000,0.020240031,0.000000000,0.000000000
QV-C01-008-A0008,QV-C01-008,DS00,quebrada_verde,CAMPAIGN_01,14.000000000,16.000000000,2.000000000,0.019965410,0.000000000,0.000000000
QV-C01-008-A0009,QV-C01-008,DS00,quebrada_verde,CAMPAIGN_01,16.000000000,18.000000000,2.000000000,0.021443658,0.000000000,0.000000000
QV-C01-008-A0010,QV-C01-008,DS00,quebrada_verde,CAMPAIGN_01,18.000000000,20.000000000,2.000000000,0.019918952,0.000000000,0.000000000
QV-C01-008-A0011,QV-C01-008,DS00,quebrada_verde,CAMPAIGN_01,20.000000000,22.000000000,2.000000000,0.021319795,0.000000000,0.000000000
QV-C01-008-A0012,QV-C01-008,DS00,quebrada_verde,CAMPAIGN_01,22.000000000,24.000000000,2.000000000,0.022579783,0.000000000,0.000000000
QV-C01-008-A0013,QV-C01-008,DS00,quebrada_verde,CAMPAIGN_01,24.000000000,26.000000000,2.000000000,0.020096628,0.000000000,0.000000000
QV-C01-008-A0014,QV-C01-008,DS00,quebrada_verde,CAMPAIGN_01,26.000000000,28.000000000,2.000000000,0.018980261,0.000000000,0.000000000
QV-C01-008-A0015,QV-C01-008,DS00,quebrada_verde,CAMPAIGN_01,28.000000000,30.000000000,2.000000000,0.021337082,0.000000000,0.000000000
QV-C01-008-A0016,QV-C01-008,DS00,quebrada_verde,CAMPAIGN_01,30.000000000,32.000000000,2.000000000,0.019204967,0.000000000,0.000000000
QV-C01-008-A0017,QV-C01-008,DS00,quebrada_verde,CAMPAIGN_01,32.000000000,34.000000000,2.000000000,0.020577280,0.000000000,0.000000000
QV-C01-008-A0018,QV-C01-008,DS00,quebrada_verde,CAMPAIGN_01,34.000000000,36.000000000,2.000000000,0.018746766,0.000000000,0.000000000
QV-C01-008-A0019,QV-C01-008,DS00,quebrada_verde,CAMPAIGN_01,36.000000000,38.000000000,2.000000000,0.020696149,0.000000000,0.000000000
QV-C01-008-A0020,QV-C01-008,DS00,quebrada_verde,CAMPAIGN_01,38.000000000,40.000000000,2.000000000,0.020056392,0.000000000,0.000000000
QV-C01-008-A0021,QV-C01-008,DS00,quebrada_verde,CAMPAIGN_01,40.000000000,42.000000000,2.000000000,0.022244171,0.000000000,0.000000000
QV-C01-008-A0022,QV-C01-008,DS00,quebrada_verde,CAMPAIGN_01,42.000000000,44.000000000,2.000000000,0.021361789,0.000000000,0.000000000
QV-C01-008-A0023,QV-C01-008,DS00,quebrada_verde,CAMPAIGN_01,44.000000000,46.000000000,2.000000000,0.022863296,0.000000000,0.000000000
QV-C01-008-A0024,QV-C01-008,DS00,quebrada_verde,CAMPAIGN_01,46.000000000,48.000000000,2.000000000,0.019330897,0.000000000,0.000000000
QV-C01-008-A0025,QV-C01-008,DS00,quebrada_verde,CAMPAIGN_01,48.000000000,50.000000000,2.000000000,0.021656211,0.000000000,0.000000000
QV-C01-008-A0026,QV-C01-008,DS00,quebrada_verde,CAMPAIGN_01,50.000000000,52.000000000,2.000000000,0.020136391,0.000000000,0.000000000
QV-C01-008-A0027,QV-C01-008,DS00,quebrada_verde,CAMPAIGN_01,52.000000000,54.000000000,2.000000000,0.019935845,0.000000000,0.000000000
QV-C01-008-A0028,QV-C01-008,DS00,quebrada_verde,CAMPAIGN_01,54.000000000,56.000000000,2.000000000,0.020085869,0.000000000,0.000000000
QV-C01-008-A0029,QV-C01-008,DS00,quebrada_verde,CAMPAIGN_01,56.000000000,58.000000000,2.000000000,0.021196290,0.000000000,0.000000000
QV-C01-008-A0030,QV-C01-008,DS00,quebrada_verde,CAMPAIGN_01,58.000000000,60.000000000,2.000000000,0.020509409,0.000000000,0.000000000
QV-C01-008-A0031,QV-C01-008,DS00,quebrada_verde,CAMPAIGN_01,60.000000000,62.000000000,2.000000000,0.019374343,0.000000000,0.000000000
QV-C01-008-A0032,QV-C01-008,DS00,quebrada_verde,CAMPAIGN_01,62.000000000,64.000000000,2.000000000,0.017253265,0.000000000,0.000000000
QV-C01-008-A0033,QV-C01-008,DS00,quebrada_verde,CAMPAIGN_01,64.000000000,66.000000000,2.000000000,0.025085507,0.000000000,0.000000000
QV-C01-008-A0034,QV-C01-008,DS00,quebrada_verde,CAMPAIGN_01,66.000000000,68.000000000,2.000000000,0.019585607,0.000000000,0.000000000
QV-C01-008-A0035,QV-C01-008,DS00,quebrada_verde,CAMPAIGN_01,68.000000000,70.000000000,2.000000000,0.020654443,0.000000000,0.000000000
QV-C01-008-A0036,QV-C01-008,DS00,quebrada_verde,CAMPAIGN_01,70.000000000,72.000000000,2.000000000,0.020601129,0.000000000,0.000000000
QV-C01-008-A0037,QV-C01-008,DS00,quebrada_verde,CAMPAIGN_01,72.000000000,74.000000000,2.000000000,0.018236125,0.000000000,0.000000000
QV-C01-008-A0038,QV-C01-008,DS00,quebrada_verde,CAMPAIGN_01,74.000000000,76.000000000,2.000000000,0.018547102,0.000000000,0.000000000
QV-C01-008-A0039,QV-C01-008,DS00,quebrada_verde,CAMPAIGN_01,76.000000000,78.000000000,2.000000000,0.020078690,0.000000000,0.000000000
QV-C01-008-A0040,QV-C01-008,DS00,quebrada_verde,CAMPAIGN_01,78.000000000,80.000000000,2.000000000,0.021537646,0.000000000,0.000000000
QV-C01-008-A0041,QV-C01-008,DS00,quebrada_verde,CAMPAIGN_01,80.000000000,82.000000000,2.000000000,0.021762597,0.000000000,0.000000000
QV-C01-008-A0042,QV-C01-008,DS00,quebrada_verde,CAMPAIGN_01,82.000000000,84.000000000,2.000000000,0.019710947,0.000000000,0.000000000
QV-C01-008-A0043,QV-C01-008,DS00,quebrada_verde,CAMPAIGN_01,84.000000000,86.000000000,2.000000000,0.022366825,0.000000000,0.000000000
QV-C01-008-A0044,QV-C01-008,DS00,quebrada_verde,CAMPAIGN_01,86.000000000,88.000000000,2.000000000,0.022064612,0.000000000,0.000000000
QV-C01-008-A0045,QV-C01-008,DS00,quebrada_verde,CAMPAIGN_01,88.000000000,90.000000000,2.000000000,0.024878499,0.000000000,0.000000000
QV-C01-008-A0046,QV-C01-008,DS00,quebrada_verde,CAMPAIGN_01,90.000000000,92.000000000,2.000000000,0.023536268,0.000000000,0.000000000
QV-C01-008-A0047,QV-C01-008,DS00,quebrada_verde,CAMPAIGN_01,92.000000000,94.000000000,2.000000000,0.020351742,0.000000000,0.000000000
QV-C01-008-A0048,QV-C01-008,DS00,quebrada_verde,CAMPAIGN_01,94.000000000,96.000000000,2.000000000,0.022906105,0.000000000,0.000000000
QV-C01-008-A0049,QV-C01-008,DS00,quebrada_verde,CAMPAIGN_01,96.000000000,98.000000000,2.000000000,0.021870997,0.000000000,0.000000000
QV-C01-008-A0050,QV-C01-008,DS00,quebrada_verde,CAMPAIGN_01,98.000000000,100.000000000,2.000000000,0.022230476,0.000000000,0.000000000
QV-C01-008-A0051,QV-C01-008,DS00,quebrada_verde,CAMPAIGN_01,100.000000000,102.000000000,2.000000000,0.023217836,0.000000000,0.000000000
QV-C01-008-A0052,QV-C01-008,DS00,quebrada_verde,CAMPAIGN_01,102.000000000,104.000000000,2.000000000,0.018009819,0.000000000,0.000000000
QV-C01-008-A0053,QV-C01-008,DS00,quebrada_verde,CAMPAIGN_01,104.000000000,106.000000000,2.000000000,0.022264017,0.000000000,0.000000000
QV-C01-008-A0054,QV-C01-008,DS00,quebrada_verde,CAMPAIGN_01,106.000000000,108.000000000,2.000000000,0.025763746,0.000000000,0.000000000
QV-C01-008-A0055,QV-C01-008,DS00,quebrada_verde,CAMPAIGN_01,108.000000000,110.000000000,2.000000000,0.023203325,0.000000000,0.000000000
QV-C01-008-A0056,QV-C01-008,DS00,quebrada_verde,CAMPAIGN_01,110.000000000,112.000000000,2.000000000,0.023023432,0.000000000,0.000000000
QV-C01-008-A0057,QV-C01-008,DS00,quebrada_verde,CAMPAIGN_01,112.000000000,114.000000000,2.000000000,0.023815799,0.000000000,0.000000000
QV-C01-008-A0058,QV-C01-008,DS00,quebrada_verde,CAMPAIGN_01,114.000000000,116.000000000,2.000000000,0.025279288,0.000000000,0.000000000
QV-C01-008-A0059,QV-C01-008,DS00,quebrada_verde,CAMPAIGN_01,116.000000000,118.000000000,2.000000000,0.021934281,0.000000000,0.000000000
QV-C01-008-A0060,QV-C01-008,DS00,quebrada_verde,CAMPAIGN_01,118.000000000,120.000000000,2.000000000,0.025486584,0.000000000,0.000000000
QV-C01-008-A0061,QV-C01-008,DS00,quebrada_verde,CAMPAIGN_01,120.000000000,122.000000000,2.000000000,0.027075979,0.000000000,0.000000000
QV-C01-008-A0062,QV-C01-008,DS00,quebrada_verde,CAMPAIGN_01,122.000000000,124.000000000,2.000000000,0.023371801,0.000000000,0.000000000
QV-C01-008-A0063,QV-C01-008,DS00,quebrada_verde,CAMPAIGN_01,124.000000000,126.000000000,2.000000000,0.024291388,0.000000000,0.000000000
QV-C01-008-A0064,QV-C01-008,DS00,quebrada_verde,CAMPAIGN_01,126.000000000,128.000000000,2.000000000,0.023930566,0.000000000,0.000000000
QV-C01-008-A0065,QV-C01-008,DS00,quebrada_verde,CAMPAIGN_01,128.000000000,130.000000000,2.000000000,0.024638394,0.000000000,0.000000000
QV-C01-008-A0066,QV-C01-008,DS00,quebrada_verde,CAMPAIGN_01,130.000000000,132.000000000,2.000000000,0.024080803,0.000000000,0.000000000
QV-C01-008-A0067,QV-C01-008,DS00,quebrada_verde,CAMPAIGN_01,132.000000000,134.000000000,2.000000000,0.023908633,0.000000000,0.000000000
QV-C01-008-A0068,QV-C01-008,DS00,quebrada_verde,CAMPAIGN_01,134.000000000,136.000000000,2.000000000,0.024444593,0.000000000,0.000000000
QV-C01-008-A0069,QV-C01-008,DS00,quebrada_verde,CAMPAIGN_01,136.000000000,138.000000000,2.000000000,0.027248473,0.000000000,0.000000000
QV-C01-008-A0070,QV-C01-008,DS00,quebrada_verde,CAMPAIGN_01,138.000000000,140.000000000,2.000000000,0.024461340,0.000000000,0.000000000
QV-C01-008-A0071,QV-C01-008,DS00,quebrada_verde,CAMPAIGN_01,140.000000000,142.000000000,2.000000000,0.024504182,0.000000000,0.000000000
QV-C01-008-A0072,QV-C01-008,DS00,quebrada_verde,CAMPAIGN_01,142.000000000,144.000000000,2.000000000,0.026325187,0.000000000,0.000000000
QV-C01-008-A0073,QV-C01-008,DS00,quebrada_verde,CAMPAIGN_01,144.000000000,146.000000000,2.000000000,0.023973110,0.000000000,0.000000000
QV-C01-008-A0074,QV-C01-008,DS00,quebrada_verde,CAMPAIGN_01,146.000000000,148.000000000,2.000000000,0.029037454,0.000000000,0.000000000
QV-C01-008-A0075,QV-C01-008,DS00,quebrada_verde,CAMPAIGN_01,148.000000000,150.000000000,2.000000000,0.025681517,0.000000000,0.000000000
QV-C01-008-A0076,QV-C01-008,DS00,quebrada_verde,CAMPAIGN_01,150.000000000,152.000000000,2.000000000,0.026164691,0.000000000,0.000000000
QV-C01-008-A0077,QV-C01-008,DS00,quebrada_verde,CAMPAIGN_01,152.000000000,154.000000000,2.000000000,0.028393392,0.000000000,0.000000000
QV-C01-008-A0078,QV-C01-008,DS00,quebrada_verde,CAMPAIGN_01,154.000000000,156.000000000,2.000000000,0.030278404,0.000000000,0.000000000
QV-C01-008-A0079,QV-C01-008,DS00,quebrada_verde,CAMPAIGN_01,156.000000000,158.000000000,2.000000000,0.030103820,0.000000000,0.000000000
QV-C01-008-A0080,QV-C01-008,DS00,quebrada_verde,CAMPAIGN_01,158.000000000,160.000000000,2.000000000,0.030569872,0.000000000,0.000000000
QV-C01-008-A0081,QV-C01-008,DS00,quebrada_verde,CAMPAIGN_01,160.000000000,162.000000000,2.000000000,0.030157105,0.000000000,0.000000000
QV-C01-008-A0082,QV-C01-008,DS00,quebrada_verde,CAMPAIGN_01,162.000000000,164.000000000,2.000000000,0.027994688,0.000000000,0.000000000
QV-C01-008-A0083,QV-C01-008,DS00,quebrada_verde,CAMPAIGN_01,164.000000000,166.000000000,2.000000000,0.030893399,0.000000000,0.000000000
QV-C01-008-A0084,QV-C01-008,DS00,quebrada_verde,CAMPAIGN_01,166.000000000,168.000000000,2.000000000,0.030254717,0.000000000,0.000000000
QV-C01-008-A0085,QV-C01-008,DS00,quebrada_verde,CAMPAIGN_01,168.000000000,170.000000000,2.000000000,0.029970850,0.000000000,0.000000000
QV-C01-008-A0086,QV-C01-008,DS00,quebrada_verde,CAMPAIGN_01,170.000000000,172.000000000,2.000000000,0.036510025,0.000000000,0.000000000
QV-C01-008-A0087,QV-C01-008,DS00,quebrada_verde,CAMPAIGN_01,172.000000000,174.000000000,2.000000000,0.031742717,0.000000000,0.000000000
QV-C01-008-A0088,QV-C01-008,DS00,quebrada_verde,CAMPAIGN_01,174.000000000,176.000000000,2.000000000,0.034520315,0.000000000,0.000000000
QV-C01-008-A0089,QV-C01-008,DS00,quebrada_verde,CAMPAIGN_01,176.000000000,178.000000000,2.000000000,0.034409775,0.000000000,0.000000000
QV-C01-008-A0090,QV-C01-008,DS00,quebrada_verde,CAMPAIGN_01,178.000000000,180.000000000,2.000000000,0.033720643,0.000000000,0.000000000
QV-C01-008-A0091,QV-C01-008,DS00,quebrada_verde,CAMPAIGN_01,180.000000000,182.000000000,2.000000000,0.031252299,0.000000000,0.000000000
QV-C01-008-A0092,QV-C01-008,DS00,quebrada_verde,CAMPAIGN_01,182.000000000,184.000000000,2.000000000,0.033660594,0.000000000,0.000000000
QV-C01-008-A0093,QV-C01-008,DS00,quebrada_verde,CAMPAIGN_01,184.000000000,186.000000000,2.000000000,0.032195307,0.000000000,0.000000000
QV-C01-008-A0094,QV-C01-008,DS00,quebrada_verde,CAMPAIGN_01,186.000000000,188.000000000,2.000000000,0.034043325,0.000000000,0.000000000
QV-C01-008-A0095,QV-C01-008,DS00,quebrada_verde,CAMPAIGN_01,188.000000000,190.000000000,2.000000000,0.032423584,0.000000000,0.000000000
QV-C01-008-A0096,QV-C01-008,DS00,quebrada_verde,CAMPAIGN_01,190.000000000,192.000000000,2.000000000,0.034723724,0.000000000,0.000000000
QV-C01-008-A0097,QV-C01-008,DS00,quebrada_verde,CAMPAIGN_01,192.000000000,194.000000000,2.000000000,0.034856337,0.000000000,0.000000000
QV-C01-008-A0098,QV-C01-008,DS00,quebrada_verde,CAMPAIGN_01,194.000000000,196.000000000,2.000000000,0.036833908,0.000000000,0.000000000
QV-C01-008-A0099,QV-C01-008,DS00,quebrada_verde,CAMPAIGN_01,196.000000000,198.000000000,2.000000000,0.037934167,0.000000000,0.000000000
QV-C01-008-A0100,QV-C01-008,DS00,quebrada_verde,CAMPAIGN_01,198.000000000,200.000000000,2.000000000,0.039959216,0.000000000,0.000000000
QV-C01-008-A0101,QV-C01-008,DS00,quebrada_verde,CAMPAIGN_01,200.000000000,202.000000000,2.000000000,0.038794925,0.000000000,0.000000000
QV-C01-008-A0102,QV-C01-008,DS00,quebrada_verde,CAMPAIGN_01,202.000000000,204.000000000,2.000000000,0.040197232,0.000000000,0.000000000
QV-C01-008-A0103,QV-C01-008,DS00,quebrada_verde,CAMPAIGN_01,204.000000000,206.000000000,2.000000000,0.036530232,0.000000000,0.000000000
QV-C01-008-A0104,QV-C01-008,DS00,quebrada_verde,CAMPAIGN_01,206.000000000,208.000000000,2.000000000,0.037645316,0.000000000,0.000000000
QV-C01-008-A0105,QV-C01-008,DS00,quebrada_verde,CAMPAIGN_01,208.000000000,210.000000000,2.000000000,0.040556072,0.000000000,0.000000000
QV-C01-008-A0106,QV-C01-008,DS00,quebrada_verde,CAMPAIGN_01,210.000000000,212.000000000,2.000000000,0.043569705,0.000000000,0.000000000
QV-C01-008-A0107,QV-C01-008,DS00,quebrada_verde,CAMPAIGN_01,212.000000000,214.000000000,2.000000000,0.041807071,0.000000000,0.000000000
QV-C01-008-A0108,QV-C01-008,DS00,quebrada_verde,CAMPAIGN_01,214.000000000,216.000000000,2.000000000,0.044149894,0.000000000,0.000000000
QV-C01-008-A0109,QV-C01-008,DS00,quebrada_verde,CAMPAIGN_01,216.000000000,218.000000000,2.000000000,0.042727017,0.000000000,0.000000000
QV-C01-008-A0110,QV-C01-008,DS00,quebrada_verde,CAMPAIGN_01,218.000000000,220.000000000,2.000000000,0.047317559,0.000000000,0.000000000
QV-C01-008-A0111,QV-C01-008,DS00,quebrada_verde,CAMPAIGN_01,220.000000000,222.000000000,2.000000000,0.045569193,0.000000000,0.000000000
QV-C01-008-A0112,QV-C01-008,DS00,quebrada_verde,CAMPAIGN_01,222.000000000,224.000000000,2.000000000,0.044191558,0.000000000,0.000000000
QV-C01-008-A0113,QV-C01-008,DS00,quebrada_verde,CAMPAIGN_01,224.000000000,226.000000000,2.000000000,0.047761308,0.000000000,0.000000000
QV-C01-008-A0114,QV-C01-008,DS00,quebrada_verde,CAMPAIGN_01,226.000000000,228.000000000,2.000000000,0.045932340,0.000000000,0.000000000
QV-C01-008-A0115,QV-C01-008,DS00,quebrada_verde,CAMPAIGN_01,228.000000000,230.000000000,2.000000000,0.048216812,0.000000000,0.000000000
QV-C01-008-A0116,QV-C01-008,DS00,quebrada_verde,CAMPAIGN_01,230.000000000,232.000000000,2.000000000,0.053750103,0.000000000,0.000000000
QV-C01-008-A0117,QV-C01-008,DS00,quebrada_verde,CAMPAIGN_01,232.000000000,234.000000000,2.000000000,0.048239949,0.000000000,0.000000000
QV-C01-008-A0118,QV-C01-008,DS00,quebrada_verde,CAMPAIGN_01,234.000000000,236.000000000,2.000000000,0.048079198,0.000000000,0.000000000
QV-C01-008-A0119,QV-C01-008,DS00,quebrada_verde,CAMPAIGN_01,236.000000000,238.000000000,2.000000000,0.047329169,0.000000000,0.000000000
QV-C01-008-A0120,QV-C01-008,DS00,quebrada_verde,CAMPAIGN_01,238.000000000,240.000000000,2.000000000,0.052206628,0.000000000,0.000000000
QV-C01-008-A0121,QV-C01-008,DS00,quebrada_verde,CAMPAIGN_01,240.000000000,242.000000000,2.000000000,0.048099046,0.000000000,0.000000000
QV-C01-008-A0122,QV-C01-008,DS00,quebrada_verde,CAMPAIGN_01,242.000000000,244.000000000,2.000000000,0.054340302,0.000000000,0.000000000
QV-C01-008-A0123,QV-C01-008,DS00,quebrada_verde,CAMPAIGN_01,244.000000000,246.000000000,2.000000000,0.057525115,0.000000000,0.000000000
QV-C01-008-A0124,QV-C01-008,DS00,quebrada_verde,CAMPAIGN_01,246.000000000,248.000000000,2.000000000,0.055196103,0.000000000,0.000000000
QV-C01-008-A0125,QV-C01-008,DS00,quebrada_verde,CAMPAIGN_01,248.000000000,250.000000000,2.000000000,0.059343353,0.000000000,0.000000000
QV-C01-008-A0126,QV-C01-008,DS00,quebrada_verde,CAMPAIGN_01,250.000000000,252.000000000,2.000000000,0.056526726,0.000000000,0.000000000
QV-C01-008-A0127,QV-C01-008,DS00,quebrada_verde,CAMPAIGN_01,252.000000000,254.000000000,2.000000000,0.063276077,0.000000000,0.000000000
QV-C01-008-A0128,QV-C01-008,DS00,quebrada_verde,CAMPAIGN_01,254.000000000,256.000000000,2.000000000,0.059783273,0.000000000,0.000000000
QV-C01-008-A0129,QV-C01-008,DS00,quebrada_verde,CAMPAIGN_01,256.000000000,258.000000000,2.000000000,0.059506888,0.000000000,0.000000000
QV-C01-008-A0130,QV-C01-008,DS00,quebrada_verde,CAMPAIGN_01,258.000000000,260.000000000,2.000000000,0.057751272,0.000000000,0.000000000
QV-C01-008-A0131,QV-C01-008,DS00,quebrada_verde,CAMPAIGN_01,260.000000000,262.000000000,2.000000000,0.059417073,0.000000000,0.000000000
QV-C01-008-A0132,QV-C01-008,DS00,quebrada_verde,CAMPAIGN_01,262.000000000,264.000000000,2.000000000,0.058528271,0.000000000,0.000000000
QV-C01-008-A0133,QV-C01-008,DS00,quebrada_verde,CAMPAIGN_01,264.000000000,266.000000000,2.000000000,0.062571075,0.000000000,0.000000000
QV-C01-008-A0134,QV-C01-008,DS00,quebrada_verde,CAMPAIGN_01,266.000000000,268.000000000,2.000000000,0.059875627,0.000000000,0.000000000
QV-C01-008-A0135,QV-C01-008,DS00,quebrada_verde,CAMPAIGN_01,268.000000000,270.000000000,2.000000000,0.063562884,0.000000000,0.000000000
QV-C01-008-A0136,QV-C01-008,DS00,quebrada_verde,CAMPAIGN_01,270.000000000,272.000000000,2.000000000,0.065895682,0.000000000,0.000000000
QV-C01-008-A0137,QV-C01-008,DS00,quebrada_verde,CAMPAIGN_01,272.000000000,274.000000000,2.000000000,0.067811291,0.000000000,0.000000000
QV-C01-008-A0138,QV-C01-008,DS00,quebrada_verde,CAMPAIGN_01,274.000000000,276.000000000,2.000000000,0.066276862,0.000000000,0.000000000
QV-C01-008-A0139,QV-C01-008,DS00,quebrada_verde,CAMPAIGN_01,276.000000000,278.000000000,2.000000000,0.065337068,0.000000000,0.000000000
QV-C01-008-A0140,QV-C01-008,DS00,quebrada_verde,CAMPAIGN_01,278.000000000,280.000000000,2.000000000,0.069466258,0.000000000,0.000000000
QV-C01-008-A0141,QV-C01-008,DS00,quebrada_verde,CAMPAIGN_01,280.000000000,282.000000000,2.000000000,0.067371667,0.000000000,0.000000000
QV-C01-008-A0142,QV-C01-008,DS00,quebrada_verde,CAMPAIGN_01,282.000000000,284.000000000,2.000000000,0.077628849,0.000000000,0.000000000
QV-C01-008-A0143,QV-C01-008,DS00,quebrada_verde,CAMPAIGN_01,284.000000000,286.000000000,2.000000000,0.066470486,0.000000000,0.000000000
QV-C01-008-A0144,QV-C01-008,DS00,quebrada_verde,CAMPAIGN_01,286.000000000,288.000000000,2.000000000,0.079738560,0.000000000,0.000000000
QV-C01-008-A0145,QV-C01-008,DS00,quebrada_verde,CAMPAIGN_01,288.000000000,290.000000000,2.000000000,0.078411593,0.000000000,0.000000000
QV-C01-008-A0146,QV-C01-008,DS00,quebrada_verde,CAMPAIGN_01,290.000000000,292.000000000,2.000000000,0.073304980,0.000000000,0.000000000
QV-C01-008-A0147,QV-C01-008,DS00,quebrada_verde,CAMPAIGN_01,292.000000000,294.000000000,2.000000000,0.078579757,0.000000000,0.000000000
QV-C01-008-A0148,QV-C01-008,DS00,quebrada_verde,CAMPAIGN_01,294.000000000,296.000000000,2.000000000,0.081136792,0.000000000,0.000000000
QV-C01-008-A0149,QV-C01-008,DS00,quebrada_verde,CAMPAIGN_01,296.000000000,298.000000000,2.000000000,0.079322913,0.000000000,0.000000000
QV-C01-008-A0150,QV-C01-008,DS00,quebrada_verde,CAMPAIGN_01,298.000000000,300.000000000,2.000000000,0.076467536,0.000000000,0.000000000
QV-C01-008-A0151,QV-C01-008,DS00,quebrada_verde,CAMPAIGN_01,300.000000000,302.000000000,2.000000000,0.081084205,0.000000000,0.000000000
QV-C01-008-A0152,QV-C01-008,DS00,quebrada_verde,CAMPAIGN_01,302.000000000,304.000000000,2.000000000,0.086650126,0.000000000,0.000000000
QV-C01-008-A0153,QV-C01-008,DS00,quebrada_verde,CAMPAIGN_01,304.000000000,306.000000000,2.000000000,0.079057768,0.000000000,0.000000000
QV-C01-008-A0154,QV-C01-008,DS00,quebrada_verde,CAMPAIGN_01,306.000000000,308.000000000,2.000000000,0.075312630,0.000000000,0.000000000
QV-C01-008-A0155,QV-C01-008,DS00,quebrada_verde,CAMPAIGN_01,308.000000000,310.000000000,2.000000000,0.079343557,0.000000000,0.000000000
QV-C01-008-A0156,QV-C01-008,DS00,quebrada_verde,CAMPAIGN_01,310.000000000,312.000000000,2.000000000,0.086631585,0.000000000,0.000000000
QV-C01-008-A0157,QV-C01-008,DS00,quebrada_verde,CAMPAIGN_01,312.000000000,314.000000000,2.000000000,0.089965247,0.000000000,0.000000000
QV-C01-008-A0158,QV-C01-008,DS00,quebrada_verde,CAMPAIGN_01,314.000000000,316.000000000,2.000000000,0.086160076,0.000000000,0.000000000
QV-C01-008-A0159,QV-C01-008,DS00,quebrada_verde,CAMPAIGN_01,316.000000000,318.000000000,2.000000000,0.091291707,0.000000000,0.000000000
QV-C01-008-A0160,QV-C01-008,DS00,quebrada_verde,CAMPAIGN_01,318.000000000,320.000000000,2.000000000,0.092240708,0.000000000,0.000000000
QV-C01-008-A0161,QV-C01-008,DS00,quebrada_verde,CAMPAIGN_01,320.000000000,322.000000000,2.000000000,0.086691840,0.000000000,0.000000000
QV-C01-008-A0162,QV-C01-008,DS00,quebrada_verde,CAMPAIGN_01,322.000000000,324.000000000,2.000000000,0.090350199,0.000000000,0.000000000
QV-C01-008-A0163,QV-C01-008,DS00,quebrada_verde,CAMPAIGN_01,324.000000000,326.000000000,2.000000000,0.092994744,0.000000000,0.000000000
QV-C01-008-A0164,QV-C01-008,DS00,quebrada_verde,CAMPAIGN_01,326.000000000,328.000000000,2.000000000,0.089706503,0.000000000,0.000000000
QV-C01-008-A0165,QV-C01-008,DS00,quebrada_verde,CAMPAIGN_01,328.000000000,330.000000000,2.000000000,0.091961676,0.000000000,0.000000000
QV-C01-008-A0166,QV-C01-008,DS00,quebrada_verde,CAMPAIGN_01,330.000000000,332.000000000,2.000000000,0.094732632,0.000000000,0.000000000
QV-C01-008-A0167,QV-C01-008,DS00,quebrada_verde,CAMPAIGN_01,332.000000000,334.000000000,2.000000000,0.091362428,0.000000000,0.000000000
QV-C01-008-A0168,QV-C01-008,DS00,quebrada_verde,CAMPAIGN_01,334.000000000,336.000000000,2.000000000,0.096064691,0.000000000,0.000000000
QV-C01-008-A0169,QV-C01-008,DS00,quebrada_verde,CAMPAIGN_01,336.000000000,338.000000000,2.000000000,0.094407553,0.000000000,0.000000000
QV-C01-008-A0170,QV-C01-008,DS00,quebrada_verde,CAMPAIGN_01,338.000000000,340.000000000,2.000000000,0.094304650,0.000000000,0.000000000
QV-C01-008-A0171,QV-C01-008,DS00,quebrada_verde,CAMPAIGN_01,340.000000000,342.000000000,2.000000000,0.096108036,0.000000000,0.000000000
QV-C01-008-A0172,QV-C01-008,DS00,quebrada_verde,CAMPAIGN_01,342.000000000,344.000000000,2.000000000,0.098167086,0.000000000,0.000000000
QV-C01-008-A0173,QV-C01-008,DS00,quebrada_verde,CAMPAIGN_01,344.000000000,346.000000000,2.000000000,0.101284000,0.000000000,0.000000000
QV-C01-008-A0174,QV-C01-008,DS00,quebrada_verde,CAMPAIGN_01,346.000000000,348.000000000,2.000000000,0.099473778,0.000000000,0.000000000
QV-C01-008-A0175,QV-C01-008,DS00,quebrada_verde,CAMPAIGN_01,348.000000000,350.000000000,2.000000000,0.096284203,0.000000000,0.000000000
QV-C01-008-A0176,QV-C01-008,DS00,quebrada_verde,CAMPAIGN_01,350.000000000,352.000000000,2.000000000,0.102182260,0.000000000,0.000000000
QV-C01-008-A0177,QV-C01-008,DS00,quebrada_verde,CAMPAIGN_01,352.000000000,354.000000000,2.000000000,0.103109017,0.000000000,0.000000000
QV-C01-008-A0178,QV-C01-008,DS00,quebrada_verde,CAMPAIGN_01,354.000000000,356.000000000,2.000000000,0.105503227,0.000000000,0.000000000
QV-C01-008-A0179,QV-C01-008,DS00,quebrada_verde,CAMPAIGN_01,356.000000000,358.000000000,2.000000000,0.098553288,0.000000000,0.000000000
QV-C01-008-A0180,QV-C01-008,DS00,quebrada_verde,CAMPAIGN_01,358.000000000,360.000000000,2.000000000,0.093708868,0.000000000,0.000000000
QV-C01-008-A0181,QV-C01-008,DS00,quebrada_verde,CAMPAIGN_01,360.000000000,362.000000000,2.000000000,0.104984052,0.000000000,0.000000000
QV-C01-008-A0182,QV-C01-008,DS00,quebrada_verde,CAMPAIGN_01,362.000000000,364.000000000,2.000000000,0.101764734,0.000000000,0.000000000
QV-C01-008-A0183,QV-C01-008,DS00,quebrada_verde,CAMPAIGN_01,364.000000000,366.000000000,2.000000000,0.100329357,0.000000000,0.000000000
QV-C01-008-A0184,QV-C01-008,DS00,quebrada_verde,CAMPAIGN_01,366.000000000,368.000000000,2.000000000,0.104001608,0.000000000,0.000000000
QV-C01-008-A0185,QV-C01-008,DS00,quebrada_verde,CAMPAIGN_01,368.000000000,370.000000000,2.000000000,0.100280536,0.000000000,0.000000000
QV-C01-008-A0186,QV-C01-008,DS00,quebrada_verde,CAMPAIGN_01,370.000000000,372.000000000,2.000000000,0.103419848,0.000000000,0.000000000
QV-C01-008-A0187,QV-C01-008,DS00,quebrada_verde,CAMPAIGN_01,372.000000000,374.000000000,2.000000000,0.104341912,0.000000000,0.000000000
QV-C01-008-A0188,QV-C01-008,DS00,quebrada_verde,CAMPAIGN_01,374.000000000,376.000000000,2.000000000,0.107350936,0.000000000,0.000000000
QV-C01-008-A0189,QV-C01-008,DS00,quebrada_verde,CAMPAIGN_01,376.000000000,378.000000000,2.000000000,0.107184330,0.000000000,0.000000000
QV-C01-008-A0190,QV-C01-008,DS00,quebrada_verde,CAMPAIGN_01,378.000000000,380.000000000,2.000000000,0.110153834,0.000000000,0.000000000
QV-C01-008-A0191,QV-C01-008,DS00,quebrada_verde,CAMPAIGN_01,380.000000000,382.000000000,2.000000000,0.104298524,0.000000000,0.000000000
QV-C01-008-A0192,QV-C01-008,DS00,quebrada_verde,CAMPAIGN_01,382.000000000,384.000000000,2.000000000,0.095458115,0.000000000,0.000000000
QV-C01-008-A0193,QV-C01-008,DS00,quebrada_verde,CAMPAIGN_01,384.000000000,386.000000000,2.000000000,0.104157123,0.000000000,0.000000000
QV-C01-008-A0194,QV-C01-008,DS00,quebrada_verde,CAMPAIGN_01,386.000000000,388.000000000,2.000000000,0.105232404,0.000000000,0.000000000
QV-C01-008-A0195,QV-C01-008,DS00,quebrada_verde,CAMPAIGN_01,388.000000000,390.000000000,2.000000000,0.108964237,0.000000000,0.000000000
QV-C01-008-A0196,QV-C01-008,DS00,quebrada_verde,CAMPAIGN_01,390.000000000,392.000000000,2.000000000,0.101565358,0.000000000,0.000000000
QV-C01-008-A0197,QV-C01-008,DS00,quebrada_verde,CAMPAIGN_01,392.000000000,394.000000000,2.000000000,0.113286691,0.000000000,0.000000000
QV-C01-008-A0198,QV-C01-008,DS00,quebrada_verde,CAMPAIGN_01,394.000000000,396.000000000,2.000000000,0.113162700,0.000000000,0.000000000
QV-C01-008-A0199,QV-C01-008,DS00,quebrada_verde,CAMPAIGN_01,396.000000000,398.000000000,2.000000000,0.105678053,0.000000000,0.000000000
QV-C01-008-A0200,QV-C01-008,DS00,quebrada_verde,CAMPAIGN_01,398.000000000,400.000000000,2.000000000,0.106819245,0.000000000,0.000000000
QV-C01-008-A0201,QV-C01-008,DS00,quebrada_verde,CAMPAIGN_01,400.000000000,402.000000000,2.000000000,0.098778831,0.000000000,0.000000000
QV-C01-008-A0202,QV-C01-008,DS00,quebrada_verde,CAMPAIGN_01,402.000000000,404.000000000,2.000000000,0.106941300,0.000000000,0.000000000
QV-C01-008-A0203,QV-C01-008,DS00,quebrada_verde,CAMPAIGN_01,404.000000000,406.000000000,2.000000000,0.107918632,0.000000000,0.000000000
QV-C01-008-A0204,QV-C01-008,DS00,quebrada_verde,CAMPAIGN_01,406.000000000,408.000000000,2.000000000,0.106072220,0.000000000,0.000000000
QV-C01-008-A0205,QV-C01-008,DS00,quebrada_verde,CAMPAIGN_01,408.000000000,410.000000000,2.000000000,0.102746251,0.000000000,0.000000000
QV-C01-008-A0206,QV-C01-008,DS00,quebrada_verde,CAMPAIGN_01,410.000000000,412.000000000,2.000000000,0.109017369,0.000000000,0.000000000
QV-C01-008-A0207,QV-C01-008,DS00,quebrada_verde,CAMPAIGN_01,412.000000000,414.000000000,2.000000000,0.112398938,0.000000000,0.000000000
QV-C01-008-A0208,QV-C01-008,DS00,quebrada_verde,CAMPAIGN_01,414.000000000,416.000000000,2.000000000,0.104114211,0.000000000,0.000000000
QV-C01-008-A0209,QV-C01-008,DS00,quebrada_verde,CAMPAIGN_01,416.000000000,418.000000000,2.000000000,0.100197245,0.000000000,0.000000000
QV-C01-008-A0210,QV-C01-008,DS00,quebrada_verde,CAMPAIGN_01,418.000000000,420.000000000,2.000000000,0.109484482,0.000000000,0.000000000
QV-C01-008-A0211,QV-C01-008,DS00,quebrada_verde,CAMPAIGN_01,420.000000000,422.000000000,2.000000000,0.113893525,0.000000000,0.000000000
QV-C01-008-A0212,QV-C01-008,DS00,quebrada_verde,CAMPAIGN_01,422.000000000,424.000000000,2.000000000,0.103606194,0.000000000,0.000000000
QV-C01-008-A0213,QV-C01-008,DS00,quebrada_verde,CAMPAIGN_01,424.000000000,426.000000000,2.000000000,0.104703013,0.000000000,0.000000000
QV-C01-008-A0214,QV-C01-008,DS00,quebrada_verde,CAMPAIGN_01,426.000000000,428.000000000,2.000000000,0.101970010,0.000000000,0.000000000
QV-C01-008-A0215,QV-C01-008,DS00,quebrada_verde,CAMPAIGN_01,428.000000000,430.000000000,2.000000000,0.103778549,0.000000000,0.000000000
QV-C01-008-A0216,QV-C01-008,DS00,quebrada_verde,CAMPAIGN_01,430.000000000,432.000000000,2.000000000,0.107187364,0.000000000,0.000000000
QV-C01-008-A0217,QV-C01-008,DS00,quebrada_verde,CAMPAIGN_01,432.000000000,434.000000000,2.000000000,0.104383179,0.000000000,0.000000000
QV-C01-008-A0218,QV-C01-008,DS00,quebrada_verde,CAMPAIGN_01,434.000000000,436.000000000,2.000000000,0.107012974,0.000000000,0.000000000
QV-C01-008-A0219,QV-C01-008,DS00,quebrada_verde,CAMPAIGN_01,436.000000000,438.000000000,2.000000000,0.106393607,0.000000000,0.000000000
QV-C01-008-A0220,QV-C01-008,DS00,quebrada_verde,CAMPAIGN_01,438.000000000,440.000000000,2.000000000,0.100655820,0.000000000,0.000000000
QV-C01-008-A0221,QV-C01-008,DS00,quebrada_verde,CAMPAIGN_01,440.000000000,442.000000000,2.000000000,0.097137199,0.000000000,0.000000000
QV-C01-008-A0222,QV-C01-008,DS00,quebrada_verde,CAMPAIGN_01,442.000000000,442.888441862,0.888441862,0.098914309,0.000000000,0.000000000
QV-C01-009-A0001,QV-C01-009,DS00,quebrada_verde,CAMPAIGN_01,0.000000000,2.000000000,2.000000000,0.047578540,0.000000000,0.000000000
QV-C01-009-A0002,QV-C01-009,DS00,quebrada_verde,CAMPAIGN_01,2.000000000,4.000000000,2.000000000,0.049071171,0.000000000,0.000000000
QV-C01-009-A0003,QV-C01-009,DS00,quebrada_verde,CAMPAIGN_01,4.000000000,6.000000000,2.000000000,0.053573405,0.000000000,0.000000000
QV-C01-009-A0004,QV-C01-009,DS00,quebrada_verde,CAMPAIGN_01,6.000000000,8.000000000,2.000000000,0.056987840,0.000000000,0.000000000
QV-C01-009-A0005,QV-C01-009,DS00,quebrada_verde,CAMPAIGN_01,8.000000000,10.000000000,2.000000000,0.052549526,0.000000000,0.000000000
QV-C01-009-A0006,QV-C01-009,DS00,quebrada_verde,CAMPAIGN_01,10.000000000,12.000000000,2.000000000,0.049211071,0.000000000,0.000000000
QV-C01-009-A0007,QV-C01-009,DS00,quebrada_verde,CAMPAIGN_01,12.000000000,14.000000000,2.000000000,0.055372221,0.000000000,0.000000000
QV-C01-009-A0008,QV-C01-009,DS00,quebrada_verde,CAMPAIGN_01,14.000000000,16.000000000,2.000000000,0.054672714,0.000000000,0.000000000
QV-C01-009-A0009,QV-C01-009,DS00,quebrada_verde,CAMPAIGN_01,16.000000000,18.000000000,2.000000000,0.055354743,0.000000000,0.000000000
QV-C01-009-A0010,QV-C01-009,DS00,quebrada_verde,CAMPAIGN_01,18.000000000,20.000000000,2.000000000,0.058920348,0.000000000,0.000000000
QV-C01-009-A0011,QV-C01-009,DS00,quebrada_verde,CAMPAIGN_01,20.000000000,22.000000000,2.000000000,0.062190315,0.000000000,0.000000000
QV-C01-009-A0012,QV-C01-009,DS00,quebrada_verde,CAMPAIGN_01,22.000000000,24.000000000,2.000000000,0.060485426,0.000000000,0.000000000
QV-C01-009-A0013,QV-C01-009,DS00,quebrada_verde,CAMPAIGN_01,24.000000000,26.000000000,2.000000000,0.058389919,0.000000000,0.000000000
QV-C01-009-A0014,QV-C01-009,DS00,quebrada_verde,CAMPAIGN_01,26.000000000,28.000000000,2.000000000,0.061076258,0.000000000,0.000000000
QV-C01-009-A0015,QV-C01-009,DS00,quebrada_verde,CAMPAIGN_01,28.000000000,30.000000000,2.000000000,0.065926473,0.000000000,0.000000000
QV-C01-009-A0016,QV-C01-009,DS00,quebrada_verde,CAMPAIGN_01,30.000000000,32.000000000,2.000000000,0.065779051,0.000000000,0.000000000
QV-C01-009-A0017,QV-C01-009,DS00,quebrada_verde,CAMPAIGN_01,32.000000000,34.000000000,2.000000000,0.066409209,0.000000000,0.000000000
QV-C01-009-A0018,QV-C01-009,DS00,quebrada_verde,CAMPAIGN_01,34.000000000,36.000000000,2.000000000,0.061707537,0.000000000,0.000000000
QV-C01-009-A0019,QV-C01-009,DS00,quebrada_verde,CAMPAIGN_01,36.000000000,38.000000000,2.000000000,0.065546580,0.000000000,0.000000000
QV-C01-009-A0020,QV-C01-009,DS00,quebrada_verde,CAMPAIGN_01,38.000000000,40.000000000,2.000000000,0.068215836,0.000000000,0.000000000
QV-C01-009-A0021,QV-C01-009,DS00,quebrada_verde,CAMPAIGN_01,40.000000000,42.000000000,2.000000000,0.071004307,0.000000000,0.000000000
QV-C01-009-A0022,QV-C01-009,DS00,quebrada_verde,CAMPAIGN_01,42.000000000,44.000000000,2.000000000,0.066749191,0.000000000,0.000000000
QV-C01-009-A0023,QV-C01-009,DS00,quebrada_verde,CAMPAIGN_01,44.000000000,46.000000000,2.000000000,0.065472471,0.000000000,0.000000000
QV-C01-009-A0024,QV-C01-009,DS00,quebrada_verde,CAMPAIGN_01,46.000000000,48.000000000,2.000000000,0.065379520,0.000000000,0.000000000
QV-C01-009-A0025,QV-C01-009,DS00,quebrada_verde,CAMPAIGN_01,48.000000000,50.000000000,2.000000000,0.072336272,0.000000000,0.000000000
QV-C01-009-A0026,QV-C01-009,DS00,quebrada_verde,CAMPAIGN_01,50.000000000,52.000000000,2.000000000,0.065783727,0.000000000,0.000000000
QV-C01-009-A0027,QV-C01-009,DS00,quebrada_verde,CAMPAIGN_01,52.000000000,54.000000000,2.000000000,0.067229584,0.000000000,0.000000000
QV-C01-009-A0028,QV-C01-009,DS00,quebrada_verde,CAMPAIGN_01,54.000000000,56.000000000,2.000000000,0.071396949,0.000000000,0.000000000
QV-C01-009-A0029,QV-C01-009,DS00,quebrada_verde,CAMPAIGN_01,56.000000000,58.000000000,2.000000000,0.071338052,0.000000000,0.000000000
QV-C01-009-A0030,QV-C01-009,DS00,quebrada_verde,CAMPAIGN_01,58.000000000,60.000000000,2.000000000,0.067921409,0.000000000,0.000000000
QV-C01-009-A0031,QV-C01-009,DS00,quebrada_verde,CAMPAIGN_01,60.000000000,62.000000000,2.000000000,0.072140124,0.000000000,0.000000000
QV-C01-009-A0032,QV-C01-009,DS00,quebrada_verde,CAMPAIGN_01,62.000000000,64.000000000,2.000000000,0.068851297,0.000000000,0.000000000
QV-C01-009-A0033,QV-C01-009,DS00,quebrada_verde,CAMPAIGN_01,64.000000000,66.000000000,2.000000000,0.073922539,0.000000000,0.000000000
QV-C01-009-A0034,QV-C01-009,DS00,quebrada_verde,CAMPAIGN_01,66.000000000,68.000000000,2.000000000,0.072654199,0.000000000,0.000000000
QV-C01-009-A0035,QV-C01-009,DS00,quebrada_verde,CAMPAIGN_01,68.000000000,70.000000000,2.000000000,0.068690682,0.000000000,0.000000000
QV-C01-009-A0036,QV-C01-009,DS00,quebrada_verde,CAMPAIGN_01,70.000000000,72.000000000,2.000000000,0.074924864,0.000000000,0.000000000
QV-C01-009-A0037,QV-C01-009,DS00,quebrada_verde,CAMPAIGN_01,72.000000000,74.000000000,2.000000000,0.073129885,0.000000000,0.000000000
QV-C01-009-A0038,QV-C01-009,DS00,quebrada_verde,CAMPAIGN_01,74.000000000,76.000000000,2.000000000,0.075154662,0.000000000,0.000000000
QV-C01-009-A0039,QV-C01-009,DS00,quebrada_verde,CAMPAIGN_01,76.000000000,78.000000000,2.000000000,0.072436457,0.000000000,0.000000000
QV-C01-009-A0040,QV-C01-009,DS00,quebrada_verde,CAMPAIGN_01,78.000000000,80.000000000,2.000000000,0.075379552,0.000000000,0.000000000
QV-C01-009-A0041,QV-C01-009,DS00,quebrada_verde,CAMPAIGN_01,80.000000000,82.000000000,2.000000000,0.077332488,0.000000000,0.000000000
QV-C01-009-A0042,QV-C01-009,DS00,quebrada_verde,CAMPAIGN_01,82.000000000,84.000000000,2.000000000,0.078066100,0.000000000,0.000000000
QV-C01-009-A0043,QV-C01-009,DS00,quebrada_verde,CAMPAIGN_01,84.000000000,86.000000000,2.000000000,0.077219748,0.000000000,0.000000000
QV-C01-009-A0044,QV-C01-009,DS00,quebrada_verde,CAMPAIGN_01,86.000000000,88.000000000,2.000000000,0.079882922,0.000000000,0.000000000
QV-C01-009-A0045,QV-C01-009,DS00,quebrada_verde,CAMPAIGN_01,88.000000000,90.000000000,2.000000000,0.078769080,0.000000000,0.000000000
QV-C01-009-A0046,QV-C01-009,DS00,quebrada_verde,CAMPAIGN_01,90.000000000,92.000000000,2.000000000,0.074250383,0.000000000,0.000000000
QV-C01-009-A0047,QV-C01-009,DS00,quebrada_verde,CAMPAIGN_01,92.000000000,94.000000000,2.000000000,0.075771708,0.000000000,0.000000000
QV-C01-009-A0048,QV-C01-009,DS00,quebrada_verde,CAMPAIGN_01,94.000000000,96.000000000,2.000000000,0.079686934,0.000000000,0.000000000
QV-C01-009-A0049,QV-C01-009,DS00,quebrada_verde,CAMPAIGN_01,96.000000000,98.000000000,2.000000000,0.081164237,0.000000000,0.000000000
QV-C01-009-A0050,QV-C01-009,DS00,quebrada_verde,CAMPAIGN_01,98.000000000,100.000000000,2.000000000,0.081928383,0.000000000,0.000000000
QV-C01-009-A0051,QV-C01-009,DS00,quebrada_verde,CAMPAIGN_01,100.000000000,102.000000000,2.000000000,0.078217389,0.000000000,0.000000000
QV-C01-009-A0052,QV-C01-009,DS00,quebrada_verde,CAMPAIGN_01,102.000000000,104.000000000,2.000000000,0.083113802,0.000000000,0.000000000
QV-C01-009-A0053,QV-C01-009,DS00,quebrada_verde,CAMPAIGN_01,104.000000000,106.000000000,2.000000000,0.083800917,0.000000000,0.000000000
QV-C01-009-A0054,QV-C01-009,DS00,quebrada_verde,CAMPAIGN_01,106.000000000,108.000000000,2.000000000,0.084607791,0.000000000,0.000000000
QV-C01-009-A0055,QV-C01-009,DS00,quebrada_verde,CAMPAIGN_01,108.000000000,110.000000000,2.000000000,0.090321578,0.000000000,0.000000000
QV-C01-009-A0056,QV-C01-009,DS00,quebrada_verde,CAMPAIGN_01,110.000000000,112.000000000,2.000000000,0.089199503,0.000000000,0.000000000
QV-C01-009-A0057,QV-C01-009,DS00,quebrada_verde,CAMPAIGN_01,112.000000000,114.000000000,2.000000000,0.085187582,0.000000000,0.000000000
QV-C01-009-A0058,QV-C01-009,DS00,quebrada_verde,CAMPAIGN_01,114.000000000,116.000000000,2.000000000,0.084613189,0.000000000,0.000000000
QV-C01-009-A0059,QV-C01-009,DS00,quebrada_verde,CAMPAIGN_01,116.000000000,118.000000000,2.000000000,0.079446153,0.000000000,0.000000000
QV-C01-009-A0060,QV-C01-009,DS00,quebrada_verde,CAMPAIGN_01,118.000000000,120.000000000,2.000000000,0.082463585,0.000000000,0.000000000
QV-C01-009-A0061,QV-C01-009,DS00,quebrada_verde,CAMPAIGN_01,120.000000000,122.000000000,2.000000000,0.086119471,0.000000000,0.000000000
QV-C01-009-A0062,QV-C01-009,DS00,quebrada_verde,CAMPAIGN_01,122.000000000,124.000000000,2.000000000,0.087111703,0.000000000,0.000000000
QV-C01-009-A0063,QV-C01-009,DS00,quebrada_verde,CAMPAIGN_01,124.000000000,126.000000000,2.000000000,0.081757980,0.000000000,0.000000000
QV-C01-009-A0064,QV-C01-009,DS00,quebrada_verde,CAMPAIGN_01,126.000000000,128.000000000,2.000000000,0.087779892,0.000000000,0.000000000
QV-C01-009-A0065,QV-C01-009,DS00,quebrada_verde,CAMPAIGN_01,128.000000000,130.000000000,2.000000000,0.081711126,0.000000000,0.000000000
QV-C01-009-A0066,QV-C01-009,DS00,quebrada_verde,CAMPAIGN_01,130.000000000,132.000000000,2.000000000,0.086952166,0.000000000,0.000000000
QV-C01-009-A0067,QV-C01-009,DS00,quebrada_verde,CAMPAIGN_01,132.000000000,134.000000000,2.000000000,0.081647497,0.000000000,0.000000000
QV-C01-009-A0068,QV-C01-009,DS00,quebrada_verde,CAMPAIGN_01,134.000000000,136.000000000,2.000000000,0.088858835,0.000000000,0.000000000
QV-C01-009-A0069,QV-C01-009,DS00,quebrada_verde,CAMPAIGN_01,136.000000000,138.000000000,2.000000000,0.077049149,0.000000000,0.000000000
QV-C01-009-A0070,QV-C01-009,DS00,quebrada_verde,CAMPAIGN_01,138.000000000,140.000000000,2.000000000,0.085922073,0.000000000,0.000000000
QV-C01-009-A0071,QV-C01-009,DS00,quebrada_verde,CAMPAIGN_01,140.000000000,142.000000000,2.000000000,0.084869357,0.000000000,0.000000000
QV-C01-009-A0072,QV-C01-009,DS00,quebrada_verde,CAMPAIGN_01,142.000000000,144.000000000,2.000000000,0.086385359,0.000000000,0.000000000
QV-C01-009-A0073,QV-C01-009,DS00,quebrada_verde,CAMPAIGN_01,144.000000000,146.000000000,2.000000000,0.085284955,0.000000000,0.000000000
QV-C01-009-A0074,QV-C01-009,DS00,quebrada_verde,CAMPAIGN_01,146.000000000,148.000000000,2.000000000,0.088379546,0.000000000,0.000000000
QV-C01-009-A0075,QV-C01-009,DS00,quebrada_verde,CAMPAIGN_01,148.000000000,150.000000000,2.000000000,0.088954814,0.000000000,0.000000000
QV-C01-009-A0076,QV-C01-009,DS00,quebrada_verde,CAMPAIGN_01,150.000000000,152.000000000,2.000000000,0.089656685,0.000000000,0.000000000
QV-C01-009-A0077,QV-C01-009,DS00,quebrada_verde,CAMPAIGN_01,152.000000000,154.000000000,2.000000000,0.082913211,0.000000000,0.000000000
QV-C01-009-A0078,QV-C01-009,DS00,quebrada_verde,CAMPAIGN_01,154.000000000,156.000000000,2.000000000,0.093851428,0.000000000,0.000000000
QV-C01-009-A0079,QV-C01-009,DS00,quebrada_verde,CAMPAIGN_01,156.000000000,158.000000000,2.000000000,0.086523136,0.000000000,0.000000000
QV-C01-009-A0080,QV-C01-009,DS00,quebrada_verde,CAMPAIGN_01,158.000000000,160.000000000,2.000000000,0.086803456,0.000000000,0.000000000
QV-C01-009-A0081,QV-C01-009,DS00,quebrada_verde,CAMPAIGN_01,160.000000000,162.000000000,2.000000000,0.090306449,0.000000000,0.000000000
QV-C01-009-A0082,QV-C01-009,DS00,quebrada_verde,CAMPAIGN_01,162.000000000,164.000000000,2.000000000,0.079978313,0.000000000,0.000000000
QV-C01-009-A0083,QV-C01-009,DS00,quebrada_verde,CAMPAIGN_01,164.000000000,166.000000000,2.000000000,0.092309285,0.000000000,0.000000000
QV-C01-009-A0084,QV-C01-009,DS00,quebrada_verde,CAMPAIGN_01,166.000000000,168.000000000,2.000000000,0.080141226,0.000000000,0.000000000
QV-C01-009-A0085,QV-C01-009,DS00,quebrada_verde,CAMPAIGN_01,168.000000000,170.000000000,2.000000000,0.087924217,0.000000000,0.000000000
QV-C01-009-A0086,QV-C01-009,DS00,quebrada_verde,CAMPAIGN_01,170.000000000,172.000000000,2.000000000,0.086556786,0.000000000,0.000000000
QV-C01-009-A0087,QV-C01-009,DS00,quebrada_verde,CAMPAIGN_01,172.000000000,174.000000000,2.000000000,0.082819721,0.000000000,0.000000000
QV-C01-009-A0088,QV-C01-009,DS00,quebrada_verde,CAMPAIGN_01,174.000000000,176.000000000,2.000000000,0.084777186,0.000000000,0.000000000
QV-C01-009-A0089,QV-C01-009,DS00,quebrada_verde,CAMPAIGN_01,176.000000000,178.000000000,2.000000000,0.088938628,0.000000000,0.000000000
QV-C01-009-A0090,QV-C01-009,DS00,quebrada_verde,CAMPAIGN_01,178.000000000,180.000000000,2.000000000,0.089640215,0.000000000,0.000000000
QV-C01-009-A0091,QV-C01-009,DS00,quebrada_verde,CAMPAIGN_01,180.000000000,182.000000000,2.000000000,0.077722437,0.000000000,0.000000000
QV-C01-009-A0092,QV-C01-009,DS00,quebrada_verde,CAMPAIGN_01,182.000000000,184.000000000,2.000000000,0.088956574,0.000000000,0.000000000
QV-C01-009-A0093,QV-C01-009,DS00,quebrada_verde,CAMPAIGN_01,184.000000000,186.000000000,2.000000000,0.086906416,0.000000000,0.000000000
QV-C01-009-A0094,QV-C01-009,DS00,quebrada_verde,CAMPAIGN_01,186.000000000,188.000000000,2.000000000,0.081995259,0.000000000,0.000000000
QV-C01-009-A0095,QV-C01-009,DS00,quebrada_verde,CAMPAIGN_01,188.000000000,190.000000000,2.000000000,0.089586599,0.000000000,0.000000000
QV-C01-009-A0096,QV-C01-009,DS00,quebrada_verde,CAMPAIGN_01,190.000000000,192.000000000,2.000000000,0.076675750,0.000000000,0.000000000
QV-C01-009-A0097,QV-C01-009,DS00,quebrada_verde,CAMPAIGN_01,192.000000000,194.000000000,2.000000000,0.082136317,0.000000000,0.000000000
QV-C01-009-A0098,QV-C01-009,DS00,quebrada_verde,CAMPAIGN_01,194.000000000,196.000000000,2.000000000,0.084892506,0.000000000,0.000000000
QV-C01-009-A0099,QV-C01-009,DS00,quebrada_verde,CAMPAIGN_01,196.000000000,198.000000000,2.000000000,0.080721925,0.000000000,0.000000000
QV-C01-009-A0100,QV-C01-009,DS00,quebrada_verde,CAMPAIGN_01,198.000000000,200.000000000,2.000000000,0.079349535,0.000000000,0.000000000
QV-C01-009-A0101,QV-C01-009,DS00,quebrada_verde,CAMPAIGN_01,200.000000000,202.000000000,2.000000000,0.076184482,0.000000000,0.000000000
QV-C01-009-A0102,QV-C01-009,DS00,quebrada_verde,CAMPAIGN_01,202.000000000,204.000000000,2.000000000,0.080959527,0.000000000,0.000000000
QV-C01-009-A0103,QV-C01-009,DS00,quebrada_verde,CAMPAIGN_01,204.000000000,206.000000000,2.000000000,0.080491905,0.000000000,0.000000000
QV-C01-009-A0104,QV-C01-009,DS00,quebrada_verde,CAMPAIGN_01,206.000000000,208.000000000,2.000000000,0.071030344,0.000000000,0.000000000
QV-C01-009-A0105,QV-C01-009,DS00,quebrada_verde,CAMPAIGN_01,208.000000000,210.000000000,2.000000000,0.085978297,0.000000000,0.000000000
QV-C01-009-A0106,QV-C01-009,DS00,quebrada_verde,CAMPAIGN_01,210.000000000,212.000000000,2.000000000,0.081569470,0.000000000,0.000000000
QV-C01-009-A0107,QV-C01-009,DS00,quebrada_verde,CAMPAIGN_01,212.000000000,214.000000000,2.000000000,0.077511816,0.000000000,0.000000000
QV-C01-009-A0108,QV-C01-009,DS00,quebrada_verde,CAMPAIGN_01,214.000000000,216.000000000,2.000000000,0.080182718,0.000000000,0.000000000
QV-C01-009-A0109,QV-C01-009,DS00,quebrada_verde,CAMPAIGN_01,216.000000000,218.000000000,2.000000000,0.076098894,0.000000000,0.000000000
QV-C01-009-A0110,QV-C01-009,DS00,quebrada_verde,CAMPAIGN_01,218.000000000,220.000000000,2.000000000,0.078149843,0.000000000,0.000000000
QV-C01-010-A0001,QV-C01-010,DS00,quebrada_verde,CAMPAIGN_01,0.000000000,2.000000000,2.000000000,0.207807031,0.000000000,0.000000000
QV-C01-010-A0002,QV-C01-010,DS00,quebrada_verde,CAMPAIGN_01,2.000000000,4.000000000,2.000000000,0.218443706,0.000000000,0.000000000
QV-C01-010-A0003,QV-C01-010,DS00,quebrada_verde,CAMPAIGN_01,4.000000000,6.000000000,2.000000000,0.229917297,0.000000000,0.000000000
QV-C01-010-A0004,QV-C01-010,DS00,quebrada_verde,CAMPAIGN_01,6.000000000,8.000000000,2.000000000,0.247702406,0.000000000,0.000000000
QV-C01-010-A0005,QV-C01-010,DS00,quebrada_verde,CAMPAIGN_01,8.000000000,10.000000000,2.000000000,0.259069016,0.000000000,0.000000000
QV-C01-010-A0006,QV-C01-010,DS00,quebrada_verde,CAMPAIGN_01,10.000000000,12.000000000,2.000000000,0.250102981,0.000000000,0.000000000
QV-C01-010-A0007,QV-C01-010,DS00,quebrada_verde,CAMPAIGN_01,12.000000000,14.000000000,2.000000000,0.253670687,0.000000000,0.000000000
QV-C01-010-A0008,QV-C01-010,DS00,quebrada_verde,CAMPAIGN_01,14.000000000,16.000000000,2.000000000,0.248704358,0.000000000,0.000000000
QV-C01-010-A0009,QV-C01-010,DS00,quebrada_verde,CAMPAIGN_01,16.000000000,18.000000000,2.000000000,0.262016539,0.000000000,0.000000000
QV-C01-010-A0010,QV-C01-010,DS00,quebrada_verde,CAMPAIGN_01,18.000000000,20.000000000,2.000000000,0.274619116,0.000000000,0.000000000
QV-C01-010-A0011,QV-C01-010,DS00,quebrada_verde,CAMPAIGN_01,20.000000000,22.000000000,2.000000000,0.259483069,0.000000000,0.000000000
QV-C01-010-A0012,QV-C01-010,DS00,quebrada_verde,CAMPAIGN_01,22.000000000,24.000000000,2.000000000,0.284405873,0.000000000,0.000000000
QV-C01-010-A0013,QV-C01-010,DS00,quebrada_verde,CAMPAIGN_01,24.000000000,26.000000000,2.000000000,0.282477289,0.000000000,0.000000000
QV-C01-010-A0014,QV-C01-010,DS00,quebrada_verde,CAMPAIGN_01,26.000000000,28.000000000,2.000000000,0.297429454,0.000000000,0.000000000
QV-C01-010-A0015,QV-C01-010,DS00,quebrada_verde,CAMPAIGN_01,28.000000000,30.000000000,2.000000000,0.286177742,0.000000000,0.000000000
QV-C01-010-A0016,QV-C01-010,DS00,quebrada_verde,CAMPAIGN_01,30.000000000,32.000000000,2.000000000,0.306732302,0.000000000,0.000000000
QV-C01-010-A0017,QV-C01-010,DS00,quebrada_verde,CAMPAIGN_01,32.000000000,34.000000000,2.000000000,0.318129443,0.000000000,0.000000000
QV-C01-010-A0018,QV-C01-010,DS00,quebrada_verde,CAMPAIGN_01,34.000000000,36.000000000,2.000000000,0.296894261,0.000000000,0.000000000
QV-C01-010-A0019,QV-C01-010,DS00,quebrada_verde,CAMPAIGN_01,36.000000000,38.000000000,2.000000000,0.325519505,0.000000000,0.000000000
QV-C01-010-A0020,QV-C01-010,DS00,quebrada_verde,CAMPAIGN_01,38.000000000,40.000000000,2.000000000,0.314267789,0.000000000,0.000000000
QV-C01-010-A0021,QV-C01-010,DS00,quebrada_verde,CAMPAIGN_01,40.000000000,42.000000000,2.000000000,0.331240121,0.000000000,0.000000000
QV-C01-010-A0022,QV-C01-010,DS00,quebrada_verde,CAMPAIGN_01,42.000000000,44.000000000,2.000000000,0.340556008,0.000000000,0.000000000
QV-C01-010-A0023,QV-C01-010,DS00,quebrada_verde,CAMPAIGN_01,44.000000000,46.000000000,2.000000000,0.339967572,0.000000000,0.000000000
QV-C01-010-A0024,QV-C01-010,DS00,quebrada_verde,CAMPAIGN_01,46.000000000,48.000000000,2.000000000,0.373087183,0.000000000,0.000000000
QV-C01-010-A0025,QV-C01-010,DS00,quebrada_verde,CAMPAIGN_01,48.000000000,50.000000000,2.000000000,0.354140288,0.000000000,0.000000000
QV-C01-010-A0026,QV-C01-010,DS00,quebrada_verde,CAMPAIGN_01,50.000000000,52.000000000,2.000000000,0.364747615,0.000000000,0.000000000
QV-C01-010-A0027,QV-C01-010,DS00,quebrada_verde,CAMPAIGN_01,52.000000000,54.000000000,2.000000000,0.380852908,0.000000000,0.000000000
QV-C01-010-A0028,QV-C01-010,DS00,quebrada_verde,CAMPAIGN_01,54.000000000,56.000000000,2.000000000,0.393368328,0.000000000,0.000000000
QV-C01-010-A0029,QV-C01-010,DS00,quebrada_verde,CAMPAIGN_01,56.000000000,58.000000000,2.000000000,0.392557084,0.000000000,0.000000000
QV-C01-010-A0030,QV-C01-010,DS00,quebrada_verde,CAMPAIGN_01,58.000000000,60.000000000,2.000000000,0.381875826,0.000000000,0.000000000
QV-C01-010-A0031,QV-C01-010,DS00,quebrada_verde,CAMPAIGN_01,60.000000000,62.000000000,2.000000000,0.378050640,0.000000000,0.000000000
QV-C01-010-A0032,QV-C01-010,DS00,quebrada_verde,CAMPAIGN_01,62.000000000,64.000000000,2.000000000,0.394058796,0.000000000,0.000000000
QV-C01-010-A0033,QV-C01-010,DS00,quebrada_verde,CAMPAIGN_01,64.000000000,66.000000000,2.000000000,0.378402750,0.000000000,0.000000000
QV-C01-010-A0034,QV-C01-010,DS00,quebrada_verde,CAMPAIGN_01,66.000000000,68.000000000,2.000000000,0.428318448,0.000000000,0.000000000
QV-C01-010-A0035,QV-C01-010,DS00,quebrada_verde,CAMPAIGN_01,68.000000000,70.000000000,2.000000000,0.406076632,0.000000000,0.000000000
QV-C01-010-A0036,QV-C01-010,DS00,quebrada_verde,CAMPAIGN_01,70.000000000,72.000000000,2.000000000,0.420975589,0.000000000,0.000000000
QV-C01-010-A0037,QV-C01-010,DS00,quebrada_verde,CAMPAIGN_01,72.000000000,74.000000000,2.000000000,0.415930642,0.000000000,0.000000000
QV-C01-010-A0038,QV-C01-010,DS00,quebrada_verde,CAMPAIGN_01,74.000000000,76.000000000,2.000000000,0.421329923,0.000000000,0.000000000
QV-C01-010-A0039,QV-C01-010,DS00,quebrada_verde,CAMPAIGN_01,76.000000000,78.000000000,2.000000000,0.419979929,0.000000000,0.000000000
QV-C01-010-A0040,QV-C01-010,DS00,quebrada_verde,CAMPAIGN_01,78.000000000,80.000000000,2.000000000,0.461746151,0.000000000,0.000000000
QV-C01-010-A0041,QV-C01-010,DS00,quebrada_verde,CAMPAIGN_01,80.000000000,82.000000000,2.000000000,0.453813172,0.000000000,0.000000000
QV-C01-010-A0042,QV-C01-010,DS00,quebrada_verde,CAMPAIGN_01,82.000000000,84.000000000,2.000000000,0.464044412,0.000000000,0.000000000
QV-C01-010-A0043,QV-C01-010,DS00,quebrada_verde,CAMPAIGN_01,84.000000000,86.000000000,2.000000000,0.417711509,0.000000000,0.000000000
QV-C01-010-A0044,QV-C01-010,DS00,quebrada_verde,CAMPAIGN_01,86.000000000,88.000000000,2.000000000,0.464280287,0.000000000,0.000000000
QV-C01-010-A0045,QV-C01-010,DS00,quebrada_verde,CAMPAIGN_01,88.000000000,90.000000000,2.000000000,0.474372012,0.000000000,0.000000000
QV-C01-010-A0046,QV-C01-010,DS00,quebrada_verde,CAMPAIGN_01,90.000000000,92.000000000,2.000000000,0.446344924,0.000000000,0.000000000
QV-C01-010-A0047,QV-C01-010,DS00,quebrada_verde,CAMPAIGN_01,92.000000000,94.000000000,2.000000000,0.480153236,0.000000000,0.000000000
QV-C01-010-A0048,QV-C01-010,DS00,quebrada_verde,CAMPAIGN_01,94.000000000,96.000000000,2.000000000,0.498505273,0.000000000,0.000000000
QV-C01-010-A0049,QV-C01-010,DS00,quebrada_verde,CAMPAIGN_01,96.000000000,98.000000000,2.000000000,0.487596460,0.000000000,0.000000000
QV-C01-010-A0050,QV-C01-010,DS00,quebrada_verde,CAMPAIGN_01,98.000000000,100.000000000,2.000000000,0.477213236,0.000000000,0.000000000
QV-C01-010-A0051,QV-C01-010,DS00,quebrada_verde,CAMPAIGN_01,100.000000000,102.000000000,2.000000000,0.494276231,0.000000000,0.000000000
QV-C01-010-A0052,QV-C01-010,DS00,quebrada_verde,CAMPAIGN_01,102.000000000,104.000000000,2.000000000,0.489445373,0.000000000,0.000000000
QV-C01-010-A0053,QV-C01-010,DS00,quebrada_verde,CAMPAIGN_01,104.000000000,106.000000000,2.000000000,0.494042950,0.000000000,0.000000000
QV-C01-010-A0054,QV-C01-010,DS00,quebrada_verde,CAMPAIGN_01,106.000000000,108.000000000,2.000000000,0.518739893,0.000000000,0.000000000
QV-C01-010-A0055,QV-C01-010,DS00,quebrada_verde,CAMPAIGN_01,108.000000000,110.000000000,2.000000000,0.481148934,0.000000000,0.000000000
QV-C01-010-A0056,QV-C01-010,DS00,quebrada_verde,CAMPAIGN_01,110.000000000,112.000000000,2.000000000,0.501060705,0.000000000,0.000000000
QV-C01-010-A0057,QV-C01-010,DS00,quebrada_verde,CAMPAIGN_01,112.000000000,114.000000000,2.000000000,0.521757865,0.000000000,0.000000000
QV-C01-010-A0058,QV-C01-010,DS00,quebrada_verde,CAMPAIGN_01,114.000000000,116.000000000,2.000000000,0.524521976,0.000000000,0.000000000
QV-C01-010-A0059,QV-C01-010,DS00,quebrada_verde,CAMPAIGN_01,116.000000000,118.000000000,2.000000000,0.511651164,0.000000000,0.000000000
QV-C01-010-A0060,QV-C01-010,DS00,quebrada_verde,CAMPAIGN_01,118.000000000,120.000000000,2.000000000,0.515823415,0.000000000,0.000000000
QV-C01-010-A0061,QV-C01-010,DS00,quebrada_verde,CAMPAIGN_01,120.000000000,122.000000000,2.000000000,0.581265733,0.000000000,0.000000000
QV-C01-010-A0062,QV-C01-010,DS00,quebrada_verde,CAMPAIGN_01,122.000000000,124.000000000,2.000000000,0.531221996,0.000000000,0.000000000
QV-C01-010-A0063,QV-C01-010,DS00,quebrada_verde,CAMPAIGN_01,124.000000000,126.000000000,2.000000000,0.543077454,0.000000000,0.000000000
QV-C01-010-A0064,QV-C01-010,DS00,quebrada_verde,CAMPAIGN_01,126.000000000,128.000000000,2.000000000,0.518374572,0.000000000,0.000000000
QV-C01-010-A0065,QV-C01-010,DS00,quebrada_verde,CAMPAIGN_01,128.000000000,130.000000000,2.000000000,0.539420394,0.000000000,0.000000000
QV-C01-010-A0066,QV-C01-010,DS00,quebrada_verde,CAMPAIGN_01,130.000000000,132.000000000,2.000000000,0.574596273,0.000000000,0.000000000
QV-C01-010-A0067,QV-C01-010,DS00,quebrada_verde,CAMPAIGN_01,132.000000000,134.000000000,2.000000000,0.548252775,0.000000000,0.000000000
QV-C01-010-A0068,QV-C01-010,DS00,quebrada_verde,CAMPAIGN_01,134.000000000,136.000000000,2.000000000,0.559835213,0.000000000,0.000000000
QV-C01-010-A0069,QV-C01-010,DS00,quebrada_verde,CAMPAIGN_01,136.000000000,138.000000000,2.000000000,0.518468737,0.000000000,0.000000000
QV-C01-010-A0070,QV-C01-010,DS00,quebrada_verde,CAMPAIGN_01,138.000000000,140.000000000,2.000000000,0.594423689,0.000000000,0.000000000
QV-C01-010-A0071,QV-C01-010,DS00,quebrada_verde,CAMPAIGN_01,140.000000000,142.000000000,2.000000000,0.564644293,0.000000000,0.000000000
QV-C01-010-A0072,QV-C01-010,DS00,quebrada_verde,CAMPAIGN_01,142.000000000,144.000000000,2.000000000,0.550255729,0.000000000,0.000000000
QV-C01-010-A0073,QV-C01-010,DS00,quebrada_verde,CAMPAIGN_01,144.000000000,146.000000000,2.000000000,0.516090489,0.000000000,0.000000000
QV-C01-010-A0074,QV-C01-010,DS00,quebrada_verde,CAMPAIGN_01,146.000000000,148.000000000,2.000000000,0.533624527,0.000000000,0.000000000
QV-C01-010-A0075,QV-C01-010,DS00,quebrada_verde,CAMPAIGN_01,148.000000000,150.000000000,2.000000000,0.551869773,0.000000000,0.000000000
QV-C01-010-A0076,QV-C01-010,DS00,quebrada_verde,CAMPAIGN_01,150.000000000,152.000000000,2.000000000,0.525627034,0.000000000,0.000000000
QV-C01-010-A0077,QV-C01-010,DS00,quebrada_verde,CAMPAIGN_01,152.000000000,154.000000000,2.000000000,0.543552744,0.000000000,0.000000000
QV-C01-010-A0078,QV-C01-010,DS00,quebrada_verde,CAMPAIGN_01,154.000000000,156.000000000,2.000000000,0.566155231,0.000000000,0.000000000
QV-C01-010-A0079,QV-C01-010,DS00,quebrada_verde,CAMPAIGN_01,156.000000000,158.000000000,2.000000000,0.562623234,0.000000000,0.000000000
QV-C01-010-A0080,QV-C01-010,DS00,quebrada_verde,CAMPAIGN_01,158.000000000,160.000000000,2.000000000,0.566751129,0.000000000,0.000000000
QV-C01-010-A0081,QV-C01-010,DS00,quebrada_verde,CAMPAIGN_01,160.000000000,162.000000000,2.000000000,0.596523707,0.000000000,0.000000000
QV-C01-010-A0082,QV-C01-010,DS00,quebrada_verde,CAMPAIGN_01,162.000000000,164.000000000,2.000000000,0.576507941,0.000000000,0.000000000
QV-C01-010-A0083,QV-C01-010,DS00,quebrada_verde,CAMPAIGN_01,164.000000000,166.000000000,2.000000000,0.549130995,0.000000000,0.000000000
QV-C01-010-A0084,QV-C01-010,DS00,quebrada_verde,CAMPAIGN_01,166.000000000,168.000000000,2.000000000,0.541186404,0.000000000,0.000000000
QV-C01-010-A0085,QV-C01-010,DS00,quebrada_verde,CAMPAIGN_01,168.000000000,170.000000000,2.000000000,0.548181237,0.000000000,0.000000000
QV-C01-010-A0086,QV-C01-010,DS00,quebrada_verde,CAMPAIGN_01,170.000000000,172.000000000,2.000000000,0.538371783,0.000000000,0.000000000
QV-C01-010-A0087,QV-C01-010,DS00,quebrada_verde,CAMPAIGN_01,172.000000000,174.000000000,2.000000000,0.569481794,0.000000000,0.000000000
QV-C01-010-A0088,QV-C01-010,DS00,quebrada_verde,CAMPAIGN_01,174.000000000,176.000000000,2.000000000,0.535339001,0.000000000,0.000000000
QV-C01-010-A0089,QV-C01-010,DS00,quebrada_verde,CAMPAIGN_01,176.000000000,178.000000000,2.000000000,0.602955706,0.000000000,0.000000000
QV-C01-010-A0090,QV-C01-010,DS00,quebrada_verde,CAMPAIGN_01,178.000000000,180.000000000,2.000000000,0.571611279,0.000000000,0.000000000
QV-C01-010-A0091,QV-C01-010,DS00,quebrada_verde,CAMPAIGN_01,180.000000000,182.000000000,2.000000000,0.575830337,0.000000000,0.000000000
QV-C01-010-A0092,QV-C01-010,DS00,quebrada_verde,CAMPAIGN_01,182.000000000,184.000000000,2.000000000,0.579124870,0.000000000,0.000000000
QV-C01-010-A0093,QV-C01-010,DS00,quebrada_verde,CAMPAIGN_01,184.000000000,186.000000000,2.000000000,0.542223805,0.000000000,0.000000000
QV-C01-010-A0094,QV-C01-010,DS00,quebrada_verde,CAMPAIGN_01,186.000000000,188.000000000,2.000000000,0.553506806,0.000000000,0.000000000
QV-C01-010-A0095,QV-C01-010,DS00,quebrada_verde,CAMPAIGN_01,188.000000000,190.000000000,2.000000000,0.527534757,0.000000000,0.000000000
QV-C01-010-A0096,QV-C01-010,DS00,quebrada_verde,CAMPAIGN_01,190.000000000,192.000000000,2.000000000,0.552684674,0.000000000,0.000000000
QV-C01-010-A0097,QV-C01-010,DS00,quebrada_verde,CAMPAIGN_01,192.000000000,194.000000000,2.000000000,0.541886022,0.000000000,0.000000000
QV-C01-010-A0098,QV-C01-010,DS00,quebrada_verde,CAMPAIGN_01,194.000000000,196.000000000,2.000000000,0.544187281,0.000000000,0.000000000
QV-C01-010-A0099,QV-C01-010,DS00,quebrada_verde,CAMPAIGN_01,196.000000000,198.000000000,2.000000000,0.557766867,0.000000000,0.000000000
QV-C01-010-A0100,QV-C01-010,DS00,quebrada_verde,CAMPAIGN_01,198.000000000,200.000000000,2.000000000,0.540166500,0.000000000,0.000000000
QV-C01-010-A0101,QV-C01-010,DS00,quebrada_verde,CAMPAIGN_01,200.000000000,202.000000000,2.000000000,0.514811701,0.000000000,0.000000000
QV-C01-010-A0102,QV-C01-010,DS00,quebrada_verde,CAMPAIGN_01,202.000000000,204.000000000,2.000000000,0.529356851,0.000000000,0.000000000
QV-C01-010-A0103,QV-C01-010,DS00,quebrada_verde,CAMPAIGN_01,204.000000000,206.000000000,2.000000000,0.525090011,0.000000000,0.000000000
QV-C01-010-A0104,QV-C01-010,DS00,quebrada_verde,CAMPAIGN_01,206.000000000,208.000000000,2.000000000,0.497816677,0.000000000,0.000000000
QV-C01-010-A0105,QV-C01-010,DS00,quebrada_verde,CAMPAIGN_01,208.000000000,210.000000000,2.000000000,0.508439797,0.000000000,0.000000000
QV-C01-010-A0106,QV-C01-010,DS00,quebrada_verde,CAMPAIGN_01,210.000000000,212.000000000,2.000000000,0.493576436,0.000000000,0.000000000
QV-C01-010-A0107,QV-C01-010,DS00,quebrada_verde,CAMPAIGN_01,212.000000000,214.000000000,2.000000000,0.503607435,0.000000000,0.000000000
QV-C01-010-A0108,QV-C01-010,DS00,quebrada_verde,CAMPAIGN_01,214.000000000,216.000000000,2.000000000,0.522700369,0.000000000,0.000000000
QV-C01-010-A0109,QV-C01-010,DS00,quebrada_verde,CAMPAIGN_01,216.000000000,218.000000000,2.000000000,0.507164450,0.000000000,0.000000000
QV-C01-010-A0110,QV-C01-010,DS00,quebrada_verde,CAMPAIGN_01,218.000000000,220.000000000,2.000000000,0.493397392,0.000000000,0.000000000
QV-C01-011-A0001,QV-C01-011,DS00,quebrada_verde,CAMPAIGN_01,0.000000000,2.000000000,2.000000000,0.142141156,0.000000000,0.000000000
QV-C01-011-A0002,QV-C01-011,DS00,quebrada_verde,CAMPAIGN_01,2.000000000,4.000000000,2.000000000,0.138138265,0.000000000,0.000000000
QV-C01-011-A0003,QV-C01-011,DS00,quebrada_verde,CAMPAIGN_01,4.000000000,6.000000000,2.000000000,0.127057562,0.000000000,0.000000000
QV-C01-011-A0004,QV-C01-011,DS00,quebrada_verde,CAMPAIGN_01,6.000000000,8.000000000,2.000000000,0.142085267,0.000000000,0.000000000
QV-C01-011-A0005,QV-C01-011,DS00,quebrada_verde,CAMPAIGN_01,8.000000000,10.000000000,2.000000000,0.136557865,0.000000000,0.000000000
QV-C01-011-A0006,QV-C01-011,DS00,quebrada_verde,CAMPAIGN_01,10.000000000,12.000000000,2.000000000,0.150895863,0.000000000,0.000000000
QV-C01-011-A0007,QV-C01-011,DS00,quebrada_verde,CAMPAIGN_01,12.000000000,14.000000000,2.000000000,0.160009675,0.000000000,0.000000000
QV-C01-011-A0008,QV-C01-011,DS00,quebrada_verde,CAMPAIGN_01,14.000000000,16.000000000,2.000000000,0.169075056,0.000000000,0.000000000
QV-C01-011-A0009,QV-C01-011,DS00,quebrada_verde,CAMPAIGN_01,16.000000000,18.000000000,2.000000000,0.160892643,0.000000000,0.000000000
QV-C01-011-A0010,QV-C01-011,DS00,quebrada_verde,CAMPAIGN_01,18.000000000,20.000000000,2.000000000,0.165527131,0.000000000,0.000000000
QV-C01-011-A0011,QV-C01-011,DS00,quebrada_verde,CAMPAIGN_01,20.000000000,22.000000000,2.000000000,0.169987315,0.000000000,0.000000000
QV-C01-011-A0012,QV-C01-011,DS00,quebrada_verde,CAMPAIGN_01,22.000000000,24.000000000,2.000000000,0.175426504,0.000000000,0.000000000
QV-C01-011-A0013,QV-C01-011,DS00,quebrada_verde,CAMPAIGN_01,24.000000000,26.000000000,2.000000000,0.182618508,0.000000000,0.000000000
QV-C01-011-A0014,QV-C01-011,DS00,quebrada_verde,CAMPAIGN_01,26.000000000,28.000000000,2.000000000,0.186414891,0.000000000,0.000000000
QV-C01-011-A0015,QV-C01-011,DS00,quebrada_verde,CAMPAIGN_01,28.000000000,30.000000000,2.000000000,0.191826661,0.000000000,0.000000000
QV-C01-011-A0016,QV-C01-011,DS00,quebrada_verde,CAMPAIGN_01,30.000000000,32.000000000,2.000000000,0.202560617,0.000000000,0.000000000
QV-C01-011-A0017,QV-C01-011,DS00,quebrada_verde,CAMPAIGN_01,32.000000000,34.000000000,2.000000000,0.196385051,0.000000000,0.000000000
QV-C01-011-A0018,QV-C01-011,DS00,quebrada_verde,CAMPAIGN_01,34.000000000,36.000000000,2.000000000,0.186320323,0.000000000,0.000000000
QV-C01-011-A0019,QV-C01-011,DS00,quebrada_verde,CAMPAIGN_01,36.000000000,38.000000000,2.000000000,0.209363527,0.000000000,0.000000000
QV-C01-011-A0020,QV-C01-011,DS00,quebrada_verde,CAMPAIGN_01,38.000000000,40.000000000,2.000000000,0.220631085,0.000000000,0.000000000
QV-C01-011-A0021,QV-C01-011,DS00,quebrada_verde,CAMPAIGN_01,40.000000000,42.000000000,2.000000000,0.214526119,0.000000000,0.000000000
QV-C01-011-A0022,QV-C01-011,DS00,quebrada_verde,CAMPAIGN_01,42.000000000,44.000000000,2.000000000,0.223799415,0.000000000,0.000000000
QV-C01-011-A0023,QV-C01-011,DS00,quebrada_verde,CAMPAIGN_01,44.000000000,46.000000000,2.000000000,0.229708594,0.000000000,0.000000000
QV-C01-011-A0024,QV-C01-011,DS00,quebrada_verde,CAMPAIGN_01,46.000000000,48.000000000,2.000000000,0.228153660,0.000000000,0.000000000
QV-C01-011-A0025,QV-C01-011,DS00,quebrada_verde,CAMPAIGN_01,48.000000000,50.000000000,2.000000000,0.243403555,0.000000000,0.000000000
QV-C01-011-A0026,QV-C01-011,DS00,quebrada_verde,CAMPAIGN_01,50.000000000,52.000000000,2.000000000,0.254755942,0.000000000,0.000000000
QV-C01-011-A0027,QV-C01-011,DS00,quebrada_verde,CAMPAIGN_01,52.000000000,54.000000000,2.000000000,0.257781254,0.000000000,0.000000000
QV-C01-011-A0028,QV-C01-011,DS00,quebrada_verde,CAMPAIGN_01,54.000000000,56.000000000,2.000000000,0.254969766,0.000000000,0.000000000
QV-C01-011-A0029,QV-C01-011,DS00,quebrada_verde,CAMPAIGN_01,56.000000000,58.000000000,2.000000000,0.238604208,0.000000000,0.000000000
QV-C01-011-A0030,QV-C01-011,DS00,quebrada_verde,CAMPAIGN_01,58.000000000,60.000000000,2.000000000,0.273272138,0.000000000,0.000000000
QV-C01-011-A0031,QV-C01-011,DS00,quebrada_verde,CAMPAIGN_01,60.000000000,62.000000000,2.000000000,0.264509450,0.000000000,0.000000000
QV-C01-011-A0032,QV-C01-011,DS00,quebrada_verde,CAMPAIGN_01,62.000000000,64.000000000,2.000000000,0.277111240,0.000000000,0.000000000
QV-C01-011-A0033,QV-C01-011,DS00,quebrada_verde,CAMPAIGN_01,64.000000000,66.000000000,2.000000000,0.286176067,0.000000000,0.000000000
QV-C01-011-A0034,QV-C01-011,DS00,quebrada_verde,CAMPAIGN_01,66.000000000,68.000000000,2.000000000,0.295324364,0.000000000,0.000000000
QV-C01-011-A0035,QV-C01-011,DS00,quebrada_verde,CAMPAIGN_01,68.000000000,70.000000000,2.000000000,0.283497925,0.000000000,0.000000000
QV-C01-011-A0036,QV-C01-011,DS00,quebrada_verde,CAMPAIGN_01,70.000000000,72.000000000,2.000000000,0.309742582,0.000000000,0.000000000
QV-C01-011-A0037,QV-C01-011,DS00,quebrada_verde,CAMPAIGN_01,72.000000000,74.000000000,2.000000000,0.304905198,0.000000000,0.000000000
QV-C01-011-A0038,QV-C01-011,DS00,quebrada_verde,CAMPAIGN_01,74.000000000,76.000000000,2.000000000,0.296342850,0.000000000,0.000000000
QV-C01-011-A0039,QV-C01-011,DS00,quebrada_verde,CAMPAIGN_01,76.000000000,78.000000000,2.000000000,0.322911586,0.000000000,0.000000000
QV-C01-011-A0040,QV-C01-011,DS00,quebrada_verde,CAMPAIGN_01,78.000000000,80.000000000,2.000000000,0.326001732,0.000000000,0.000000000
QV-C01-011-A0041,QV-C01-011,DS00,quebrada_verde,CAMPAIGN_01,80.000000000,82.000000000,2.000000000,0.328611566,0.000000000,0.000000000
QV-C01-011-A0042,QV-C01-011,DS00,quebrada_verde,CAMPAIGN_01,82.000000000,84.000000000,2.000000000,0.323905381,0.000000000,0.000000000
QV-C01-011-A0043,QV-C01-011,DS00,quebrada_verde,CAMPAIGN_01,84.000000000,86.000000000,2.000000000,0.356309624,0.000000000,0.000000000
QV-C01-011-A0044,QV-C01-011,DS00,quebrada_verde,CAMPAIGN_01,86.000000000,88.000000000,2.000000000,0.350472768,0.000000000,0.000000000
QV-C01-011-A0045,QV-C01-011,DS00,quebrada_verde,CAMPAIGN_01,88.000000000,90.000000000,2.000000000,0.385519090,0.000000000,0.000000000
QV-C01-011-A0046,QV-C01-011,DS00,quebrada_verde,CAMPAIGN_01,90.000000000,92.000000000,2.000000000,0.371377230,0.000000000,0.000000000
QV-C01-011-A0047,QV-C01-011,DS00,quebrada_verde,CAMPAIGN_01,92.000000000,94.000000000,2.000000000,0.372476450,0.000000000,0.000000000
QV-C01-011-A0048,QV-C01-011,DS00,quebrada_verde,CAMPAIGN_01,94.000000000,96.000000000,2.000000000,0.399352372,0.000000000,0.000000000
QV-C01-011-A0049,QV-C01-011,DS00,quebrada_verde,CAMPAIGN_01,96.000000000,98.000000000,2.000000000,0.383743529,0.000000000,0.000000000
QV-C01-011-A0050,QV-C01-011,DS00,quebrada_verde,CAMPAIGN_01,98.000000000,100.000000000,2.000000000,0.394143189,0.000000000,0.000000000
QV-C01-011-A0051,QV-C01-011,DS00,quebrada_verde,CAMPAIGN_01,100.000000000,102.000000000,2.000000000,0.399065132,0.000000000,0.000000000
QV-C01-011-A0052,QV-C01-011,DS00,quebrada_verde,CAMPAIGN_01,102.000000000,104.000000000,2.000000000,0.396546696,0.000000000,0.000000000
QV-C01-011-A0053,QV-C01-011,DS00,quebrada_verde,CAMPAIGN_01,104.000000000,106.000000000,2.000000000,0.385338086,0.000000000,0.000000000
QV-C01-011-A0054,QV-C01-011,DS00,quebrada_verde,CAMPAIGN_01,106.000000000,108.000000000,2.000000000,0.440807232,0.000000000,0.000000000
QV-C01-011-A0055,QV-C01-011,DS00,quebrada_verde,CAMPAIGN_01,108.000000000,110.000000000,2.000000000,0.424401289,0.000000000,0.000000000
QV-C01-011-A0056,QV-C01-011,DS00,quebrada_verde,CAMPAIGN_01,110.000000000,112.000000000,2.000000000,0.417431411,0.000000000,0.000000000
QV-C01-011-A0057,QV-C01-011,DS00,quebrada_verde,CAMPAIGN_01,112.000000000,114.000000000,2.000000000,0.429226448,0.000000000,0.000000000
QV-C01-011-A0058,QV-C01-011,DS00,quebrada_verde,CAMPAIGN_01,114.000000000,116.000000000,2.000000000,0.437070128,0.000000000,0.000000000
QV-C01-011-A0059,QV-C01-011,DS00,quebrada_verde,CAMPAIGN_01,116.000000000,118.000000000,2.000000000,0.451780425,0.000000000,0.000000000
QV-C01-011-A0060,QV-C01-011,DS00,quebrada_verde,CAMPAIGN_01,118.000000000,120.000000000,2.000000000,0.451674593,0.000000000,0.000000000
QV-C01-011-A0061,QV-C01-011,DS00,quebrada_verde,CAMPAIGN_01,120.000000000,122.000000000,2.000000000,0.464164685,0.000000000,0.000000000
QV-C01-011-A0062,QV-C01-011,DS00,quebrada_verde,CAMPAIGN_01,122.000000000,124.000000000,2.000000000,0.474052813,0.000000000,0.000000000
QV-C01-011-A0063,QV-C01-011,DS00,quebrada_verde,CAMPAIGN_01,124.000000000,126.000000000,2.000000000,0.464645898,0.000000000,0.000000000
QV-C01-011-A0064,QV-C01-011,DS00,quebrada_verde,CAMPAIGN_01,126.000000000,128.000000000,2.000000000,0.480362575,0.000000000,0.000000000
QV-C01-011-A0065,QV-C01-011,DS00,quebrada_verde,CAMPAIGN_01,128.000000000,130.000000000,2.000000000,0.466599917,0.000000000,0.000000000
QV-C01-011-A0066,QV-C01-011,DS00,quebrada_verde,CAMPAIGN_01,130.000000000,132.000000000,2.000000000,0.505310032,0.000000000,0.000000000
QV-C01-011-A0067,QV-C01-011,DS00,quebrada_verde,CAMPAIGN_01,132.000000000,134.000000000,2.000000000,0.485388590,0.000000000,0.000000000
QV-C01-011-A0068,QV-C01-011,DS00,quebrada_verde,CAMPAIGN_01,134.000000000,136.000000000,2.000000000,0.496861922,0.000000000,0.000000000
QV-C01-011-A0069,QV-C01-011,DS00,quebrada_verde,CAMPAIGN_01,136.000000000,138.000000000,2.000000000,0.519830885,0.000000000,0.000000000
QV-C01-011-A0070,QV-C01-011,DS00,quebrada_verde,CAMPAIGN_01,138.000000000,140.000000000,2.000000000,0.533028399,0.000000000,0.000000000
QV-C01-011-A0071,QV-C01-011,DS00,quebrada_verde,CAMPAIGN_01,140.000000000,142.000000000,2.000000000,0.493120694,0.000000000,0.000000000
QV-C01-011-A0072,QV-C01-011,DS00,quebrada_verde,CAMPAIGN_01,142.000000000,144.000000000,2.000000000,0.526328370,0.000000000,0.000000000
QV-C01-011-A0073,QV-C01-011,DS00,quebrada_verde,CAMPAIGN_01,144.000000000,146.000000000,2.000000000,0.500052774,0.000000000,0.000000000
QV-C01-011-A0074,QV-C01-011,DS00,quebrada_verde,CAMPAIGN_01,146.000000000,148.000000000,2.000000000,0.476382965,0.000000000,0.000000000
QV-C01-011-A0075,QV-C01-011,DS00,quebrada_verde,CAMPAIGN_01,148.000000000,150.000000000,2.000000000,0.518990673,0.000000000,0.000000000
QV-C01-011-A0076,QV-C01-011,DS00,quebrada_verde,CAMPAIGN_01,150.000000000,152.000000000,2.000000000,0.504250587,0.000000000,0.000000000
QV-C01-011-A0077,QV-C01-011,DS00,quebrada_verde,CAMPAIGN_01,152.000000000,154.000000000,2.000000000,0.552893644,0.000000000,0.000000000
QV-C01-011-A0078,QV-C01-011,DS00,quebrada_verde,CAMPAIGN_01,154.000000000,156.000000000,2.000000000,0.507828597,0.000000000,0.000000000
QV-C01-011-A0079,QV-C01-011,DS00,quebrada_verde,CAMPAIGN_01,156.000000000,158.000000000,2.000000000,0.576521617,0.000000000,0.000000000
QV-C01-011-A0080,QV-C01-011,DS00,quebrada_verde,CAMPAIGN_01,158.000000000,160.000000000,2.000000000,0.545440983,0.000000000,0.000000000
QV-C01-011-A0081,QV-C01-011,DS00,quebrada_verde,CAMPAIGN_01,160.000000000,162.000000000,2.000000000,0.589987393,0.000000000,0.000000000
QV-C01-011-A0082,QV-C01-011,DS00,quebrada_verde,CAMPAIGN_01,162.000000000,164.000000000,2.000000000,0.567644295,0.000000000,0.000000000
QV-C01-011-A0083,QV-C01-011,DS00,quebrada_verde,CAMPAIGN_01,164.000000000,166.000000000,2.000000000,0.543699278,0.000000000,0.000000000
QV-C01-011-A0084,QV-C01-011,DS00,quebrada_verde,CAMPAIGN_01,166.000000000,168.000000000,2.000000000,0.578554474,0.000000000,0.000000000
QV-C01-011-A0085,QV-C01-011,DS00,quebrada_verde,CAMPAIGN_01,168.000000000,170.000000000,2.000000000,0.546356777,0.000000000,0.000000000
QV-C01-011-A0086,QV-C01-011,DS00,quebrada_verde,CAMPAIGN_01,170.000000000,172.000000000,2.000000000,0.542918319,0.000000000,0.000000000
QV-C01-011-A0087,QV-C01-011,DS00,quebrada_verde,CAMPAIGN_01,172.000000000,174.000000000,2.000000000,0.576341046,0.000000000,0.000000000
QV-C01-011-A0088,QV-C01-011,DS00,quebrada_verde,CAMPAIGN_01,174.000000000,176.000000000,2.000000000,0.565433338,0.000000000,0.000000000
QV-C01-011-A0089,QV-C01-011,DS00,quebrada_verde,CAMPAIGN_01,176.000000000,178.000000000,2.000000000,0.533664400,0.000000000,0.000000000
QV-C01-011-A0090,QV-C01-011,DS00,quebrada_verde,CAMPAIGN_01,178.000000000,180.000000000,2.000000000,0.592164066,0.000000000,0.000000000
QV-C01-011-A0091,QV-C01-011,DS00,quebrada_verde,CAMPAIGN_01,180.000000000,182.000000000,2.000000000,0.563342124,0.000000000,0.000000000
QV-C01-011-A0092,QV-C01-011,DS00,quebrada_verde,CAMPAIGN_01,182.000000000,184.000000000,2.000000000,0.500960864,0.000000000,0.000000000
QV-C01-011-A0093,QV-C01-011,DS00,quebrada_verde,CAMPAIGN_01,184.000000000,186.000000000,2.000000000,0.553004983,0.000000000,0.000000000
QV-C01-011-A0094,QV-C01-011,DS00,quebrada_verde,CAMPAIGN_01,186.000000000,188.000000000,2.000000000,0.581735971,0.000000000,0.000000000
QV-C01-011-A0095,QV-C01-011,DS00,quebrada_verde,CAMPAIGN_01,188.000000000,190.000000000,2.000000000,0.617491729,0.000000000,0.000000000
QV-C01-011-A0096,QV-C01-011,DS00,quebrada_verde,CAMPAIGN_01,190.000000000,192.000000000,2.000000000,0.587179014,0.000000000,0.000000000
QV-C01-011-A0097,QV-C01-011,DS00,quebrada_verde,CAMPAIGN_01,192.000000000,194.000000000,2.000000000,0.637375748,0.000000000,0.000000000
QV-C01-011-A0098,QV-C01-011,DS00,quebrada_verde,CAMPAIGN_01,194.000000000,196.000000000,2.000000000,0.572257644,0.000000000,0.000000000
QV-C01-011-A0099,QV-C01-011,DS00,quebrada_verde,CAMPAIGN_01,196.000000000,198.000000000,2.000000000,0.572625174,0.000000000,0.000000000
QV-C01-011-A0100,QV-C01-011,DS00,quebrada_verde,CAMPAIGN_01,198.000000000,200.000000000,2.000000000,0.570817197,0.000000000,0.000000000
QV-C01-011-A0101,QV-C01-011,DS00,quebrada_verde,CAMPAIGN_01,200.000000000,202.000000000,2.000000000,0.577299241,0.000000000,0.000000000
QV-C01-011-A0102,QV-C01-011,DS00,quebrada_verde,CAMPAIGN_01,202.000000000,204.000000000,2.000000000,0.533575882,0.000000000,0.000000000
QV-C01-011-A0103,QV-C01-011,DS00,quebrada_verde,CAMPAIGN_01,204.000000000,206.000000000,2.000000000,0.591177577,0.000000000,0.000000000
QV-C01-011-A0104,QV-C01-011,DS00,quebrada_verde,CAMPAIGN_01,206.000000000,208.000000000,2.000000000,0.582033097,0.000000000,0.000000000
QV-C01-011-A0105,QV-C01-011,DS00,quebrada_verde,CAMPAIGN_01,208.000000000,210.000000000,2.000000000,0.582826593,0.000000000,0.000000000
QV-C01-011-A0106,QV-C01-011,DS00,quebrada_verde,CAMPAIGN_01,210.000000000,212.000000000,2.000000000,0.588835437,0.000000000,0.000000000
QV-C01-011-A0107,QV-C01-011,DS00,quebrada_verde,CAMPAIGN_01,212.000000000,214.000000000,2.000000000,0.555771847,0.000000000,0.000000000
QV-C01-011-A0108,QV-C01-011,DS00,quebrada_verde,CAMPAIGN_01,214.000000000,216.000000000,2.000000000,0.548689749,0.000000000,0.000000000
QV-C01-011-A0109,QV-C01-011,DS00,quebrada_verde,CAMPAIGN_01,216.000000000,218.000000000,2.000000000,0.577775318,0.000000000,0.000000000
QV-C01-011-A0110,QV-C01-011,DS00,quebrada_verde,CAMPAIGN_01,218.000000000,220.000000000,2.000000000,0.525376203,0.000000000,0.000000000
QV-C01-011-A0111,QV-C01-011,DS00,quebrada_verde,CAMPAIGN_01,220.000000000,222.000000000,2.000000000,0.557550589,0.000000000,0.000000000
QV-C01-011-A0112,QV-C01-011,DS00,quebrada_verde,CAMPAIGN_01,222.000000000,224.000000000,2.000000000,0.561789723,0.000000000,0.000000000
QV-C01-011-A0113,QV-C01-011,DS00,quebrada_verde,CAMPAIGN_01,224.000000000,226.000000000,2.000000000,0.536312316,0.000000000,0.000000000
QV-C01-011-A0114,QV-C01-011,DS00,quebrada_verde,CAMPAIGN_01,226.000000000,228.000000000,2.000000000,0.563171703,0.000000000,0.000000000
QV-C01-011-A0115,QV-C01-011,DS00,quebrada_verde,CAMPAIGN_01,228.000000000,230.000000000,2.000000000,0.544817335,0.000000000,0.000000000
QV-C01-011-A0116,QV-C01-011,DS00,quebrada_verde,CAMPAIGN_01,230.000000000,232.000000000,2.000000000,0.583371074,0.000000000,0.000000000
QV-C01-011-A0117,QV-C01-011,DS00,quebrada_verde,CAMPAIGN_01,232.000000000,234.000000000,2.000000000,0.536864897,0.000000000,0.000000000
QV-C01-011-A0118,QV-C01-011,DS00,quebrada_verde,CAMPAIGN_01,234.000000000,236.000000000,2.000000000,0.512945002,0.000000000,0.000000000
QV-C01-011-A0119,QV-C01-011,DS00,quebrada_verde,CAMPAIGN_01,236.000000000,238.000000000,2.000000000,0.562231606,0.000000000,0.000000000
QV-C01-011-A0120,QV-C01-011,DS00,quebrada_verde,CAMPAIGN_01,238.000000000,240.000000000,2.000000000,0.540449627,0.000000000,0.000000000
QV-C01-011-A0121,QV-C01-011,DS00,quebrada_verde,CAMPAIGN_01,240.000000000,242.000000000,2.000000000,0.549667761,0.000000000,0.000000000
QV-C01-011-A0122,QV-C01-011,DS00,quebrada_verde,CAMPAIGN_01,242.000000000,244.000000000,2.000000000,0.526152913,0.000000000,0.000000000
QV-C01-011-A0123,QV-C01-011,DS00,quebrada_verde,CAMPAIGN_01,244.000000000,246.000000000,2.000000000,0.515085675,0.000000000,0.000000000
QV-C01-011-A0124,QV-C01-011,DS00,quebrada_verde,CAMPAIGN_01,246.000000000,248.000000000,2.000000000,0.523134357,0.000000000,0.000000000
QV-C01-011-A0125,QV-C01-011,DS00,quebrada_verde,CAMPAIGN_01,248.000000000,250.000000000,2.000000000,0.512980650,0.000000000,0.000000000
QV-C01-011-A0126,QV-C01-011,DS00,quebrada_verde,CAMPAIGN_01,250.000000000,252.000000000,2.000000000,0.498382637,0.000000000,0.000000000
QV-C01-011-A0127,QV-C01-011,DS00,quebrada_verde,CAMPAIGN_01,252.000000000,252.832830520,0.832830520,0.494298453,0.000000000,0.000000000
QV-C01-012-A0001,QV-C01-012,DS00,quebrada_verde,CAMPAIGN_01,0.000000000,2.000000000,2.000000000,0.024356219,0.000000000,0.000000000
QV-C01-012-A0002,QV-C01-012,DS00,quebrada_verde,CAMPAIGN_01,2.000000000,4.000000000,2.000000000,0.024274418,0.000000000,0.000000000
QV-C01-012-A0003,QV-C01-012,DS00,quebrada_verde,CAMPAIGN_01,4.000000000,6.000000000,2.000000000,0.027531481,0.000000000,0.000000000
QV-C01-012-A0004,QV-C01-012,DS00,quebrada_verde,CAMPAIGN_01,6.000000000,8.000000000,2.000000000,0.028355139,0.000000000,0.000000000
QV-C01-012-A0005,QV-C01-012,DS00,quebrada_verde,CAMPAIGN_01,8.000000000,10.000000000,2.000000000,0.026468227,0.000000000,0.000000000
QV-C01-012-A0006,QV-C01-012,DS00,quebrada_verde,CAMPAIGN_01,10.000000000,12.000000000,2.000000000,0.023110223,0.000000000,0.000000000
QV-C01-012-A0007,QV-C01-012,DS00,quebrada_verde,CAMPAIGN_01,12.000000000,14.000000000,2.000000000,0.027832762,0.000000000,0.000000000
QV-C01-012-A0008,QV-C01-012,DS00,quebrada_verde,CAMPAIGN_01,14.000000000,16.000000000,2.000000000,0.026131663,0.000000000,0.000000000
QV-C01-012-A0009,QV-C01-012,DS00,quebrada_verde,CAMPAIGN_01,16.000000000,18.000000000,2.000000000,0.027308818,0.000000000,0.000000000
QV-C01-012-A0010,QV-C01-012,DS00,quebrada_verde,CAMPAIGN_01,18.000000000,20.000000000,2.000000000,0.025976067,0.000000000,0.000000000
QV-C01-012-A0011,QV-C01-012,DS00,quebrada_verde,CAMPAIGN_01,20.000000000,22.000000000,2.000000000,0.025722897,0.000000000,0.000000000
QV-C01-012-A0012,QV-C01-012,DS00,quebrada_verde,CAMPAIGN_01,22.000000000,24.000000000,2.000000000,0.026160705,0.000000000,0.000000000
QV-C01-012-A0013,QV-C01-012,DS00,quebrada_verde,CAMPAIGN_01,24.000000000,26.000000000,2.000000000,0.029755125,0.000000000,0.000000000
QV-C01-012-A0014,QV-C01-012,DS00,quebrada_verde,CAMPAIGN_01,26.000000000,28.000000000,2.000000000,0.028179254,0.000000000,0.000000000
QV-C01-012-A0015,QV-C01-012,DS00,quebrada_verde,CAMPAIGN_01,28.000000000,30.000000000,2.000000000,0.029944674,0.000000000,0.000000000
QV-C01-012-A0016,QV-C01-012,DS00,quebrada_verde,CAMPAIGN_01,30.000000000,32.000000000,2.000000000,0.028752867,0.000000000,0.000000000
QV-C01-012-A0017,QV-C01-012,DS00,quebrada_verde,CAMPAIGN_01,32.000000000,34.000000000,2.000000000,0.028867994,0.000000000,0.000000000
QV-C01-012-A0018,QV-C01-012,DS00,quebrada_verde,CAMPAIGN_01,34.000000000,36.000000000,2.000000000,0.024920933,0.000000000,0.000000000
QV-C01-012-A0019,QV-C01-012,DS00,quebrada_verde,CAMPAIGN_01,36.000000000,38.000000000,2.000000000,0.026420049,0.000000000,0.000000000
QV-C01-012-A0020,QV-C01-012,DS00,quebrada_verde,CAMPAIGN_01,38.000000000,40.000000000,2.000000000,0.029485444,0.000000000,0.000000000
QV-C01-012-A0021,QV-C01-012,DS00,quebrada_verde,CAMPAIGN_01,40.000000000,42.000000000,2.000000000,0.029193731,0.000000000,0.000000000
QV-C01-012-A0022,QV-C01-012,DS00,quebrada_verde,CAMPAIGN_01,42.000000000,44.000000000,2.000000000,0.031260424,0.000000000,0.000000000
QV-C01-012-A0023,QV-C01-012,DS00,quebrada_verde,CAMPAIGN_01,44.000000000,46.000000000,2.000000000,0.030039895,0.000000000,0.000000000
QV-C01-012-A0024,QV-C01-012,DS00,quebrada_verde,CAMPAIGN_01,46.000000000,48.000000000,2.000000000,0.030177769,0.000000000,0.000000000
QV-C01-012-A0025,QV-C01-012,DS00,quebrada_verde,CAMPAIGN_01,48.000000000,50.000000000,2.000000000,0.031040309,0.000000000,0.000000000
QV-C01-012-A0026,QV-C01-012,DS00,quebrada_verde,CAMPAIGN_01,50.000000000,52.000000000,2.000000000,0.036057963,0.000000000,0.000000000
QV-C01-012-A0027,QV-C01-012,DS00,quebrada_verde,CAMPAIGN_01,52.000000000,54.000000000,2.000000000,0.027725938,0.000000000,0.000000000
QV-C01-012-A0028,QV-C01-012,DS00,quebrada_verde,CAMPAIGN_01,54.000000000,56.000000000,2.000000000,0.035052634,0.000000000,0.000000000
QV-C01-012-A0029,QV-C01-012,DS00,quebrada_verde,CAMPAIGN_01,56.000000000,58.000000000,2.000000000,0.034174689,0.000000000,0.000000000
QV-C01-012-A0030,QV-C01-012,DS00,quebrada_verde,CAMPAIGN_01,58.000000000,60.000000000,2.000000000,0.030533602,0.000000000,0.000000000
QV-C01-012-A0031,QV-C01-012,DS00,quebrada_verde,CAMPAIGN_01,60.000000000,62.000000000,2.000000000,0.035174110,0.000000000,0.000000000
QV-C01-012-A0032,QV-C01-012,DS00,quebrada_verde,CAMPAIGN_01,62.000000000,64.000000000,2.000000000,0.035200023,0.000000000,0.000000000
QV-C01-012-A0033,QV-C01-012,DS00,quebrada_verde,CAMPAIGN_01,64.000000000,66.000000000,2.000000000,0.034568167,0.000000000,0.000000000
QV-C01-012-A0034,QV-C01-012,DS00,quebrada_verde,CAMPAIGN_01,66.000000000,68.000000000,2.000000000,0.036584136,0.000000000,0.000000000
QV-C01-012-A0035,QV-C01-012,DS00,quebrada_verde,CAMPAIGN_01,68.000000000,70.000000000,2.000000000,0.034675149,0.000000000,0.000000000
QV-C01-012-A0036,QV-C01-012,DS00,quebrada_verde,CAMPAIGN_01,70.000000000,72.000000000,2.000000000,0.039830291,0.000000000,0.000000000
QV-C01-012-A0037,QV-C01-012,DS00,quebrada_verde,CAMPAIGN_01,72.000000000,74.000000000,2.000000000,0.038999457,0.000000000,0.000000000
QV-C01-012-A0038,QV-C01-012,DS00,quebrada_verde,CAMPAIGN_01,74.000000000,76.000000000,2.000000000,0.035081877,0.000000000,0.000000000
QV-C01-012-A0039,QV-C01-012,DS00,quebrada_verde,CAMPAIGN_01,76.000000000,78.000000000,2.000000000,0.038128781,0.000000000,0.000000000
QV-C01-012-A0040,QV-C01-012,DS00,quebrada_verde,CAMPAIGN_01,78.000000000,80.000000000,2.000000000,0.038566325,0.000000000,0.000000000
QV-C01-012-A0041,QV-C01-012,DS00,quebrada_verde,CAMPAIGN_01,80.000000000,82.000000000,2.000000000,0.035469165,0.000000000,0.000000000
QV-C01-012-A0042,QV-C01-012,DS00,quebrada_verde,CAMPAIGN_01,82.000000000,84.000000000,2.000000000,0.039351552,0.000000000,0.000000000
QV-C01-012-A0043,QV-C01-012,DS00,quebrada_verde,CAMPAIGN_01,84.000000000,86.000000000,2.000000000,0.039670717,0.000000000,0.000000000
QV-C01-012-A0044,QV-C01-012,DS00,quebrada_verde,CAMPAIGN_01,86.000000000,88.000000000,2.000000000,0.040786701,0.000000000,0.000000000
QV-C01-012-A0045,QV-C01-012,DS00,quebrada_verde,CAMPAIGN_01,88.000000000,90.000000000,2.000000000,0.040114991,0.000000000,0.000000000
QV-C01-012-A0046,QV-C01-012,DS00,quebrada_verde,CAMPAIGN_01,90.000000000,92.000000000,2.000000000,0.043744244,0.000000000,0.000000000
QV-C01-012-A0047,QV-C01-012,DS00,quebrada_verde,CAMPAIGN_01,92.000000000,94.000000000,2.000000000,0.039850922,0.000000000,0.000000000
QV-C01-012-A0048,QV-C01-012,DS00,quebrada_verde,CAMPAIGN_01,94.000000000,96.000000000,2.000000000,0.045189369,0.000000000,0.000000000
QV-C01-012-A0049,QV-C01-012,DS00,quebrada_verde,CAMPAIGN_01,96.000000000,98.000000000,2.000000000,0.044366775,0.000000000,0.000000000
QV-C01-012-A0050,QV-C01-012,DS00,quebrada_verde,CAMPAIGN_01,98.000000000,100.000000000,2.000000000,0.043471787,0.000000000,0.000000000
QV-C01-012-A0051,QV-C01-012,DS00,quebrada_verde,CAMPAIGN_01,100.000000000,102.000000000,2.000000000,0.042757553,0.000000000,0.000000000
QV-C01-012-A0052,QV-C01-012,DS00,quebrada_verde,CAMPAIGN_01,102.000000000,104.000000000,2.000000000,0.046498603,0.000000000,0.000000000
QV-C01-012-A0053,QV-C01-012,DS00,quebrada_verde,CAMPAIGN_01,104.000000000,106.000000000,2.000000000,0.048800581,0.000000000,0.000000000
QV-C01-012-A0054,QV-C01-012,DS00,quebrada_verde,CAMPAIGN_01,106.000000000,108.000000000,2.000000000,0.049452621,0.000000000,0.000000000
QV-C01-012-A0055,QV-C01-012,DS00,quebrada_verde,CAMPAIGN_01,108.000000000,110.000000000,2.000000000,0.049533226,0.000000000,0.000000000
QV-C01-012-A0056,QV-C01-012,DS00,quebrada_verde,CAMPAIGN_01,110.000000000,112.000000000,2.000000000,0.048691023,0.000000000,0.000000000
QV-C01-012-A0057,QV-C01-012,DS00,quebrada_verde,CAMPAIGN_01,112.000000000,114.000000000,2.000000000,0.045945509,0.000000000,0.000000000
QV-C01-012-A0058,QV-C01-012,DS00,quebrada_verde,CAMPAIGN_01,114.000000000,116.000000000,2.000000000,0.050516657,0.000000000,0.000000000
QV-C01-012-A0059,QV-C01-012,DS00,quebrada_verde,CAMPAIGN_01,116.000000000,118.000000000,2.000000000,0.047982356,0.000000000,0.000000000
QV-C01-012-A0060,QV-C01-012,DS00,quebrada_verde,CAMPAIGN_01,118.000000000,120.000000000,2.000000000,0.050508836,0.000000000,0.000000000
QV-C01-012-A0061,QV-C01-012,DS00,quebrada_verde,CAMPAIGN_01,120.000000000,122.000000000,2.000000000,0.051742969,0.000000000,0.000000000
QV-C01-012-A0062,QV-C01-012,DS00,quebrada_verde,CAMPAIGN_01,122.000000000,124.000000000,2.000000000,0.057371129,0.000000000,0.000000000
QV-C01-012-A0063,QV-C01-012,DS00,quebrada_verde,CAMPAIGN_01,124.000000000,126.000000000,2.000000000,0.054201522,0.000000000,0.000000000
QV-C01-012-A0064,QV-C01-012,DS00,quebrada_verde,CAMPAIGN_01,126.000000000,128.000000000,2.000000000,0.054185704,0.000000000,0.000000000
QV-C01-012-A0065,QV-C01-012,DS00,quebrada_verde,CAMPAIGN_01,128.000000000,130.000000000,2.000000000,0.058873436,0.000000000,0.000000000
QV-C01-012-A0066,QV-C01-012,DS00,quebrada_verde,CAMPAIGN_01,130.000000000,132.000000000,2.000000000,0.056907415,0.000000000,0.000000000
QV-C01-012-A0067,QV-C01-012,DS00,quebrada_verde,CAMPAIGN_01,132.000000000,134.000000000,2.000000000,0.053270268,0.000000000,0.000000000
QV-C01-012-A0068,QV-C01-012,DS00,quebrada_verde,CAMPAIGN_01,134.000000000,136.000000000,2.000000000,0.056283102,0.000000000,0.000000000
QV-C01-012-A0069,QV-C01-012,DS00,quebrada_verde,CAMPAIGN_01,136.000000000,138.000000000,2.000000000,0.062218048,0.000000000,0.000000000
QV-C01-012-A0070,QV-C01-012,DS00,quebrada_verde,CAMPAIGN_01,138.000000000,140.000000000,2.000000000,0.059523255,0.000000000,0.000000000
QV-C01-012-A0071,QV-C01-012,DS00,quebrada_verde,CAMPAIGN_01,140.000000000,142.000000000,2.000000000,0.059585345,0.000000000,0.000000000
QV-C01-012-A0072,QV-C01-012,DS00,quebrada_verde,CAMPAIGN_01,142.000000000,144.000000000,2.000000000,0.066389748,0.000000000,0.000000000
QV-C01-012-A0073,QV-C01-012,DS00,quebrada_verde,CAMPAIGN_01,144.000000000,146.000000000,2.000000000,0.064450925,0.000000000,0.000000000
QV-C01-012-A0074,QV-C01-012,DS00,quebrada_verde,CAMPAIGN_01,146.000000000,148.000000000,2.000000000,0.064849188,0.000000000,0.000000000
QV-C01-012-A0075,QV-C01-012,DS00,quebrada_verde,CAMPAIGN_01,148.000000000,150.000000000,2.000000000,0.066908940,0.000000000,0.000000000
QV-C01-012-A0076,QV-C01-012,DS00,quebrada_verde,CAMPAIGN_01,150.000000000,152.000000000,2.000000000,0.060006295,0.000000000,0.000000000
QV-C01-012-A0077,QV-C01-012,DS00,quebrada_verde,CAMPAIGN_01,152.000000000,154.000000000,2.000000000,0.067292594,0.000000000,0.000000000
QV-C01-012-A0078,QV-C01-012,DS00,quebrada_verde,CAMPAIGN_01,154.000000000,156.000000000,2.000000000,0.065863909,0.000000000,0.000000000
QV-C01-012-A0079,QV-C01-012,DS00,quebrada_verde,CAMPAIGN_01,156.000000000,158.000000000,2.000000000,0.068410977,0.000000000,0.000000000
QV-C01-012-A0080,QV-C01-012,DS00,quebrada_verde,CAMPAIGN_01,158.000000000,160.000000000,2.000000000,0.065674897,0.000000000,0.000000000
QV-C01-012-A0081,QV-C01-012,DS00,quebrada_verde,CAMPAIGN_01,160.000000000,162.000000000,2.000000000,0.067072102,0.000000000,0.000000000
QV-C01-012-A0082,QV-C01-012,DS00,quebrada_verde,CAMPAIGN_01,162.000000000,164.000000000,2.000000000,0.071371576,0.000000000,0.000000000
QV-C01-012-A0083,QV-C01-012,DS00,quebrada_verde,CAMPAIGN_01,164.000000000,166.000000000,2.000000000,0.070497846,0.000000000,0.000000000
QV-C01-012-A0084,QV-C01-012,DS00,quebrada_verde,CAMPAIGN_01,166.000000000,168.000000000,2.000000000,0.070826405,0.000000000,0.000000000
QV-C01-012-A0085,QV-C01-012,DS00,quebrada_verde,CAMPAIGN_01,168.000000000,170.000000000,2.000000000,0.071711742,0.000000000,0.000000000
QV-C01-012-A0086,QV-C01-012,DS00,quebrada_verde,CAMPAIGN_01,170.000000000,172.000000000,2.000000000,0.071223535,0.000000000,0.000000000
QV-C01-012-A0087,QV-C01-012,DS00,quebrada_verde,CAMPAIGN_01,172.000000000,174.000000000,2.000000000,0.075571209,0.000000000,0.000000000
QV-C01-012-A0088,QV-C01-012,DS00,quebrada_verde,CAMPAIGN_01,174.000000000,176.000000000,2.000000000,0.075486280,0.000000000,0.000000000
QV-C01-012-A0089,QV-C01-012,DS00,quebrada_verde,CAMPAIGN_01,176.000000000,178.000000000,2.000000000,0.070507155,0.000000000,0.000000000
QV-C01-012-A0090,QV-C01-012,DS00,quebrada_verde,CAMPAIGN_01,178.000000000,180.000000000,2.000000000,0.076758310,0.000000000,0.000000000
QV-C01-012-A0091,QV-C01-012,DS00,quebrada_verde,CAMPAIGN_01,180.000000000,182.000000000,2.000000000,0.073805166,0.000000000,0.000000000
QV-C01-012-A0092,QV-C01-012,DS00,quebrada_verde,CAMPAIGN_01,182.000000000,184.000000000,2.000000000,0.073986851,0.000000000,0.000000000
QV-C01-012-A0093,QV-C01-012,DS00,quebrada_verde,CAMPAIGN_01,184.000000000,186.000000000,2.000000000,0.076395376,0.000000000,0.000000000
QV-C01-012-A0094,QV-C01-012,DS00,quebrada_verde,CAMPAIGN_01,186.000000000,188.000000000,2.000000000,0.074375873,0.000000000,0.000000000
QV-C01-012-A0095,QV-C01-012,DS00,quebrada_verde,CAMPAIGN_01,188.000000000,190.000000000,2.000000000,0.078901678,0.000000000,0.000000000
QV-C01-012-A0096,QV-C01-012,DS00,quebrada_verde,CAMPAIGN_01,190.000000000,192.000000000,2.000000000,0.079051141,0.000000000,0.000000000
QV-C01-012-A0097,QV-C01-012,DS00,quebrada_verde,CAMPAIGN_01,192.000000000,194.000000000,2.000000000,0.082853461,0.000000000,0.000000000
QV-C01-012-A0098,QV-C01-012,DS00,quebrada_verde,CAMPAIGN_01,194.000000000,196.000000000,2.000000000,0.079471659,0.000000000,0.000000000
QV-C01-012-A0099,QV-C01-012,DS00,quebrada_verde,CAMPAIGN_01,196.000000000,198.000000000,2.000000000,0.086267581,0.000000000,0.000000000
QV-C01-012-A0100,QV-C01-012,DS00,quebrada_verde,CAMPAIGN_01,198.000000000,200.000000000,2.000000000,0.084340863,0.000000000,0.000000000
QV-C01-012-A0101,QV-C01-012,DS00,quebrada_verde,CAMPAIGN_01,200.000000000,202.000000000,2.000000000,0.081667691,0.000000000,0.000000000
QV-C01-012-A0102,QV-C01-012,DS00,quebrada_verde,CAMPAIGN_01,202.000000000,204.000000000,2.000000000,0.083101519,0.000000000,0.000000000
QV-C01-012-A0103,QV-C01-012,DS00,quebrada_verde,CAMPAIGN_01,204.000000000,206.000000000,2.000000000,0.083580523,0.000000000,0.000000000
QV-C01-012-A0104,QV-C01-012,DS00,quebrada_verde,CAMPAIGN_01,206.000000000,208.000000000,2.000000000,0.092572365,0.000000000,0.000000000
QV-C01-012-A0105,QV-C01-012,DS00,quebrada_verde,CAMPAIGN_01,208.000000000,210.000000000,2.000000000,0.080518575,0.000000000,0.000000000
QV-C01-012-A0106,QV-C01-012,DS00,quebrada_verde,CAMPAIGN_01,210.000000000,212.000000000,2.000000000,0.082225975,0.000000000,0.000000000
QV-C01-012-A0107,QV-C01-012,DS00,quebrada_verde,CAMPAIGN_01,212.000000000,214.000000000,2.000000000,0.095368710,0.000000000,0.000000000
QV-C01-012-A0108,QV-C01-012,DS00,quebrada_verde,CAMPAIGN_01,214.000000000,216.000000000,2.000000000,0.088254017,0.000000000,0.000000000
QV-C01-012-A0109,QV-C01-012,DS00,quebrada_verde,CAMPAIGN_01,216.000000000,218.000000000,2.000000000,0.085525109,0.000000000,0.000000000
QV-C01-012-A0110,QV-C01-012,DS00,quebrada_verde,CAMPAIGN_01,218.000000000,220.000000000,2.000000000,0.084130040,0.000000000,0.000000000
QV-C01-012-A0111,QV-C01-012,DS00,quebrada_verde,CAMPAIGN_01,220.000000000,222.000000000,2.000000000,0.094645943,0.000000000,0.000000000
QV-C01-012-A0112,QV-C01-012,DS00,quebrada_verde,CAMPAIGN_01,222.000000000,224.000000000,2.000000000,0.094921583,0.000000000,0.000000000
QV-C01-012-A0113,QV-C01-012,DS00,quebrada_verde,CAMPAIGN_01,224.000000000,226.000000000,2.000000000,0.097670191,0.000000000,0.000000000
QV-C01-012-A0114,QV-C01-012,DS00,quebrada_verde,CAMPAIGN_01,226.000000000,228.000000000,2.000000000,0.095885548,0.000000000,0.000000000
QV-C01-012-A0115,QV-C01-012,DS00,quebrada_verde,CAMPAIGN_01,228.000000000,230.000000000,2.000000000,0.092996449,0.000000000,0.000000000
QV-C01-012-A0116,QV-C01-012,DS00,quebrada_verde,CAMPAIGN_01,230.000000000,232.000000000,2.000000000,0.086680951,0.000000000,0.000000000
QV-C01-012-A0117,QV-C01-012,DS00,quebrada_verde,CAMPAIGN_01,232.000000000,234.000000000,2.000000000,0.090688980,0.000000000,0.000000000
QV-C01-012-A0118,QV-C01-012,DS00,quebrada_verde,CAMPAIGN_01,234.000000000,236.000000000,2.000000000,0.097084365,0.000000000,0.000000000
QV-C01-012-A0119,QV-C01-012,DS00,quebrada_verde,CAMPAIGN_01,236.000000000,238.000000000,2.000000000,0.092634351,0.000000000,0.000000000
QV-C01-012-A0120,QV-C01-012,DS00,quebrada_verde,CAMPAIGN_01,238.000000000,240.000000000,2.000000000,0.091795781,0.000000000,0.000000000
QV-C01-012-A0121,QV-C01-012,DS00,quebrada_verde,CAMPAIGN_01,240.000000000,242.000000000,2.000000000,0.084599304,0.000000000,0.000000000
QV-C01-012-A0122,QV-C01-012,DS00,quebrada_verde,CAMPAIGN_01,242.000000000,244.000000000,2.000000000,0.099095499,0.000000000,0.000000000
QV-C01-012-A0123,QV-C01-012,DS00,quebrada_verde,CAMPAIGN_01,244.000000000,246.000000000,2.000000000,0.091938209,0.000000000,0.000000000
QV-C01-012-A0124,QV-C01-012,DS00,quebrada_verde,CAMPAIGN_01,246.000000000,248.000000000,2.000000000,0.095025161,0.000000000,0.000000000
QV-C01-012-A0125,QV-C01-012,DS00,quebrada_verde,CAMPAIGN_01,248.000000000,250.000000000,2.000000000,0.089188813,0.000000000,0.000000000
QV-C01-012-A0126,QV-C01-012,DS00,quebrada_verde,CAMPAIGN_01,250.000000000,252.000000000,2.000000000,0.091255544,0.000000000,0.000000000
QV-C01-012-A0127,QV-C01-012,DS00,quebrada_verde,CAMPAIGN_01,252.000000000,254.000000000,2.000000000,0.093671503,0.000000000,0.000000000
QV-C01-012-A0128,QV-C01-012,DS00,quebrada_verde,CAMPAIGN_01,254.000000000,256.000000000,2.000000000,0.092313958,0.000000000,0.000000000
QV-C01-012-A0129,QV-C01-012,DS00,quebrada_verde,CAMPAIGN_01,256.000000000,258.000000000,2.000000000,0.096048261,0.000000000,0.000000000
QV-C01-012-A0130,QV-C01-012,DS00,quebrada_verde,CAMPAIGN_01,258.000000000,260.000000000,2.000000000,0.095497900,0.000000000,0.000000000
QV-C01-012-A0131,QV-C01-012,DS00,quebrada_verde,CAMPAIGN_01,260.000000000,262.000000000,2.000000000,0.095543783,0.000000000,0.000000000
QV-C01-012-A0132,QV-C01-012,DS00,quebrada_verde,CAMPAIGN_01,262.000000000,264.000000000,2.000000000,0.085871899,0.000000000,0.000000000
QV-C01-012-A0133,QV-C01-012,DS00,quebrada_verde,CAMPAIGN_01,264.000000000,266.000000000,2.000000000,0.092526800,0.000000000,0.000000000
QV-C01-012-A0134,QV-C01-012,DS00,quebrada_verde,CAMPAIGN_01,266.000000000,268.000000000,2.000000000,0.095686832,0.000000000,0.000000000
QV-C01-012-A0135,QV-C01-012,DS00,quebrada_verde,CAMPAIGN_01,268.000000000,270.000000000,2.000000000,0.097077564,0.000000000,0.000000000
QV-C01-012-A0136,QV-C01-012,DS00,quebrada_verde,CAMPAIGN_01,270.000000000,272.000000000,2.000000000,0.092250349,0.000000000,0.000000000
QV-C01-012-A0137,QV-C01-012,DS00,quebrada_verde,CAMPAIGN_01,272.000000000,274.000000000,2.000000000,0.082978543,0.000000000,0.000000000
QV-C01-012-A0138,QV-C01-012,DS00,quebrada_verde,CAMPAIGN_01,274.000000000,276.000000000,2.000000000,0.089959031,0.000000000,0.000000000
QV-C01-012-A0139,QV-C01-012,DS00,quebrada_verde,CAMPAIGN_01,276.000000000,278.000000000,2.000000000,0.096114377,0.000000000,0.000000000
QV-C01-012-A0140,QV-C01-012,DS00,quebrada_verde,CAMPAIGN_01,278.000000000,280.000000000,2.000000000,0.096962537,0.000000000,0.000000000
QV-C01-012-A0141,QV-C01-012,DS00,quebrada_verde,CAMPAIGN_01,280.000000000,282.000000000,2.000000000,0.096816395,0.000000000,0.000000000
QV-C01-012-A0142,QV-C01-012,DS00,quebrada_verde,CAMPAIGN_01,282.000000000,284.000000000,2.000000000,0.096982196,0.000000000,0.000000000
QV-C01-012-A0143,QV-C01-012,DS00,quebrada_verde,CAMPAIGN_01,284.000000000,286.000000000,2.000000000,0.087644749,0.000000000,0.000000000
QV-C01-012-A0144,QV-C01-012,DS00,quebrada_verde,CAMPAIGN_01,286.000000000,288.000000000,2.000000000,0.097943247,0.000000000,0.000000000
QV-C01-012-A0145,QV-C01-012,DS00,quebrada_verde,CAMPAIGN_01,288.000000000,290.000000000,2.000000000,0.092635114,0.000000000,0.000000000
QV-C01-012-A0146,QV-C01-012,DS00,quebrada_verde,CAMPAIGN_01,290.000000000,292.000000000,2.000000000,0.087297078,0.000000000,0.000000000
QV-C01-012-A0147,QV-C01-012,DS00,quebrada_verde,CAMPAIGN_01,292.000000000,294.000000000,2.000000000,0.085882898,0.000000000,0.000000000
QV-C01-012-A0148,QV-C01-012,DS00,quebrada_verde,CAMPAIGN_01,294.000000000,296.000000000,2.000000000,0.098092979,0.000000000,0.000000000
QV-C01-012-A0149,QV-C01-012,DS00,quebrada_verde,CAMPAIGN_01,296.000000000,298.000000000,2.000000000,0.094571658,0.000000000,0.000000000
QV-C01-012-A0150,QV-C01-012,DS00,quebrada_verde,CAMPAIGN_01,298.000000000,300.000000000,2.000000000,0.083770279,0.000000000,0.000000000
QV-C01-012-A0151,QV-C01-012,DS00,quebrada_verde,CAMPAIGN_01,300.000000000,302.000000000,2.000000000,0.090550287,0.000000000,0.000000000
QV-C01-012-A0152,QV-C01-012,DS00,quebrada_verde,CAMPAIGN_01,302.000000000,304.000000000,2.000000000,0.090033375,0.000000000,0.000000000
QV-C01-012-A0153,QV-C01-012,DS00,quebrada_verde,CAMPAIGN_01,304.000000000,305.413573525,1.413573525,0.083536011,0.000000000,0.000000000
QV-C01-013-A0001,QV-C01-013,DS00,quebrada_verde,CAMPAIGN_01,0.000000000,2.000000000,2.000000000,0.023515208,0.000000000,0.000000000
QV-C01-013-A0002,QV-C01-013,DS00,quebrada_verde,CAMPAIGN_01,2.000000000,4.000000000,2.000000000,0.022046554,0.000000000,0.000000000
QV-C01-013-A0003,QV-C01-013,DS00,quebrada_verde,CAMPAIGN_01,4.000000000,6.000000000,2.000000000,0.021790464,0.000000000,0.000000000
QV-C01-013-A0004,QV-C01-013,DS00,quebrada_verde,CAMPAIGN_01,6.000000000,8.000000000,2.000000000,0.024036021,0.000000000,0.000000000
QV-C01-013-A0005,QV-C01-013,DS00,quebrada_verde,CAMPAIGN_01,8.000000000,10.000000000,2.000000000,0.022585413,0.000000000,0.000000000
QV-C01-013-A0006,QV-C01-013,DS00,quebrada_verde,CAMPAIGN_01,10.000000000,12.000000000,2.000000000,0.020702875,0.000000000,0.000000000
QV-C01-013-A0007,QV-C01-013,DS00,quebrada_verde,CAMPAIGN_01,12.000000000,14.000000000,2.000000000,0.021909608,0.000000000,0.000000000
QV-C01-013-A0008,QV-C01-013,DS00,quebrada_verde,CAMPAIGN_01,14.000000000,16.000000000,2.000000000,0.025043282,0.000000000,0.000000000
QV-C01-013-A0009,QV-C01-013,DS00,quebrada_verde,CAMPAIGN_01,16.000000000,18.000000000,2.000000000,0.023278793,0.000000000,0.000000000
QV-C01-013-A0010,QV-C01-013,DS00,quebrada_verde,CAMPAIGN_01,18.000000000,20.000000000,2.000000000,0.023252256,0.000000000,0.000000000
QV-C01-013-A0011,QV-C01-013,DS00,quebrada_verde,CAMPAIGN_01,20.000000000,22.000000000,2.000000000,0.022611581,0.000000000,0.000000000
QV-C01-013-A0012,QV-C01-013,DS00,quebrada_verde,CAMPAIGN_01,22.000000000,24.000000000,2.000000000,0.025636227,0.000000000,0.000000000
QV-C01-013-A0013,QV-C01-013,DS00,quebrada_verde,CAMPAIGN_01,24.000000000,26.000000000,2.000000000,0.024121291,0.000000000,0.000000000
QV-C01-013-A0014,QV-C01-013,DS00,quebrada_verde,CAMPAIGN_01,26.000000000,28.000000000,2.000000000,0.021039551,0.000000000,0.000000000
QV-C01-013-A0015,QV-C01-013,DS00,quebrada_verde,CAMPAIGN_01,28.000000000,30.000000000,2.000000000,0.023813636,0.000000000,0.000000000
QV-C01-013-A0016,QV-C01-013,DS00,quebrada_verde,CAMPAIGN_01,30.000000000,32.000000000,2.000000000,0.025768917,0.000000000,0.000000000
QV-C01-013-A0017,QV-C01-013,DS00,quebrada_verde,CAMPAIGN_01,32.000000000,34.000000000,2.000000000,0.026570185,0.000000000,0.000000000
QV-C01-013-A0018,QV-C01-013,DS00,quebrada_verde,CAMPAIGN_01,34.000000000,36.000000000,2.000000000,0.025911019,0.000000000,0.000000000
QV-C01-013-A0019,QV-C01-013,DS00,quebrada_verde,CAMPAIGN_01,36.000000000,38.000000000,2.000000000,0.024072683,0.000000000,0.000000000
QV-C01-013-A0020,QV-C01-013,DS00,quebrada_verde,CAMPAIGN_01,38.000000000,40.000000000,2.000000000,0.023271453,0.000000000,0.000000000
QV-C01-013-A0021,QV-C01-013,DS00,quebrada_verde,CAMPAIGN_01,40.000000000,42.000000000,2.000000000,0.026250370,0.000000000,0.000000000
QV-C01-013-A0022,QV-C01-013,DS00,quebrada_verde,CAMPAIGN_01,42.000000000,44.000000000,2.000000000,0.022777219,0.000000000,0.000000000
QV-C01-013-A0023,QV-C01-013,DS00,quebrada_verde,CAMPAIGN_01,44.000000000,46.000000000,2.000000000,0.025039483,0.000000000,0.000000000
QV-C01-013-A0024,QV-C01-013,DS00,quebrada_verde,CAMPAIGN_01,46.000000000,48.000000000,2.000000000,0.026978967,0.000000000,0.000000000
QV-C01-013-A0025,QV-C01-013,DS00,quebrada_verde,CAMPAIGN_01,48.000000000,50.000000000,2.000000000,0.027624566,0.000000000,0.000000000
QV-C01-013-A0026,QV-C01-013,DS00,quebrada_verde,CAMPAIGN_01,50.000000000,52.000000000,2.000000000,0.025288187,0.000000000,0.000000000
QV-C01-013-A0027,QV-C01-013,DS00,quebrada_verde,CAMPAIGN_01,52.000000000,54.000000000,2.000000000,0.027207723,0.000000000,0.000000000
QV-C01-013-A0028,QV-C01-013,DS00,quebrada_verde,CAMPAIGN_01,54.000000000,56.000000000,2.000000000,0.023366600,0.000000000,0.000000000
QV-C01-013-A0029,QV-C01-013,DS00,quebrada_verde,CAMPAIGN_01,56.000000000,58.000000000,2.000000000,0.025578455,0.000000000,0.000000000
QV-C01-013-A0030,QV-C01-013,DS00,quebrada_verde,CAMPAIGN_01,58.000000000,60.000000000,2.000000000,0.025974899,0.000000000,0.000000000
QV-C01-013-A0031,QV-C01-013,DS00,quebrada_verde,CAMPAIGN_01,60.000000000,62.000000000,2.000000000,0.027433993,0.000000000,0.000000000
QV-C01-013-A0032,QV-C01-013,DS00,quebrada_verde,CAMPAIGN_01,62.000000000,64.000000000,2.000000000,0.028268570,0.000000000,0.000000000
QV-C01-013-A0033,QV-C01-013,DS00,quebrada_verde,CAMPAIGN_01,64.000000000,66.000000000,2.000000000,0.025768873,0.000000000,0.000000000
QV-C01-013-A0034,QV-C01-013,DS00,quebrada_verde,CAMPAIGN_01,66.000000000,68.000000000,2.000000000,0.027311816,0.000000000,0.000000000
QV-C01-013-A0035,QV-C01-013,DS00,quebrada_verde,CAMPAIGN_01,68.000000000,70.000000000,2.000000000,0.026997573,0.000000000,0.000000000
QV-C01-013-A0036,QV-C01-013,DS00,quebrada_verde,CAMPAIGN_01,70.000000000,72.000000000,2.000000000,0.025906000,0.000000000,0.000000000
QV-C01-013-A0037,QV-C01-013,DS00,quebrada_verde,CAMPAIGN_01,72.000000000,74.000000000,2.000000000,0.028635695,0.000000000,0.000000000
QV-C01-013-A0038,QV-C01-013,DS00,quebrada_verde,CAMPAIGN_01,74.000000000,76.000000000,2.000000000,0.024640717,0.000000000,0.000000000
QV-C01-013-A0039,QV-C01-013,DS00,quebrada_verde,CAMPAIGN_01,76.000000000,78.000000000,2.000000000,0.026314089,0.000000000,0.000000000
QV-C01-013-A0040,QV-C01-013,DS00,quebrada_verde,CAMPAIGN_01,78.000000000,80.000000000,2.000000000,0.028899671,0.000000000,0.000000000
QV-C01-013-A0041,QV-C01-013,DS00,quebrada_verde,CAMPAIGN_01,80.000000000,82.000000000,2.000000000,0.022831079,0.000000000,0.000000000
QV-C01-013-A0042,QV-C01-013,DS00,quebrada_verde,CAMPAIGN_01,82.000000000,84.000000000,2.000000000,0.025985539,0.000000000,0.000000000
QV-C01-013-A0043,QV-C01-013,DS00,quebrada_verde,CAMPAIGN_01,84.000000000,86.000000000,2.000000000,0.026502714,0.000000000,0.000000000
QV-C01-013-A0044,QV-C01-013,DS00,quebrada_verde,CAMPAIGN_01,86.000000000,88.000000000,2.000000000,0.027840366,0.000000000,0.000000000
QV-C01-013-A0045,QV-C01-013,DS00,quebrada_verde,CAMPAIGN_01,88.000000000,90.000000000,2.000000000,0.030374328,0.000000000,0.000000000
QV-C01-013-A0046,QV-C01-013,DS00,quebrada_verde,CAMPAIGN_01,90.000000000,92.000000000,2.000000000,0.026237239,0.000000000,0.000000000
QV-C01-013-A0047,QV-C01-013,DS00,quebrada_verde,CAMPAIGN_01,92.000000000,94.000000000,2.000000000,0.027736407,0.000000000,0.000000000
QV-C01-013-A0048,QV-C01-013,DS00,quebrada_verde,CAMPAIGN_01,94.000000000,96.000000000,2.000000000,0.028091805,0.000000000,0.000000000
QV-C01-013-A0049,QV-C01-013,DS00,quebrada_verde,CAMPAIGN_01,96.000000000,98.000000000,2.000000000,0.027938706,0.000000000,0.000000000
QV-C01-013-A0050,QV-C01-013,DS00,quebrada_verde,CAMPAIGN_01,98.000000000,100.000000000,2.000000000,0.023298633,0.000000000,0.000000000
QV-C01-013-A0051,QV-C01-013,DS00,quebrada_verde,CAMPAIGN_01,100.000000000,102.000000000,2.000000000,0.026344517,0.000000000,0.000000000
QV-C01-013-A0052,QV-C01-013,DS00,quebrada_verde,CAMPAIGN_01,102.000000000,104.000000000,2.000000000,0.028602068,0.000000000,0.000000000
QV-C01-013-A0053,QV-C01-013,DS00,quebrada_verde,CAMPAIGN_01,104.000000000,106.000000000,2.000000000,0.029032892,0.000000000,0.000000000
QV-C01-013-A0054,QV-C01-013,DS00,quebrada_verde,CAMPAIGN_01,106.000000000,108.000000000,2.000000000,0.028561957,0.000000000,0.000000000
QV-C01-013-A0055,QV-C01-013,DS00,quebrada_verde,CAMPAIGN_01,108.000000000,110.000000000,2.000000000,0.026359960,0.000000000,0.000000000
QV-C01-013-A0056,QV-C01-013,DS00,quebrada_verde,CAMPAIGN_01,110.000000000,112.000000000,2.000000000,0.024754013,0.000000000,0.000000000
QV-C01-013-A0057,QV-C01-013,DS00,quebrada_verde,CAMPAIGN_01,112.000000000,114.000000000,2.000000000,0.024402580,0.000000000,0.000000000
QV-C01-013-A0058,QV-C01-013,DS00,quebrada_verde,CAMPAIGN_01,114.000000000,116.000000000,2.000000000,0.027069415,0.000000000,0.000000000
QV-C01-013-A0059,QV-C01-013,DS00,quebrada_verde,CAMPAIGN_01,116.000000000,118.000000000,2.000000000,0.027759705,0.000000000,0.000000000
QV-C01-013-A0060,QV-C01-013,DS00,quebrada_verde,CAMPAIGN_01,118.000000000,120.000000000,2.000000000,0.031123521,0.000000000,0.000000000
QV-C01-013-A0061,QV-C01-013,DS00,quebrada_verde,CAMPAIGN_01,120.000000000,122.000000000,2.000000000,0.028408137,0.000000000,0.000000000
QV-C01-013-A0062,QV-C01-013,DS00,quebrada_verde,CAMPAIGN_01,122.000000000,124.000000000,2.000000000,0.025789419,0.000000000,0.000000000
QV-C01-013-A0063,QV-C01-013,DS00,quebrada_verde,CAMPAIGN_01,124.000000000,126.000000000,2.000000000,0.029181784,0.000000000,0.000000000
QV-C01-013-A0064,QV-C01-013,DS00,quebrada_verde,CAMPAIGN_01,126.000000000,128.000000000,2.000000000,0.026393891,0.000000000,0.000000000
QV-C01-013-A0065,QV-C01-013,DS00,quebrada_verde,CAMPAIGN_01,128.000000000,130.000000000,2.000000000,0.028720209,0.000000000,0.000000000
QV-C01-013-A0066,QV-C01-013,DS00,quebrada_verde,CAMPAIGN_01,130.000000000,132.000000000,2.000000000,0.026699008,0.000000000,0.000000000
QV-C01-013-A0067,QV-C01-013,DS00,quebrada_verde,CAMPAIGN_01,132.000000000,134.000000000,2.000000000,0.029011152,0.000000000,0.000000000
QV-C01-013-A0068,QV-C01-013,DS00,quebrada_verde,CAMPAIGN_01,134.000000000,136.000000000,2.000000000,0.028128240,0.000000000,0.000000000
QV-C01-013-A0069,QV-C01-013,DS00,quebrada_verde,CAMPAIGN_01,136.000000000,138.000000000,2.000000000,0.026573959,0.000000000,0.000000000
QV-C01-013-A0070,QV-C01-013,DS00,quebrada_verde,CAMPAIGN_01,138.000000000,140.000000000,2.000000000,0.028815574,0.000000000,0.000000000
QV-C01-013-A0071,QV-C01-013,DS00,quebrada_verde,CAMPAIGN_01,140.000000000,142.000000000,2.000000000,0.027319365,0.000000000,0.000000000
QV-C01-013-A0072,QV-C01-013,DS00,quebrada_verde,CAMPAIGN_01,142.000000000,144.000000000,2.000000000,0.030686722,0.000000000,0.000000000
QV-C01-013-A0073,QV-C01-013,DS00,quebrada_verde,CAMPAIGN_01,144.000000000,146.000000000,2.000000000,0.029509953,0.000000000,0.000000000
QV-C01-013-A0074,QV-C01-013,DS00,quebrada_verde,CAMPAIGN_01,146.000000000,148.000000000,2.000000000,0.029686553,0.000000000,0.000000000
QV-C01-013-A0075,QV-C01-013,DS00,quebrada_verde,CAMPAIGN_01,148.000000000,150.000000000,2.000000000,0.027488903,0.000000000,0.000000000
QV-C01-013-A0076,QV-C01-013,DS00,quebrada_verde,CAMPAIGN_01,150.000000000,152.000000000,2.000000000,0.024131720,0.000000000,0.000000000
QV-C01-013-A0077,QV-C01-013,DS00,quebrada_verde,CAMPAIGN_01,152.000000000,154.000000000,2.000000000,0.027822153,0.000000000,0.000000000
QV-C01-013-A0078,QV-C01-013,DS00,quebrada_verde,CAMPAIGN_01,154.000000000,156.000000000,2.000000000,0.025300872,0.000000000,0.000000000
QV-C01-013-A0079,QV-C01-013,DS00,quebrada_verde,CAMPAIGN_01,156.000000000,158.000000000,2.000000000,0.030669214,0.000000000,0.000000000
QV-C01-013-A0080,QV-C01-013,DS00,quebrada_verde,CAMPAIGN_01,158.000000000,160.000000000,2.000000000,0.029382329,0.000000000,0.000000000
QV-C01-013-A0081,QV-C01-013,DS00,quebrada_verde,CAMPAIGN_01,160.000000000,162.000000000,2.000000000,0.028849401,0.000000000,0.000000000
QV-C01-013-A0082,QV-C01-013,DS00,quebrada_verde,CAMPAIGN_01,162.000000000,164.000000000,2.000000000,0.029772548,0.000000000,0.000000000
QV-C01-013-A0083,QV-C01-013,DS00,quebrada_verde,CAMPAIGN_01,164.000000000,166.000000000,2.000000000,0.028416784,0.000000000,0.000000000
QV-C01-013-A0084,QV-C01-013,DS00,quebrada_verde,CAMPAIGN_01,166.000000000,168.000000000,2.000000000,0.026865264,0.000000000,0.000000000
QV-C01-013-A0085,QV-C01-013,DS00,quebrada_verde,CAMPAIGN_01,168.000000000,170.000000000,2.000000000,0.028910137,0.000000000,0.000000000
QV-C01-013-A0086,QV-C01-013,DS00,quebrada_verde,CAMPAIGN_01,170.000000000,172.000000000,2.000000000,0.027704547,0.000000000,0.000000000
QV-C01-013-A0087,QV-C01-013,DS00,quebrada_verde,CAMPAIGN_01,172.000000000,174.000000000,2.000000000,0.029959427,0.000000000,0.000000000
QV-C01-013-A0088,QV-C01-013,DS00,quebrada_verde,CAMPAIGN_01,174.000000000,176.000000000,2.000000000,0.026356461,0.000000000,0.000000000
QV-C01-013-A0089,QV-C01-013,DS00,quebrada_verde,CAMPAIGN_01,176.000000000,178.000000000,2.000000000,0.029083011,0.000000000,0.000000000
QV-C01-013-A0090,QV-C01-013,DS00,quebrada_verde,CAMPAIGN_01,178.000000000,180.000000000,2.000000000,0.029166479,0.000000000,0.000000000
QV-C01-013-A0091,QV-C01-013,DS00,quebrada_verde,CAMPAIGN_01,180.000000000,182.000000000,2.000000000,0.026605581,0.000000000,0.000000000
QV-C01-013-A0092,QV-C01-013,DS00,quebrada_verde,CAMPAIGN_01,182.000000000,184.000000000,2.000000000,0.028321530,0.000000000,0.000000000
QV-C01-013-A0093,QV-C01-013,DS00,quebrada_verde,CAMPAIGN_01,184.000000000,186.000000000,2.000000000,0.027692016,0.000000000,0.000000000
QV-C01-013-A0094,QV-C01-013,DS00,quebrada_verde,CAMPAIGN_01,186.000000000,188.000000000,2.000000000,0.029061683,0.000000000,0.000000000
QV-C01-013-A0095,QV-C01-013,DS00,quebrada_verde,CAMPAIGN_01,188.000000000,190.000000000,2.000000000,0.025100340,0.000000000,0.000000000
QV-C01-013-A0096,QV-C01-013,DS00,quebrada_verde,CAMPAIGN_01,190.000000000,192.000000000,2.000000000,0.029614544,0.000000000,0.000000000
QV-C01-013-A0097,QV-C01-013,DS00,quebrada_verde,CAMPAIGN_01,192.000000000,194.000000000,2.000000000,0.030249996,0.000000000,0.000000000
QV-C01-013-A0098,QV-C01-013,DS00,quebrada_verde,CAMPAIGN_01,194.000000000,196.000000000,2.000000000,0.028069693,0.000000000,0.000000000
QV-C01-013-A0099,QV-C01-013,DS00,quebrada_verde,CAMPAIGN_01,196.000000000,198.000000000,2.000000000,0.026518027,0.000000000,0.000000000
QV-C01-013-A0100,QV-C01-013,DS00,quebrada_verde,CAMPAIGN_01,198.000000000,200.000000000,2.000000000,0.027810133,0.000000000,0.000000000
QV-C01-013-A0101,QV-C01-013,DS00,quebrada_verde,CAMPAIGN_01,200.000000000,202.000000000,2.000000000,0.025254731,0.000000000,0.000000000
QV-C01-013-A0102,QV-C01-013,DS00,quebrada_verde,CAMPAIGN_01,202.000000000,204.000000000,2.000000000,0.027476747,0.000000000,0.000000000
QV-C01-013-A0103,QV-C01-013,DS00,quebrada_verde,CAMPAIGN_01,204.000000000,206.000000000,2.000000000,0.027479499,0.000000000,0.000000000
QV-C01-013-A0104,QV-C01-013,DS00,quebrada_verde,CAMPAIGN_01,206.000000000,208.000000000,2.000000000,0.028772186,0.000000000,0.000000000
QV-C01-013-A0105,QV-C01-013,DS00,quebrada_verde,CAMPAIGN_01,208.000000000,210.000000000,2.000000000,0.025589768,0.000000000,0.000000000
QV-C01-013-A0106,QV-C01-013,DS00,quebrada_verde,CAMPAIGN_01,210.000000000,212.000000000,2.000000000,0.028959325,0.000000000,0.000000000
QV-C01-013-A0107,QV-C01-013,DS00,quebrada_verde,CAMPAIGN_01,212.000000000,214.000000000,2.000000000,0.027336896,0.000000000,0.000000000
QV-C01-013-A0108,QV-C01-013,DS00,quebrada_verde,CAMPAIGN_01,214.000000000,216.000000000,2.000000000,0.028101400,0.000000000,0.000000000
QV-C01-013-A0109,QV-C01-013,DS00,quebrada_verde,CAMPAIGN_01,216.000000000,218.000000000,2.000000000,0.027056478,0.000000000,0.000000000
QV-C01-013-A0110,QV-C01-013,DS00,quebrada_verde,CAMPAIGN_01,218.000000000,220.000000000,2.000000000,0.030359682,0.000000000,0.000000000
QV-C01-014-A0001,QV-C01-014,DS00,quebrada_verde,CAMPAIGN_01,0.000000000,2.000000000,2.000000000,0.036250033,0.000000000,0.000000000
QV-C01-014-A0002,QV-C01-014,DS00,quebrada_verde,CAMPAIGN_01,2.000000000,4.000000000,2.000000000,0.048052871,0.000000000,0.000000000
QV-C01-014-A0003,QV-C01-014,DS00,quebrada_verde,CAMPAIGN_01,4.000000000,6.000000000,2.000000000,0.045690108,0.000000000,0.000000000
QV-C01-014-A0004,QV-C01-014,DS00,quebrada_verde,CAMPAIGN_01,6.000000000,8.000000000,2.000000000,0.047034226,0.000000000,0.000000000
QV-C01-014-A0005,QV-C01-014,DS00,quebrada_verde,CAMPAIGN_01,8.000000000,10.000000000,2.000000000,0.043508127,0.000000000,0.000000000
QV-C01-014-A0006,QV-C01-014,DS00,quebrada_verde,CAMPAIGN_01,10.000000000,12.000000000,2.000000000,0.045071463,0.000000000,0.000000000
QV-C01-014-A0007,QV-C01-014,DS00,quebrada_verde,CAMPAIGN_01,12.000000000,14.000000000,2.000000000,0.046166313,0.000000000,0.000000000
QV-C01-014-A0008,QV-C01-014,DS00,quebrada_verde,CAMPAIGN_01,14.000000000,16.000000000,2.000000000,0.047336573,0.000000000,0.000000000
QV-C01-014-A0009,QV-C01-014,DS00,quebrada_verde,CAMPAIGN_01,16.000000000,18.000000000,2.000000000,0.044193701,0.000000000,0.000000000
QV-C01-014-A0010,QV-C01-014,DS00,quebrada_verde,CAMPAIGN_01,18.000000000,20.000000000,2.000000000,0.047597218,0.000000000,0.000000000
QV-C01-014-A0011,QV-C01-014,DS00,quebrada_verde,CAMPAIGN_01,20.000000000,22.000000000,2.000000000,0.046734269,0.000000000,0.000000000
QV-C01-014-A0012,QV-C01-014,DS00,quebrada_verde,CAMPAIGN_01,22.000000000,24.000000000,2.000000000,0.050970587,0.000000000,0.000000000
QV-C01-014-A0013,QV-C01-014,DS00,quebrada_verde,CAMPAIGN_01,24.000000000,26.000000000,2.000000000,0.050366293,0.000000000,0.000000000
QV-C01-014-A0014,QV-C01-014,DS00,quebrada_verde,CAMPAIGN_01,26.000000000,28.000000000,2.000000000,0.051966954,0.000000000,0.000000000
QV-C01-014-A0015,QV-C01-014,DS00,quebrada_verde,CAMPAIGN_01,28.000000000,30.000000000,2.000000000,0.052150510,0.000000000,0.000000000
QV-C01-014-A0016,QV-C01-014,DS00,quebrada_verde,CAMPAIGN_01,30.000000000,32.000000000,2.000000000,0.049221946,0.000000000,0.000000000
QV-C01-014-A0017,QV-C01-014,DS00,quebrada_verde,CAMPAIGN_01,32.000000000,34.000000000,2.000000000,0.058943792,0.000000000,0.000000000
QV-C01-014-A0018,QV-C01-014,DS00,quebrada_verde,CAMPAIGN_01,34.000000000,36.000000000,2.000000000,0.054011348,0.000000000,0.000000000
QV-C01-014-A0019,QV-C01-014,DS00,quebrada_verde,CAMPAIGN_01,36.000000000,38.000000000,2.000000000,0.055030562,0.000000000,0.000000000
QV-C01-014-A0020,QV-C01-014,DS00,quebrada_verde,CAMPAIGN_01,38.000000000,40.000000000,2.000000000,0.054590893,0.000000000,0.000000000
QV-C01-014-A0021,QV-C01-014,DS00,quebrada_verde,CAMPAIGN_01,40.000000000,42.000000000,2.000000000,0.054815454,0.000000000,0.000000000
QV-C01-014-A0022,QV-C01-014,DS00,quebrada_verde,CAMPAIGN_01,42.000000000,44.000000000,2.000000000,0.056801545,0.000000000,0.000000000
QV-C01-014-A0023,QV-C01-014,DS00,quebrada_verde,CAMPAIGN_01,44.000000000,46.000000000,2.000000000,0.051309346,0.000000000,0.000000000
QV-C01-014-A0024,QV-C01-014,DS00,quebrada_verde,CAMPAIGN_01,46.000000000,48.000000000,2.000000000,0.054267541,0.000000000,0.000000000
QV-C01-014-A0025,QV-C01-014,DS00,quebrada_verde,CAMPAIGN_01,48.000000000,50.000000000,2.000000000,0.059016673,0.000000000,0.000000000
QV-C01-014-A0026,QV-C01-014,DS00,quebrada_verde,CAMPAIGN_01,50.000000000,52.000000000,2.000000000,0.059239120,0.000000000,0.000000000
QV-C01-014-A0027,QV-C01-014,DS00,quebrada_verde,CAMPAIGN_01,52.000000000,54.000000000,2.000000000,0.054262840,0.000000000,0.000000000
QV-C01-014-A0028,QV-C01-014,DS00,quebrada_verde,CAMPAIGN_01,54.000000000,56.000000000,2.000000000,0.055411901,0.000000000,0.000000000
QV-C01-014-A0029,QV-C01-014,DS00,quebrada_verde,CAMPAIGN_01,56.000000000,58.000000000,2.000000000,0.060383180,0.000000000,0.000000000
QV-C01-014-A0030,QV-C01-014,DS00,quebrada_verde,CAMPAIGN_01,58.000000000,60.000000000,2.000000000,0.058933814,0.000000000,0.000000000
QV-C01-014-A0031,QV-C01-014,DS00,quebrada_verde,CAMPAIGN_01,60.000000000,62.000000000,2.000000000,0.060492020,0.000000000,0.000000000
QV-C01-014-A0032,QV-C01-014,DS00,quebrada_verde,CAMPAIGN_01,62.000000000,64.000000000,2.000000000,0.062479796,0.000000000,0.000000000
QV-C01-014-A0033,QV-C01-014,DS00,quebrada_verde,CAMPAIGN_01,64.000000000,66.000000000,2.000000000,0.058762900,0.000000000,0.000000000
QV-C01-014-A0034,QV-C01-014,DS00,quebrada_verde,CAMPAIGN_01,66.000000000,68.000000000,2.000000000,0.064445917,0.000000000,0.000000000
QV-C01-014-A0035,QV-C01-014,DS00,quebrada_verde,CAMPAIGN_01,68.000000000,70.000000000,2.000000000,0.063975433,0.000000000,0.000000000
QV-C01-014-A0036,QV-C01-014,DS00,quebrada_verde,CAMPAIGN_01,70.000000000,72.000000000,2.000000000,0.057802368,0.000000000,0.000000000
QV-C01-014-A0037,QV-C01-014,DS00,quebrada_verde,CAMPAIGN_01,72.000000000,74.000000000,2.000000000,0.064756377,0.000000000,0.000000000
QV-C01-014-A0038,QV-C01-014,DS00,quebrada_verde,CAMPAIGN_01,74.000000000,76.000000000,2.000000000,0.062777220,0.000000000,0.000000000
QV-C01-014-A0039,QV-C01-014,DS00,quebrada_verde,CAMPAIGN_01,76.000000000,78.000000000,2.000000000,0.059474199,0.000000000,0.000000000
QV-C01-014-A0040,QV-C01-014,DS00,quebrada_verde,CAMPAIGN_01,78.000000000,80.000000000,2.000000000,0.063217713,0.000000000,0.000000000
QV-C01-014-A0041,QV-C01-014,DS00,quebrada_verde,CAMPAIGN_01,80.000000000,82.000000000,2.000000000,0.065177670,0.000000000,0.000000000
QV-C01-014-A0042,QV-C01-014,DS00,quebrada_verde,CAMPAIGN_01,82.000000000,84.000000000,2.000000000,0.065448962,0.000000000,0.000000000
QV-C01-014-A0043,QV-C01-014,DS00,quebrada_verde,CAMPAIGN_01,84.000000000,86.000000000,2.000000000,0.064100629,0.000000000,0.000000000
QV-C01-014-A0044,QV-C01-014,DS00,quebrada_verde,CAMPAIGN_01,86.000000000,88.000000000,2.000000000,0.066257268,0.000000000,0.000000000
QV-C01-014-A0045,QV-C01-014,DS00,quebrada_verde,CAMPAIGN_01,88.000000000,90.000000000,2.000000000,0.066964795,0.000000000,0.000000000
QV-C01-014-A0046,QV-C01-014,DS00,quebrada_verde,CAMPAIGN_01,90.000000000,92.000000000,2.000000000,0.071886023,0.000000000,0.000000000
QV-C01-014-A0047,QV-C01-014,DS00,quebrada_verde,CAMPAIGN_01,92.000000000,94.000000000,2.000000000,0.066701384,0.000000000,0.000000000
QV-C01-014-A0048,QV-C01-014,DS00,quebrada_verde,CAMPAIGN_01,94.000000000,96.000000000,2.000000000,0.067268050,0.000000000,0.000000000
QV-C01-014-A0049,QV-C01-014,DS00,quebrada_verde,CAMPAIGN_01,96.000000000,98.000000000,2.000000000,0.071300540,0.000000000,0.000000000
QV-C01-014-A0050,QV-C01-014,DS00,quebrada_verde,CAMPAIGN_01,98.000000000,100.000000000,2.000000000,0.068118235,0.000000000,0.000000000
QV-C01-014-A0051,QV-C01-014,DS00,quebrada_verde,CAMPAIGN_01,100.000000000,102.000000000,2.000000000,0.073488762,0.000000000,0.000000000
QV-C01-014-A0052,QV-C01-014,DS00,quebrada_verde,CAMPAIGN_01,102.000000000,104.000000000,2.000000000,0.073007468,0.000000000,0.000000000
QV-C01-014-A0053,QV-C01-014,DS00,quebrada_verde,CAMPAIGN_01,104.000000000,106.000000000,2.000000000,0.072407617,0.000000000,0.000000000
QV-C01-014-A0054,QV-C01-014,DS00,quebrada_verde,CAMPAIGN_01,106.000000000,108.000000000,2.000000000,0.078484897,0.000000000,0.000000000
QV-C01-014-A0055,QV-C01-014,DS00,quebrada_verde,CAMPAIGN_01,108.000000000,110.000000000,2.000000000,0.066886493,0.000000000,0.000000000
QV-C01-014-A0056,QV-C01-014,DS00,quebrada_verde,CAMPAIGN_01,110.000000000,112.000000000,2.000000000,0.079980636,0.000000000,0.000000000
QV-C01-014-A0057,QV-C01-014,DS00,quebrada_verde,CAMPAIGN_01,112.000000000,114.000000000,2.000000000,0.069057522,0.000000000,0.000000000
QV-C01-014-A0058,QV-C01-014,DS00,quebrada_verde,CAMPAIGN_01,114.000000000,116.000000000,2.000000000,0.073606799,0.000000000,0.000000000
QV-C01-014-A0059,QV-C01-014,DS00,quebrada_verde,CAMPAIGN_01,116.000000000,118.000000000,2.000000000,0.071402420,0.000000000,0.000000000
QV-C01-014-A0060,QV-C01-014,DS00,quebrada_verde,CAMPAIGN_01,118.000000000,120.000000000,2.000000000,0.076182999,0.000000000,0.000000000
QV-C01-014-A0061,QV-C01-014,DS00,quebrada_verde,CAMPAIGN_01,120.000000000,122.000000000,2.000000000,0.079390341,0.000000000,0.000000000
QV-C01-014-A0062,QV-C01-014,DS00,quebrada_verde,CAMPAIGN_01,122.000000000,124.000000000,2.000000000,0.072560071,0.000000000,0.000000000
QV-C01-014-A0063,QV-C01-014,DS00,quebrada_verde,CAMPAIGN_01,124.000000000,126.000000000,2.000000000,0.078003791,0.000000000,0.000000000
QV-C01-014-A0064,QV-C01-014,DS00,quebrada_verde,CAMPAIGN_01,126.000000000,128.000000000,2.000000000,0.069451096,0.000000000,0.000000000
QV-C01-014-A0065,QV-C01-014,DS00,quebrada_verde,CAMPAIGN_01,128.000000000,130.000000000,2.000000000,0.075748964,0.000000000,0.000000000
QV-C01-014-A0066,QV-C01-014,DS00,quebrada_verde,CAMPAIGN_01,130.000000000,132.000000000,2.000000000,0.077248979,0.000000000,0.000000000
QV-C01-014-A0067,QV-C01-014,DS00,quebrada_verde,CAMPAIGN_01,132.000000000,134.000000000,2.000000000,0.073676971,0.000000000,0.000000000
QV-C01-014-A0068,QV-C01-014,DS00,quebrada_verde,CAMPAIGN_01,134.000000000,136.000000000,2.000000000,0.084063981,0.000000000,0.000000000
QV-C01-014-A0069,QV-C01-014,DS00,quebrada_verde,CAMPAIGN_01,136.000000000,138.000000000,2.000000000,0.069908907,0.000000000,0.000000000
QV-C01-014-A0070,QV-C01-014,DS00,quebrada_verde,CAMPAIGN_01,138.000000000,140.000000000,2.000000000,0.069944880,0.000000000,0.000000000
QV-C01-014-A0071,QV-C01-014,DS00,quebrada_verde,CAMPAIGN_01,140.000000000,142.000000000,2.000000000,0.072354691,0.000000000,0.000000000
QV-C01-014-A0072,QV-C01-014,DS00,quebrada_verde,CAMPAIGN_01,142.000000000,144.000000000,2.000000000,0.077335440,0.000000000,0.000000000
QV-C01-014-A0073,QV-C01-014,DS00,quebrada_verde,CAMPAIGN_01,144.000000000,146.000000000,2.000000000,0.069130606,0.000000000,0.000000000
QV-C01-014-A0074,QV-C01-014,DS00,quebrada_verde,CAMPAIGN_01,146.000000000,148.000000000,2.000000000,0.079739415,0.000000000,0.000000000
QV-C01-014-A0075,QV-C01-014,DS00,quebrada_verde,CAMPAIGN_01,148.000000000,150.000000000,2.000000000,0.069668256,0.000000000,0.000000000
QV-C01-014-A0076,QV-C01-014,DS00,quebrada_verde,CAMPAIGN_01,150.000000000,152.000000000,2.000000000,0.077690118,0.000000000,0.000000000
QV-C01-014-A0077,QV-C01-014,DS00,quebrada_verde,CAMPAIGN_01,152.000000000,154.000000000,2.000000000,0.075030254,0.000000000,0.000000000
QV-C01-014-A0078,QV-C01-014,DS00,quebrada_verde,CAMPAIGN_01,154.000000000,156.000000000,2.000000000,0.078400718,0.000000000,0.000000000
QV-C01-014-A0079,QV-C01-014,DS00,quebrada_verde,CAMPAIGN_01,156.000000000,158.000000000,2.000000000,0.072037431,0.000000000,0.000000000
QV-C01-014-A0080,QV-C01-014,DS00,quebrada_verde,CAMPAIGN_01,158.000000000,160.000000000,2.000000000,0.077282509,0.000000000,0.000000000
QV-C01-014-A0081,QV-C01-014,DS00,quebrada_verde,CAMPAIGN_01,160.000000000,162.000000000,2.000000000,0.072197871,0.000000000,0.000000000
QV-C01-014-A0082,QV-C01-014,DS00,quebrada_verde,CAMPAIGN_01,162.000000000,164.000000000,2.000000000,0.074835202,0.000000000,0.000000000
QV-C01-014-A0083,QV-C01-014,DS00,quebrada_verde,CAMPAIGN_01,164.000000000,166.000000000,2.000000000,0.072306234,0.000000000,0.000000000
QV-C01-014-A0084,QV-C01-014,DS00,quebrada_verde,CAMPAIGN_01,166.000000000,168.000000000,2.000000000,0.074052710,0.000000000,0.000000000
QV-C01-014-A0085,QV-C01-014,DS00,quebrada_verde,CAMPAIGN_01,168.000000000,170.000000000,2.000000000,0.077668029,0.000000000,0.000000000
QV-C01-014-A0086,QV-C01-014,DS00,quebrada_verde,CAMPAIGN_01,170.000000000,172.000000000,2.000000000,0.077821407,0.000000000,0.000000000
QV-C01-014-A0087,QV-C01-014,DS00,quebrada_verde,CAMPAIGN_01,172.000000000,174.000000000,2.000000000,0.075140374,0.000000000,0.000000000
QV-C01-014-A0088,QV-C01-014,DS00,quebrada_verde,CAMPAIGN_01,174.000000000,176.000000000,2.000000000,0.075225587,0.000000000,0.000000000
QV-C01-014-A0089,QV-C01-014,DS00,quebrada_verde,CAMPAIGN_01,176.000000000,178.000000000,2.000000000,0.074228524,0.000000000,0.000000000
QV-C01-014-A0090,QV-C01-014,DS00,quebrada_verde,CAMPAIGN_01,178.000000000,180.000000000,2.000000000,0.070658350,0.000000000,0.000000000
QV-C01-014-A0091,QV-C01-014,DS00,quebrada_verde,CAMPAIGN_01,180.000000000,182.000000000,2.000000000,0.075358177,0.000000000,0.000000000
QV-C01-014-A0092,QV-C01-014,DS00,quebrada_verde,CAMPAIGN_01,182.000000000,184.000000000,2.000000000,0.076429972,0.000000000,0.000000000
QV-C01-014-A0093,QV-C01-014,DS00,quebrada_verde,CAMPAIGN_01,184.000000000,186.000000000,2.000000000,0.072284906,0.000000000,0.000000000
QV-C01-014-A0094,QV-C01-014,DS00,quebrada_verde,CAMPAIGN_01,186.000000000,188.000000000,2.000000000,0.066578024,0.000000000,0.000000000
QV-C01-014-A0095,QV-C01-014,DS00,quebrada_verde,CAMPAIGN_01,188.000000000,190.000000000,2.000000000,0.073800882,0.000000000,0.000000000
QV-C01-014-A0096,QV-C01-014,DS00,quebrada_verde,CAMPAIGN_01,190.000000000,192.000000000,2.000000000,0.070697039,0.000000000,0.000000000
QV-C01-014-A0097,QV-C01-014,DS00,quebrada_verde,CAMPAIGN_01,192.000000000,194.000000000,2.000000000,0.071054501,0.000000000,0.000000000
QV-C01-014-A0098,QV-C01-014,DS00,quebrada_verde,CAMPAIGN_01,194.000000000,196.000000000,2.000000000,0.068262601,0.000000000,0.000000000
QV-C01-014-A0099,QV-C01-014,DS00,quebrada_verde,CAMPAIGN_01,196.000000000,198.000000000,2.000000000,0.067551168,0.000000000,0.000000000
QV-C01-014-A0100,QV-C01-014,DS00,quebrada_verde,CAMPAIGN_01,198.000000000,200.000000000,2.000000000,0.064879569,0.000000000,0.000000000
QV-C01-014-A0101,QV-C01-014,DS00,quebrada_verde,CAMPAIGN_01,200.000000000,202.000000000,2.000000000,0.067777530,0.000000000,0.000000000
QV-C01-014-A0102,QV-C01-014,DS00,quebrada_verde,CAMPAIGN_01,202.000000000,204.000000000,2.000000000,0.072127854,0.000000000,0.000000000
QV-C01-014-A0103,QV-C01-014,DS00,quebrada_verde,CAMPAIGN_01,204.000000000,206.000000000,2.000000000,0.065362295,0.000000000,0.000000000
QV-C01-014-A0104,QV-C01-014,DS00,quebrada_verde,CAMPAIGN_01,206.000000000,208.000000000,2.000000000,0.069061590,0.000000000,0.000000000
QV-C01-014-A0105,QV-C01-014,DS00,quebrada_verde,CAMPAIGN_01,208.000000000,210.000000000,2.000000000,0.066777886,0.000000000,0.000000000
QV-C01-014-A0106,QV-C01-014,DS00,quebrada_verde,CAMPAIGN_01,210.000000000,212.000000000,2.000000000,0.066588173,0.000000000,0.000000000
QV-C01-014-A0107,QV-C01-014,DS00,quebrada_verde,CAMPAIGN_01,212.000000000,214.000000000,2.000000000,0.064504359,0.000000000,0.000000000
QV-C01-014-A0108,QV-C01-014,DS00,quebrada_verde,CAMPAIGN_01,214.000000000,216.000000000,2.000000000,0.068027048,0.000000000,0.000000000
QV-C01-014-A0109,QV-C01-014,DS00,quebrada_verde,CAMPAIGN_01,216.000000000,218.000000000,2.000000000,0.069636056,0.000000000,0.000000000
QV-C01-014-A0110,QV-C01-014,DS00,quebrada_verde,CAMPAIGN_01,218.000000000,220.000000000,2.000000000,0.063290836,0.000000000,0.000000000
QV-C01-015-A0001,QV-C01-015,DS00,quebrada_verde,CAMPAIGN_01,0.000000000,2.000000000,2.000000000,0.043620897,0.000000000,0.000000000
QV-C01-015-A0002,QV-C01-015,DS00,quebrada_verde,CAMPAIGN_01,2.000000000,4.000000000,2.000000000,0.042149069,0.000000000,0.000000000
QV-C01-015-A0003,QV-C01-015,DS00,quebrada_verde,CAMPAIGN_01,4.000000000,6.000000000,2.000000000,0.045932722,0.000000000,0.000000000
QV-C01-015-A0004,QV-C01-015,DS00,quebrada_verde,CAMPAIGN_01,6.000000000,8.000000000,2.000000000,0.044032931,0.000000000,0.000000000
QV-C01-015-A0005,QV-C01-015,DS00,quebrada_verde,CAMPAIGN_01,8.000000000,10.000000000,2.000000000,0.043664957,0.000000000,0.000000000
QV-C01-015-A0006,QV-C01-015,DS00,quebrada_verde,CAMPAIGN_01,10.000000000,12.000000000,2.000000000,0.047071052,0.000000000,0.000000000
QV-C01-015-A0007,QV-C01-015,DS00,quebrada_verde,CAMPAIGN_01,12.000000000,14.000000000,2.000000000,0.041843867,0.000000000,0.000000000
QV-C01-015-A0008,QV-C01-015,DS00,quebrada_verde,CAMPAIGN_01,14.000000000,16.000000000,2.000000000,0.045307064,0.000000000,0.000000000
QV-C01-015-A0009,QV-C01-015,DS00,quebrada_verde,CAMPAIGN_01,16.000000000,18.000000000,2.000000000,0.047539616,0.000000000,0.000000000
QV-C01-015-A0010,QV-C01-015,DS00,quebrada_verde,CAMPAIGN_01,18.000000000,20.000000000,2.000000000,0.047076721,0.000000000,0.000000000
QV-C01-015-A0011,QV-C01-015,DS00,quebrada_verde,CAMPAIGN_01,20.000000000,22.000000000,2.000000000,0.050888219,0.000000000,0.000000000
QV-C01-015-A0012,QV-C01-015,DS00,quebrada_verde,CAMPAIGN_01,22.000000000,24.000000000,2.000000000,0.051049263,0.000000000,0.000000000
QV-C01-015-A0013,QV-C01-015,DS00,quebrada_verde,CAMPAIGN_01,24.000000000,26.000000000,2.000000000,0.047866238,0.000000000,0.000000000
QV-C01-015-A0014,QV-C01-015,DS00,quebrada_verde,CAMPAIGN_01,26.000000000,28.000000000,2.000000000,0.052559876,0.000000000,0.000000000
QV-C01-015-A0015,QV-C01-015,DS00,quebrada_verde,CAMPAIGN_01,28.000000000,30.000000000,2.000000000,0.049884527,0.000000000,0.000000000
QV-C01-015-A0016,QV-C01-015,DS00,quebrada_verde,CAMPAIGN_01,30.000000000,32.000000000,2.000000000,0.051972322,0.000000000,0.000000000
QV-C01-015-A0017,QV-C01-015,DS00,quebrada_verde,CAMPAIGN_01,32.000000000,34.000000000,2.000000000,0.051308419,0.000000000,0.000000000
QV-C01-015-A0018,QV-C01-015,DS00,quebrada_verde,CAMPAIGN_01,34.000000000,36.000000000,2.000000000,0.050049804,0.000000000,0.000000000
QV-C01-015-A0019,QV-C01-015,DS00,quebrada_verde,CAMPAIGN_01,36.000000000,38.000000000,2.000000000,0.051632150,0.000000000,0.000000000
QV-C01-015-A0020,QV-C01-015,DS00,quebrada_verde,CAMPAIGN_01,38.000000000,40.000000000,2.000000000,0.055745613,0.000000000,0.000000000
QV-C01-015-A0021,QV-C01-015,DS00,quebrada_verde,CAMPAIGN_01,40.000000000,42.000000000,2.000000000,0.051925735,0.000000000,0.000000000
QV-C01-015-A0022,QV-C01-015,DS00,quebrada_verde,CAMPAIGN_01,42.000000000,44.000000000,2.000000000,0.057574264,0.000000000,0.000000000
QV-C01-015-A0023,QV-C01-015,DS00,quebrada_verde,CAMPAIGN_01,44.000000000,46.000000000,2.000000000,0.054892635,0.000000000,0.000000000
QV-C01-015-A0024,QV-C01-015,DS00,quebrada_verde,CAMPAIGN_01,46.000000000,48.000000000,2.000000000,0.056814962,0.000000000,0.000000000
QV-C01-015-A0025,QV-C01-015,DS00,quebrada_verde,CAMPAIGN_01,48.000000000,50.000000000,2.000000000,0.056629437,0.000000000,0.000000000
QV-C01-015-A0026,QV-C01-015,DS00,quebrada_verde,CAMPAIGN_01,50.000000000,52.000000000,2.000000000,0.055668908,0.000000000,0.000000000
QV-C01-015-A0027,QV-C01-015,DS00,quebrada_verde,CAMPAIGN_01,52.000000000,54.000000000,2.000000000,0.061812844,0.000000000,0.000000000
QV-C01-015-A0028,QV-C01-015,DS00,quebrada_verde,CAMPAIGN_01,54.000000000,56.000000000,2.000000000,0.054586010,0.000000000,0.000000000
QV-C01-015-A0029,QV-C01-015,DS00,quebrada_verde,CAMPAIGN_01,56.000000000,58.000000000,2.000000000,0.057771352,0.000000000,0.000000000
QV-C01-015-A0030,QV-C01-015,DS00,quebrada_verde,CAMPAIGN_01,58.000000000,60.000000000,2.000000000,0.063533579,0.000000000,0.000000000
QV-C01-015-A0031,QV-C01-015,DS00,quebrada_verde,CAMPAIGN_01,60.000000000,62.000000000,2.000000000,0.052073317,0.000000000,0.000000000
QV-C01-015-A0032,QV-C01-015,DS00,quebrada_verde,CAMPAIGN_01,62.000000000,64.000000000,2.000000000,0.058771577,0.000000000,0.000000000
QV-C01-015-A0033,QV-C01-015,DS00,quebrada_verde,CAMPAIGN_01,64.000000000,66.000000000,2.000000000,0.053860679,0.000000000,0.000000000
QV-C01-015-A0034,QV-C01-015,DS00,quebrada_verde,CAMPAIGN_01,66.000000000,68.000000000,2.000000000,0.061773183,0.000000000,0.000000000
QV-C01-015-A0035,QV-C01-015,DS00,quebrada_verde,CAMPAIGN_01,68.000000000,70.000000000,2.000000000,0.058230837,0.000000000,0.000000000
QV-C01-015-A0036,QV-C01-015,DS00,quebrada_verde,CAMPAIGN_01,70.000000000,72.000000000,2.000000000,0.063500969,0.000000000,0.000000000
QV-C01-015-A0037,QV-C01-015,DS00,quebrada_verde,CAMPAIGN_01,72.000000000,74.000000000,2.000000000,0.065060931,0.000000000,0.000000000
QV-C01-015-A0038,QV-C01-015,DS00,quebrada_verde,CAMPAIGN_01,74.000000000,76.000000000,2.000000000,0.059854217,0.000000000,0.000000000
QV-C01-015-A0039,QV-C01-015,DS00,quebrada_verde,CAMPAIGN_01,76.000000000,78.000000000,2.000000000,0.060531149,0.000000000,0.000000000
QV-C01-015-A0040,QV-C01-015,DS00,quebrada_verde,CAMPAIGN_01,78.000000000,80.000000000,2.000000000,0.058803787,0.000000000,0.000000000
QV-C01-015-A0041,QV-C01-015,DS00,quebrada_verde,CAMPAIGN_01,80.000000000,82.000000000,2.000000000,0.064063854,0.000000000,0.000000000
QV-C01-015-A0042,QV-C01-015,DS00,quebrada_verde,CAMPAIGN_01,82.000000000,84.000000000,2.000000000,0.068631291,0.000000000,0.000000000
QV-C01-015-A0043,QV-C01-015,DS00,quebrada_verde,CAMPAIGN_01,84.000000000,86.000000000,2.000000000,0.064635369,0.000000000,0.000000000
QV-C01-015-A0044,QV-C01-015,DS00,quebrada_verde,CAMPAIGN_01,86.000000000,88.000000000,2.000000000,0.067466445,0.000000000,0.000000000
QV-C01-015-A0045,QV-C01-015,DS00,quebrada_verde,CAMPAIGN_01,88.000000000,90.000000000,2.000000000,0.075445647,0.000000000,0.000000000
QV-C01-015-A0046,QV-C01-015,DS00,quebrada_verde,CAMPAIGN_01,90.000000000,92.000000000,2.000000000,0.070858252,0.000000000,0.000000000
QV-C01-015-A0047,QV-C01-015,DS00,quebrada_verde,CAMPAIGN_01,92.000000000,94.000000000,2.000000000,0.066005694,0.000000000,0.000000000
QV-C01-015-A0048,QV-C01-015,DS00,quebrada_verde,CAMPAIGN_01,94.000000000,96.000000000,2.000000000,0.062389492,0.000000000,0.000000000
QV-C01-015-A0049,QV-C01-015,DS00,quebrada_verde,CAMPAIGN_01,96.000000000,98.000000000,2.000000000,0.066255461,0.000000000,0.000000000
QV-C01-015-A0050,QV-C01-015,DS00,quebrada_verde,CAMPAIGN_01,98.000000000,100.000000000,2.000000000,0.066301121,0.000000000,0.000000000
QV-C01-015-A0051,QV-C01-015,DS00,quebrada_verde,CAMPAIGN_01,100.000000000,102.000000000,2.000000000,0.069933806,0.000000000,0.000000000
QV-C01-015-A0052,QV-C01-015,DS00,quebrada_verde,CAMPAIGN_01,102.000000000,104.000000000,2.000000000,0.070370762,0.000000000,0.000000000
QV-C01-015-A0053,QV-C01-015,DS00,quebrada_verde,CAMPAIGN_01,104.000000000,106.000000000,2.000000000,0.065642511,0.000000000,0.000000000
QV-C01-015-A0054,QV-C01-015,DS00,quebrada_verde,CAMPAIGN_01,106.000000000,108.000000000,2.000000000,0.064798200,0.000000000,0.000000000
QV-C01-015-A0055,QV-C01-015,DS00,quebrada_verde,CAMPAIGN_01,108.000000000,110.000000000,2.000000000,0.066115462,0.000000000,0.000000000
QV-C01-015-A0056,QV-C01-015,DS00,quebrada_verde,CAMPAIGN_01,110.000000000,112.000000000,2.000000000,0.075260517,0.000000000,0.000000000
QV-C01-015-A0057,QV-C01-015,DS00,quebrada_verde,CAMPAIGN_01,112.000000000,114.000000000,2.000000000,0.072940312,0.000000000,0.000000000
QV-C01-015-A0058,QV-C01-015,DS00,quebrada_verde,CAMPAIGN_01,114.000000000,116.000000000,2.000000000,0.072586223,0.000000000,0.000000000
QV-C01-015-A0059,QV-C01-015,DS00,quebrada_verde,CAMPAIGN_01,116.000000000,118.000000000,2.000000000,0.070143283,0.000000000,0.000000000
QV-C01-015-A0060,QV-C01-015,DS00,quebrada_verde,CAMPAIGN_01,118.000000000,120.000000000,2.000000000,0.069955319,0.000000000,0.000000000
QV-C01-015-A0061,QV-C01-015,DS00,quebrada_verde,CAMPAIGN_01,120.000000000,122.000000000,2.000000000,0.070645156,0.000000000,0.000000000
QV-C01-015-A0062,QV-C01-015,DS00,quebrada_verde,CAMPAIGN_01,122.000000000,124.000000000,2.000000000,0.071165622,0.000000000,0.000000000
QV-C01-015-A0063,QV-C01-015,DS00,quebrada_verde,CAMPAIGN_01,124.000000000,126.000000000,2.000000000,0.069098536,0.000000000,0.000000000
QV-C01-015-A0064,QV-C01-015,DS00,quebrada_verde,CAMPAIGN_01,126.000000000,128.000000000,2.000000000,0.071847920,0.000000000,0.000000000
QV-C01-015-A0065,QV-C01-015,DS00,quebrada_verde,CAMPAIGN_01,128.000000000,130.000000000,2.000000000,0.072637560,0.000000000,0.000000000
QV-C01-015-A0066,QV-C01-015,DS00,quebrada_verde,CAMPAIGN_01,130.000000000,132.000000000,2.000000000,0.073858728,0.000000000,0.000000000
QV-C01-015-A0067,QV-C01-015,DS00,quebrada_verde,CAMPAIGN_01,132.000000000,134.000000000,2.000000000,0.079320040,0.000000000,0.000000000
QV-C01-015-A0068,QV-C01-015,DS00,quebrada_verde,CAMPAIGN_01,134.000000000,136.000000000,2.000000000,0.075298774,0.000000000,0.000000000
QV-C01-015-A0069,QV-C01-015,DS00,quebrada_verde,CAMPAIGN_01,136.000000000,138.000000000,2.000000000,0.072537976,0.000000000,0.000000000
QV-C01-015-A0070,QV-C01-015,DS00,quebrada_verde,CAMPAIGN_01,138.000000000,140.000000000,2.000000000,0.070522875,0.000000000,0.000000000
QV-C01-015-A0071,QV-C01-015,DS00,quebrada_verde,CAMPAIGN_01,140.000000000,142.000000000,2.000000000,0.068247280,0.000000000,0.000000000
QV-C01-015-A0072,QV-C01-015,DS00,quebrada_verde,CAMPAIGN_01,142.000000000,144.000000000,2.000000000,0.073208545,0.000000000,0.000000000
QV-C01-015-A0073,QV-C01-015,DS00,quebrada_verde,CAMPAIGN_01,144.000000000,146.000000000,2.000000000,0.076217022,0.000000000,0.000000000
QV-C01-015-A0074,QV-C01-015,DS00,quebrada_verde,CAMPAIGN_01,146.000000000,148.000000000,2.000000000,0.074532269,0.000000000,0.000000000
QV-C01-015-A0075,QV-C01-015,DS00,quebrada_verde,CAMPAIGN_01,148.000000000,150.000000000,2.000000000,0.074099279,0.000000000,0.000000000
QV-C01-015-A0076,QV-C01-015,DS00,quebrada_verde,CAMPAIGN_01,150.000000000,152.000000000,2.000000000,0.081168152,0.000000000,0.000000000
QV-C01-015-A0077,QV-C01-015,DS00,quebrada_verde,CAMPAIGN_01,152.000000000,154.000000000,2.000000000,0.079932585,0.000000000,0.000000000
QV-C01-015-A0078,QV-C01-015,DS00,quebrada_verde,CAMPAIGN_01,154.000000000,156.000000000,2.000000000,0.073441591,0.000000000,0.000000000
QV-C01-015-A0079,QV-C01-015,DS00,quebrada_verde,CAMPAIGN_01,156.000000000,158.000000000,2.000000000,0.068519190,0.000000000,0.000000000
QV-C01-015-A0080,QV-C01-015,DS00,quebrada_verde,CAMPAIGN_01,158.000000000,160.000000000,2.000000000,0.073388206,0.000000000,0.000000000
QV-C01-015-A0081,QV-C01-015,DS00,quebrada_verde,CAMPAIGN_01,160.000000000,162.000000000,2.000000000,0.063070855,0.000000000,0.000000000
QV-C01-015-A0082,QV-C01-015,DS00,quebrada_verde,CAMPAIGN_01,162.000000000,164.000000000,2.000000000,0.072882781,0.000000000,0.000000000
QV-C01-015-A0083,QV-C01-015,DS00,quebrada_verde,CAMPAIGN_01,164.000000000,166.000000000,2.000000000,0.069672393,0.000000000,0.000000000
QV-C01-015-A0084,QV-C01-015,DS00,quebrada_verde,CAMPAIGN_01,166.000000000,168.000000000,2.000000000,0.071654806,0.000000000,0.000000000
QV-C01-015-A0085,QV-C01-015,DS00,quebrada_verde,CAMPAIGN_01,168.000000000,170.000000000,2.000000000,0.072285862,0.000000000,0.000000000
QV-C01-015-A0086,QV-C01-015,DS00,quebrada_verde,CAMPAIGN_01,170.000000000,172.000000000,2.000000000,0.072328892,0.000000000,0.000000000
QV-C01-015-A0087,QV-C01-015,DS00,quebrada_verde,CAMPAIGN_01,172.000000000,174.000000000,2.000000000,0.073982816,0.000000000,0.000000000
QV-C01-015-A0088,QV-C01-015,DS00,quebrada_verde,CAMPAIGN_01,174.000000000,176.000000000,2.000000000,0.072152878,0.000000000,0.000000000
QV-C01-015-A0089,QV-C01-015,DS00,quebrada_verde,CAMPAIGN_01,176.000000000,178.000000000,2.000000000,0.073400908,0.000000000,0.000000000
QV-C01-015-A0090,QV-C01-015,DS00,quebrada_verde,CAMPAIGN_01,178.000000000,180.000000000,2.000000000,0.073270559,0.000000000,0.000000000
QV-C01-015-A0091,QV-C01-015,DS00,quebrada_verde,CAMPAIGN_01,180.000000000,182.000000000,2.000000000,0.072505981,0.000000000,0.000000000
QV-C01-015-A0092,QV-C01-015,DS00,quebrada_verde,CAMPAIGN_01,182.000000000,184.000000000,2.000000000,0.076058036,0.000000000,0.000000000
QV-C01-015-A0093,QV-C01-015,DS00,quebrada_verde,CAMPAIGN_01,184.000000000,186.000000000,2.000000000,0.072226082,0.000000000,0.000000000
QV-C01-015-A0094,QV-C01-015,DS00,quebrada_verde,CAMPAIGN_01,186.000000000,188.000000000,2.000000000,0.071556646,0.000000000,0.000000000
QV-C01-015-A0095,QV-C01-015,DS00,quebrada_verde,CAMPAIGN_01,188.000000000,190.000000000,2.000000000,0.070426428,0.000000000,0.000000000
QV-C01-015-A0096,QV-C01-015,DS00,quebrada_verde,CAMPAIGN_01,190.000000000,192.000000000,2.000000000,0.077284020,0.000000000,0.000000000
QV-C01-015-A0097,QV-C01-015,DS00,quebrada_verde,CAMPAIGN_01,192.000000000,194.000000000,2.000000000,0.068067834,0.000000000,0.000000000
QV-C01-015-A0098,QV-C01-015,DS00,quebrada_verde,CAMPAIGN_01,194.000000000,196.000000000,2.000000000,0.070855159,0.000000000,0.000000000
QV-C01-015-A0099,QV-C01-015,DS00,quebrada_verde,CAMPAIGN_01,196.000000000,198.000000000,2.000000000,0.067399466,0.000000000,0.000000000
QV-C01-015-A0100,QV-C01-015,DS00,quebrada_verde,CAMPAIGN_01,198.000000000,200.000000000,2.000000000,0.067039691,0.000000000,0.000000000
QV-C01-015-A0101,QV-C01-015,DS00,quebrada_verde,CAMPAIGN_01,200.000000000,202.000000000,2.000000000,0.068717645,0.000000000,0.000000000
QV-C01-015-A0102,QV-C01-015,DS00,quebrada_verde,CAMPAIGN_01,202.000000000,204.000000000,2.000000000,0.067826104,0.000000000,0.000000000
QV-C01-015-A0103,QV-C01-015,DS00,quebrada_verde,CAMPAIGN_01,204.000000000,206.000000000,2.000000000,0.068505747,0.000000000,0.000000000
QV-C01-015-A0104,QV-C01-015,DS00,quebrada_verde,CAMPAIGN_01,206.000000000,208.000000000,2.000000000,0.065419505,0.000000000,0.000000000
QV-C01-015-A0105,QV-C01-015,DS00,quebrada_verde,CAMPAIGN_01,208.000000000,210.000000000,2.000000000,0.071425560,0.000000000,0.000000000
QV-C01-015-A0106,QV-C01-015,DS00,quebrada_verde,CAMPAIGN_01,210.000000000,212.000000000,2.000000000,0.068786761,0.000000000,0.000000000
QV-C01-015-A0107,QV-C01-015,DS00,quebrada_verde,CAMPAIGN_01,212.000000000,214.000000000,2.000000000,0.061080958,0.000000000,0.000000000
QV-C01-015-A0108,QV-C01-015,DS00,quebrada_verde,CAMPAIGN_01,214.000000000,216.000000000,2.000000000,0.069566252,0.000000000,0.000000000
QV-C01-015-A0109,QV-C01-015,DS00,quebrada_verde,CAMPAIGN_01,216.000000000,218.000000000,2.000000000,0.065666546,0.000000000,0.000000000
QV-C01-015-A0110,QV-C01-015,DS00,quebrada_verde,CAMPAIGN_01,218.000000000,220.000000000,2.000000000,0.064644728,0.000000000,0.000000000
QV-C01-016-A0001,QV-C01-016,DS00,quebrada_verde,CAMPAIGN_01,0.000000000,2.000000000,2.000000000,0.018568879,0.000000000,0.000000000
QV-C01-016-A0002,QV-C01-016,DS00,quebrada_verde,CAMPAIGN_01,2.000000000,4.000000000,2.000000000,0.019641379,0.000000000,0.000000000
QV-C01-016-A0003,QV-C01-016,DS00,quebrada_verde,CAMPAIGN_01,4.000000000,6.000000000,2.000000000,0.020433484,0.000000000,0.000000000
QV-C01-016-A0004,QV-C01-016,DS00,quebrada_verde,CAMPAIGN_01,6.000000000,8.000000000,2.000000000,0.020644810,0.000000000,0.000000000
QV-C01-016-A0005,QV-C01-016,DS00,quebrada_verde,CAMPAIGN_01,8.000000000,10.000000000,2.000000000,0.017568687,0.000000000,0.000000000
QV-C01-016-A0006,QV-C01-016,DS00,quebrada_verde,CAMPAIGN_01,10.000000000,12.000000000,2.000000000,0.021744371,0.000000000,0.000000000
QV-C01-016-A0007,QV-C01-016,DS00,quebrada_verde,CAMPAIGN_01,12.000000000,14.000000000,2.000000000,0.022326626,0.000000000,0.000000000
QV-C01-016-A0008,QV-C01-016,DS00,quebrada_verde,CAMPAIGN_01,14.000000000,16.000000000,2.000000000,0.020682088,0.000000000,0.000000000
QV-C01-016-A0009,QV-C01-016,DS00,quebrada_verde,CAMPAIGN_01,16.000000000,18.000000000,2.000000000,0.019203085,0.000000000,0.000000000
QV-C01-016-A0010,QV-C01-016,DS00,quebrada_verde,CAMPAIGN_01,18.000000000,20.000000000,2.000000000,0.020161297,0.000000000,0.000000000
QV-C01-016-A0011,QV-C01-016,DS00,quebrada_verde,CAMPAIGN_01,20.000000000,22.000000000,2.000000000,0.018023357,0.000000000,0.000000000
QV-C01-016-A0012,QV-C01-016,DS00,quebrada_verde,CAMPAIGN_01,22.000000000,24.000000000,2.000000000,0.023079055,0.000000000,0.000000000
QV-C01-016-A0013,QV-C01-016,DS00,quebrada_verde,CAMPAIGN_01,24.000000000,26.000000000,2.000000000,0.020973054,0.000000000,0.000000000
QV-C01-016-A0014,QV-C01-016,DS00,quebrada_verde,CAMPAIGN_01,26.000000000,28.000000000,2.000000000,0.020316969,0.000000000,0.000000000
QV-C01-016-A0015,QV-C01-016,DS00,quebrada_verde,CAMPAIGN_01,28.000000000,30.000000000,2.000000000,0.020349588,0.000000000,0.000000000
QV-C01-016-A0016,QV-C01-016,DS00,quebrada_verde,CAMPAIGN_01,30.000000000,32.000000000,2.000000000,0.024543960,0.000000000,0.000000000
QV-C01-016-A0017,QV-C01-016,DS00,quebrada_verde,CAMPAIGN_01,32.000000000,34.000000000,2.000000000,0.018776622,0.000000000,0.000000000
QV-C01-016-A0018,QV-C01-016,DS00,quebrada_verde,CAMPAIGN_01,34.000000000,36.000000000,2.000000000,0.017563840,0.000000000,0.000000000
QV-C01-016-A0019,QV-C01-016,DS00,quebrada_verde,CAMPAIGN_01,36.000000000,38.000000000,2.000000000,0.022738740,0.000000000,0.000000000
QV-C01-016-A0020,QV-C01-016,DS00,quebrada_verde,CAMPAIGN_01,38.000000000,40.000000000,2.000000000,0.021008602,0.000000000,0.000000000
QV-C01-016-A0021,QV-C01-016,DS00,quebrada_verde,CAMPAIGN_01,40.000000000,42.000000000,2.000000000,0.022274506,0.000000000,0.000000000
QV-C01-016-A0022,QV-C01-016,DS00,quebrada_verde,CAMPAIGN_01,42.000000000,44.000000000,2.000000000,0.020556436,0.000000000,0.000000000
QV-C01-016-A0023,QV-C01-016,DS00,quebrada_verde,CAMPAIGN_01,44.000000000,46.000000000,2.000000000,0.021353682,0.000000000,0.000000000
QV-C01-016-A0024,QV-C01-016,DS00,quebrada_verde,CAMPAIGN_01,46.000000000,48.000000000,2.000000000,0.020288658,0.000000000,0.000000000
QV-C01-016-A0025,QV-C01-016,DS00,quebrada_verde,CAMPAIGN_01,48.000000000,50.000000000,2.000000000,0.020898193,0.000000000,0.000000000
QV-C01-016-A0026,QV-C01-016,DS00,quebrada_verde,CAMPAIGN_01,50.000000000,52.000000000,2.000000000,0.023376746,0.000000000,0.000000000
QV-C01-016-A0027,QV-C01-016,DS00,quebrada_verde,CAMPAIGN_01,52.000000000,54.000000000,2.000000000,0.020650213,0.000000000,0.000000000
QV-C01-016-A0028,QV-C01-016,DS00,quebrada_verde,CAMPAIGN_01,54.000000000,56.000000000,2.000000000,0.023584817,0.000000000,0.000000000
QV-C01-016-A0029,QV-C01-016,DS00,quebrada_verde,CAMPAIGN_01,56.000000000,58.000000000,2.000000000,0.023454936,0.000000000,0.000000000
QV-C01-016-A0030,QV-C01-016,DS00,quebrada_verde,CAMPAIGN_01,58.000000000,60.000000000,2.000000000,0.024696865,0.000000000,0.000000000
QV-C01-016-A0031,QV-C01-016,DS00,quebrada_verde,CAMPAIGN_01,60.000000000,62.000000000,2.000000000,0.024929426,0.000000000,0.000000000
QV-C01-016-A0032,QV-C01-016,DS00,quebrada_verde,CAMPAIGN_01,62.000000000,64.000000000,2.000000000,0.020766112,0.000000000,0.000000000
QV-C01-016-A0033,QV-C01-016,DS00,quebrada_verde,CAMPAIGN_01,64.000000000,66.000000000,2.000000000,0.021889485,0.000000000,0.000000000
QV-C01-016-A0034,QV-C01-016,DS00,quebrada_verde,CAMPAIGN_01,66.000000000,68.000000000,2.000000000,0.020400010,0.000000000,0.000000000
QV-C01-016-A0035,QV-C01-016,DS00,quebrada_verde,CAMPAIGN_01,68.000000000,70.000000000,2.000000000,0.024629666,0.000000000,0.000000000
QV-C01-016-A0036,QV-C01-016,DS00,quebrada_verde,CAMPAIGN_01,70.000000000,72.000000000,2.000000000,0.020569488,0.000000000,0.000000000
QV-C01-016-A0037,QV-C01-016,DS00,quebrada_verde,CAMPAIGN_01,72.000000000,74.000000000,2.000000000,0.020900524,0.000000000,0.000000000
QV-C01-016-A0038,QV-C01-016,DS00,quebrada_verde,CAMPAIGN_01,74.000000000,76.000000000,2.000000000,0.025162441,0.000000000,0.000000000
QV-C01-016-A0039,QV-C01-016,DS00,quebrada_verde,CAMPAIGN_01,76.000000000,78.000000000,2.000000000,0.022364655,0.000000000,0.000000000
QV-C01-016-A0040,QV-C01-016,DS00,quebrada_verde,CAMPAIGN_01,78.000000000,80.000000000,2.000000000,0.021361162,0.000000000,0.000000000
QV-C01-016-A0041,QV-C01-016,DS00,quebrada_verde,CAMPAIGN_01,80.000000000,82.000000000,2.000000000,0.021985909,0.000000000,0.000000000
QV-C01-016-A0042,QV-C01-016,DS00,quebrada_verde,CAMPAIGN_01,82.000000000,84.000000000,2.000000000,0.021938460,0.000000000,0.000000000
QV-C01-016-A0043,QV-C01-016,DS00,quebrada_verde,CAMPAIGN_01,84.000000000,86.000000000,2.000000000,0.023044732,0.000000000,0.000000000
QV-C01-016-A0044,QV-C01-016,DS00,quebrada_verde,CAMPAIGN_01,86.000000000,88.000000000,2.000000000,0.023299996,0.000000000,0.000000000
QV-C01-016-A0045,QV-C01-016,DS00,quebrada_verde,CAMPAIGN_01,88.000000000,90.000000000,2.000000000,0.025178118,0.000000000,0.000000000
QV-C01-016-A0046,QV-C01-016,DS00,quebrada_verde,CAMPAIGN_01,90.000000000,92.000000000,2.000000000,0.022624830,0.000000000,0.000000000
QV-C01-016-A0047,QV-C01-016,DS00,quebrada_verde,CAMPAIGN_01,92.000000000,94.000000000,2.000000000,0.024219173,0.000000000,0.000000000
QV-C01-016-A0048,QV-C01-016,DS00,quebrada_verde,CAMPAIGN_01,94.000000000,96.000000000,2.000000000,0.021505488,0.000000000,0.000000000
QV-C01-016-A0049,QV-C01-016,DS00,quebrada_verde,CAMPAIGN_01,96.000000000,98.000000000,2.000000000,0.023789232,0.000000000,0.000000000
QV-C01-016-A0050,QV-C01-016,DS00,quebrada_verde,CAMPAIGN_01,98.000000000,100.000000000,2.000000000,0.025209561,0.000000000,0.000000000
QV-C01-016-A0051,QV-C01-016,DS00,quebrada_verde,CAMPAIGN_01,100.000000000,102.000000000,2.000000000,0.026560254,0.000000000,0.000000000
QV-C01-016-A0052,QV-C01-016,DS00,quebrada_verde,CAMPAIGN_01,102.000000000,104.000000000,2.000000000,0.022408940,0.000000000,0.000000000
QV-C01-016-A0053,QV-C01-016,DS00,quebrada_verde,CAMPAIGN_01,104.000000000,106.000000000,2.000000000,0.020213602,0.000000000,0.000000000
QV-C01-016-A0054,QV-C01-016,DS00,quebrada_verde,CAMPAIGN_01,106.000000000,108.000000000,2.000000000,0.024242879,0.000000000,0.000000000
QV-C01-016-A0055,QV-C01-016,DS00,quebrada_verde,CAMPAIGN_01,108.000000000,110.000000000,2.000000000,0.022832902,0.000000000,0.000000000
QV-C01-016-A0056,QV-C01-016,DS00,quebrada_verde,CAMPAIGN_01,110.000000000,112.000000000,2.000000000,0.024049897,0.000000000,0.000000000
QV-C01-016-A0057,QV-C01-016,DS00,quebrada_verde,CAMPAIGN_01,112.000000000,114.000000000,2.000000000,0.020934445,0.000000000,0.000000000
QV-C01-016-A0058,QV-C01-016,DS00,quebrada_verde,CAMPAIGN_01,114.000000000,116.000000000,2.000000000,0.022071178,0.000000000,0.000000000
QV-C01-016-A0059,QV-C01-016,DS00,quebrada_verde,CAMPAIGN_01,116.000000000,118.000000000,2.000000000,0.022500511,0.000000000,0.000000000
QV-C01-016-A0060,QV-C01-016,DS00,quebrada_verde,CAMPAIGN_01,118.000000000,120.000000000,2.000000000,0.024191525,0.000000000,0.000000000
QV-C01-016-A0061,QV-C01-016,DS00,quebrada_verde,CAMPAIGN_01,120.000000000,122.000000000,2.000000000,0.023798145,0.000000000,0.000000000
QV-C01-016-A0062,QV-C01-016,DS00,quebrada_verde,CAMPAIGN_01,122.000000000,124.000000000,2.000000000,0.024338068,0.000000000,0.000000000
QV-C01-016-A0063,QV-C01-016,DS00,quebrada_verde,CAMPAIGN_01,124.000000000,126.000000000,2.000000000,0.024346640,0.000000000,0.000000000
QV-C01-016-A0064,QV-C01-016,DS00,quebrada_verde,CAMPAIGN_01,126.000000000,128.000000000,2.000000000,0.025648554,0.000000000,0.000000000
QV-C01-016-A0065,QV-C01-016,DS00,quebrada_verde,CAMPAIGN_01,128.000000000,130.000000000,2.000000000,0.026604820,0.000000000,0.000000000
QV-C01-016-A0066,QV-C01-016,DS00,quebrada_verde,CAMPAIGN_01,130.000000000,132.000000000,2.000000000,0.023997432,0.000000000,0.000000000
QV-C01-016-A0067,QV-C01-016,DS00,quebrada_verde,CAMPAIGN_01,132.000000000,134.000000000,2.000000000,0.022986398,0.000000000,0.000000000
QV-C01-016-A0068,QV-C01-016,DS00,quebrada_verde,CAMPAIGN_01,134.000000000,136.000000000,2.000000000,0.023902134,0.000000000,0.000000000
QV-C01-016-A0069,QV-C01-016,DS00,quebrada_verde,CAMPAIGN_01,136.000000000,138.000000000,2.000000000,0.020635045,0.000000000,0.000000000
QV-C01-016-A0070,QV-C01-016,DS00,quebrada_verde,CAMPAIGN_01,138.000000000,140.000000000,2.000000000,0.024764914,0.000000000,0.000000000
QV-C01-016-A0071,QV-C01-016,DS00,quebrada_verde,CAMPAIGN_01,140.000000000,142.000000000,2.000000000,0.023668368,0.000000000,0.000000000
QV-C01-016-A0072,QV-C01-016,DS00,quebrada_verde,CAMPAIGN_01,142.000000000,144.000000000,2.000000000,0.026566525,0.000000000,0.000000000
QV-C01-016-A0073,QV-C01-016,DS00,quebrada_verde,CAMPAIGN_01,144.000000000,146.000000000,2.000000000,0.024027744,0.000000000,0.000000000
QV-C01-016-A0074,QV-C01-016,DS00,quebrada_verde,CAMPAIGN_01,146.000000000,148.000000000,2.000000000,0.023174380,0.000000000,0.000000000
QV-C01-016-A0075,QV-C01-016,DS00,quebrada_verde,CAMPAIGN_01,148.000000000,150.000000000,2.000000000,0.023480878,0.000000000,0.000000000
QV-C01-016-A0076,QV-C01-016,DS00,quebrada_verde,CAMPAIGN_01,150.000000000,152.000000000,2.000000000,0.028412567,0.000000000,0.000000000
QV-C01-016-A0077,QV-C01-016,DS00,quebrada_verde,CAMPAIGN_01,152.000000000,154.000000000,2.000000000,0.027208351,0.000000000,0.000000000
QV-C01-016-A0078,QV-C01-016,DS00,quebrada_verde,CAMPAIGN_01,154.000000000,156.000000000,2.000000000,0.022313636,0.000000000,0.000000000
QV-C01-016-A0079,QV-C01-016,DS00,quebrada_verde,CAMPAIGN_01,156.000000000,158.000000000,2.000000000,0.025384107,0.000000000,0.000000000
QV-C01-016-A0080,QV-C01-016,DS00,quebrada_verde,CAMPAIGN_01,158.000000000,160.000000000,2.000000000,0.027636959,0.000000000,0.000000000
QV-C01-016-A0081,QV-C01-016,DS00,quebrada_verde,CAMPAIGN_01,160.000000000,162.000000000,2.000000000,0.025262645,0.000000000,0.000000000
QV-C01-016-A0082,QV-C01-016,DS00,quebrada_verde,CAMPAIGN_01,162.000000000,164.000000000,2.000000000,0.025781644,0.000000000,0.000000000
QV-C01-016-A0083,QV-C01-016,DS00,quebrada_verde,CAMPAIGN_01,164.000000000,166.000000000,2.000000000,0.022371678,0.000000000,0.000000000
QV-C01-016-A0084,QV-C01-016,DS00,quebrada_verde,CAMPAIGN_01,166.000000000,168.000000000,2.000000000,0.024534538,0.000000000,0.000000000
QV-C01-016-A0085,QV-C01-016,DS00,quebrada_verde,CAMPAIGN_01,168.000000000,170.000000000,2.000000000,0.025495079,0.000000000,0.000000000
QV-C01-016-A0086,QV-C01-016,DS00,quebrada_verde,CAMPAIGN_01,170.000000000,172.000000000,2.000000000,0.021621270,0.000000000,0.000000000
QV-C01-016-A0087,QV-C01-016,DS00,quebrada_verde,CAMPAIGN_01,172.000000000,174.000000000,2.000000000,0.028577827,0.000000000,0.000000000
QV-C01-016-A0088,QV-C01-016,DS00,quebrada_verde,CAMPAIGN_01,174.000000000,176.000000000,2.000000000,0.025720180,0.000000000,0.000000000
QV-C01-016-A0089,QV-C01-016,DS00,quebrada_verde,CAMPAIGN_01,176.000000000,178.000000000,2.000000000,0.026727639,0.000000000,0.000000000
QV-C01-016-A0090,QV-C01-016,DS00,quebrada_verde,CAMPAIGN_01,178.000000000,180.000000000,2.000000000,0.026317326,0.000000000,0.000000000
QV-C01-016-A0091,QV-C01-016,DS00,quebrada_verde,CAMPAIGN_01,180.000000000,182.000000000,2.000000000,0.028017465,0.000000000,0.000000000
QV-C01-016-A0092,QV-C01-016,DS00,quebrada_verde,CAMPAIGN_01,182.000000000,184.000000000,2.000000000,0.025323703,0.000000000,0.000000000
QV-C01-016-A0093,QV-C01-016,DS00,quebrada_verde,CAMPAIGN_01,184.000000000,186.000000000,2.000000000,0.023828183,0.000000000,0.000000000
QV-C01-016-A0094,QV-C01-016,DS00,quebrada_verde,CAMPAIGN_01,186.000000000,188.000000000,2.000000000,0.026766201,0.000000000,0.000000000
QV-C01-016-A0095,QV-C01-016,DS00,quebrada_verde,CAMPAIGN_01,188.000000000,190.000000000,2.000000000,0.026587711,0.000000000,0.000000000
QV-C01-016-A0096,QV-C01-016,DS00,quebrada_verde,CAMPAIGN_01,190.000000000,192.000000000,2.000000000,0.024893210,0.000000000,0.000000000
QV-C01-016-A0097,QV-C01-016,DS00,quebrada_verde,CAMPAIGN_01,192.000000000,194.000000000,2.000000000,0.025821486,0.000000000,0.000000000
QV-C01-016-A0098,QV-C01-016,DS00,quebrada_verde,CAMPAIGN_01,194.000000000,196.000000000,2.000000000,0.024211617,0.000000000,0.000000000
QV-C01-016-A0099,QV-C01-016,DS00,quebrada_verde,CAMPAIGN_01,196.000000000,198.000000000,2.000000000,0.026880249,0.000000000,0.000000000
QV-C01-016-A0100,QV-C01-016,DS00,quebrada_verde,CAMPAIGN_01,198.000000000,200.000000000,2.000000000,0.027480971,0.000000000,0.000000000
QV-C01-016-A0101,QV-C01-016,DS00,quebrada_verde,CAMPAIGN_01,200.000000000,202.000000000,2.000000000,0.028629955,0.000000000,0.000000000
QV-C01-016-A0102,QV-C01-016,DS00,quebrada_verde,CAMPAIGN_01,202.000000000,204.000000000,2.000000000,0.025763075,0.000000000,0.000000000
QV-C01-016-A0103,QV-C01-016,DS00,quebrada_verde,CAMPAIGN_01,204.000000000,206.000000000,2.000000000,0.027814711,0.000000000,0.000000000
QV-C01-016-A0104,QV-C01-016,DS00,quebrada_verde,CAMPAIGN_01,206.000000000,208.000000000,2.000000000,0.026577183,0.000000000,0.000000000
QV-C01-016-A0105,QV-C01-016,DS00,quebrada_verde,CAMPAIGN_01,208.000000000,210.000000000,2.000000000,0.025355272,0.000000000,0.000000000
QV-C01-016-A0106,QV-C01-016,DS00,quebrada_verde,CAMPAIGN_01,210.000000000,212.000000000,2.000000000,0.028273169,0.000000000,0.000000000
QV-C01-016-A0107,QV-C01-016,DS00,quebrada_verde,CAMPAIGN_01,212.000000000,214.000000000,2.000000000,0.024935097,0.000000000,0.000000000
QV-C01-016-A0108,QV-C01-016,DS00,quebrada_verde,CAMPAIGN_01,214.000000000,216.000000000,2.000000000,0.026290818,0.000000000,0.000000000
QV-C01-016-A0109,QV-C01-016,DS00,quebrada_verde,CAMPAIGN_01,216.000000000,218.000000000,2.000000000,0.030224357,0.000000000,0.000000000
QV-C01-016-A0110,QV-C01-016,DS00,quebrada_verde,CAMPAIGN_01,218.000000000,220.000000000,2.000000000,0.027185919,0.000000000,0.000000000
QV-C01-016-A0111,QV-C01-016,DS00,quebrada_verde,CAMPAIGN_01,220.000000000,222.000000000,2.000000000,0.027079935,0.000000000,0.000000000
QV-C01-016-A0112,QV-C01-016,DS00,quebrada_verde,CAMPAIGN_01,222.000000000,224.000000000,2.000000000,0.023650048,0.000000000,0.000000000
QV-C01-016-A0113,QV-C01-016,DS00,quebrada_verde,CAMPAIGN_01,224.000000000,226.000000000,2.000000000,0.024741137,0.000000000,0.000000000
QV-C01-016-A0114,QV-C01-016,DS00,quebrada_verde,CAMPAIGN_01,226.000000000,228.000000000,2.000000000,0.029727951,0.000000000,0.000000000
QV-C01-016-A0115,QV-C01-016,DS00,quebrada_verde,CAMPAIGN_01,228.000000000,230.000000000,2.000000000,0.026336438,0.000000000,0.000000000
QV-C01-016-A0116,QV-C01-016,DS00,quebrada_verde,CAMPAIGN_01,230.000000000,232.000000000,2.000000000,0.022321338,0.000000000,0.000000000
QV-C01-016-A0117,QV-C01-016,DS00,quebrada_verde,CAMPAIGN_01,232.000000000,234.000000000,2.000000000,0.025045640,0.000000000,0.000000000
QV-C01-016-A0118,QV-C01-016,DS00,quebrada_verde,CAMPAIGN_01,234.000000000,236.000000000,2.000000000,0.028116276,0.000000000,0.000000000
QV-C01-016-A0119,QV-C01-016,DS00,quebrada_verde,CAMPAIGN_01,236.000000000,238.000000000,2.000000000,0.025250573,0.000000000,0.000000000
QV-C01-016-A0120,QV-C01-016,DS00,quebrada_verde,CAMPAIGN_01,238.000000000,240.000000000,2.000000000,0.027528196,0.000000000,0.000000000
QV-C01-016-A0121,QV-C01-016,DS00,quebrada_verde,CAMPAIGN_01,240.000000000,242.000000000,2.000000000,0.024378905,0.000000000,0.000000000
QV-C01-016-A0122,QV-C01-016,DS00,quebrada_verde,CAMPAIGN_01,242.000000000,244.000000000,2.000000000,0.027235638,0.000000000,0.000000000
QV-C01-016-A0123,QV-C01-016,DS00,quebrada_verde,CAMPAIGN_01,244.000000000,246.000000000,2.000000000,0.025396503,0.000000000,0.000000000
QV-C01-016-A0124,QV-C01-016,DS00,quebrada_verde,CAMPAIGN_01,246.000000000,248.000000000,2.000000000,0.024403123,0.000000000,0.000000000
QV-C01-016-A0125,QV-C01-016,DS00,quebrada_verde,CAMPAIGN_01,248.000000000,250.000000000,2.000000000,0.028139226,0.000000000,0.000000000
QV-C01-016-A0126,QV-C01-016,DS00,quebrada_verde,CAMPAIGN_01,250.000000000,252.000000000,2.000000000,0.027553755,0.000000000,0.000000000
QV-C01-016-A0127,QV-C01-016,DS00,quebrada_verde,CAMPAIGN_01,252.000000000,254.000000000,2.000000000,0.028334096,0.000000000,0.000000000
QV-C01-016-A0128,QV-C01-016,DS00,quebrada_verde,CAMPAIGN_01,254.000000000,256.000000000,2.000000000,0.027350557,0.000000000,0.000000000
QV-C01-016-A0129,QV-C01-016,DS00,quebrada_verde,CAMPAIGN_01,256.000000000,258.000000000,2.000000000,0.026449219,0.000000000,0.000000000
QV-C01-016-A0130,QV-C01-016,DS00,quebrada_verde,CAMPAIGN_01,258.000000000,260.000000000,2.000000000,0.023589769,0.000000000,0.000000000
QV-C01-016-A0131,QV-C01-016,DS00,quebrada_verde,CAMPAIGN_01,260.000000000,262.000000000,2.000000000,0.027435547,0.000000000,0.000000000
QV-C01-016-A0132,QV-C01-016,DS00,quebrada_verde,CAMPAIGN_01,262.000000000,264.000000000,2.000000000,0.028128035,0.000000000,0.000000000
QV-C01-016-A0133,QV-C01-016,DS00,quebrada_verde,CAMPAIGN_01,264.000000000,266.000000000,2.000000000,0.030286399,0.000000000,0.000000000
QV-C01-016-A0134,QV-C01-016,DS00,quebrada_verde,CAMPAIGN_01,266.000000000,268.000000000,2.000000000,0.025424732,0.000000000,0.000000000
QV-C01-016-A0135,QV-C01-016,DS00,quebrada_verde,CAMPAIGN_01,268.000000000,270.000000000,2.000000000,0.027404348,0.000000000,0.000000000
QV-C01-016-A0136,QV-C01-016,DS00,quebrada_verde,CAMPAIGN_01,270.000000000,272.000000000,2.000000000,0.028209439,0.000000000,0.000000000
QV-C01-016-A0137,QV-C01-016,DS00,quebrada_verde,CAMPAIGN_01,272.000000000,273.932067089,1.932067089,0.025986707,0.000000000,0.000000000
QV-C02-001-A0001,QV-C02-001,DS00,quebrada_verde,CAMPAIGN_02,0.000000000,2.000000000,2.000000000,0.078872539,0.000000000,0.000000000
QV-C02-001-A0002,QV-C02-001,DS00,quebrada_verde,CAMPAIGN_02,2.000000000,4.000000000,2.000000000,0.080022490,0.000000000,0.000000000
QV-C02-001-A0003,QV-C02-001,DS00,quebrada_verde,CAMPAIGN_02,4.000000000,6.000000000,2.000000000,0.081879206,0.000000000,0.000000000
QV-C02-001-A0004,QV-C02-001,DS00,quebrada_verde,CAMPAIGN_02,6.000000000,8.000000000,2.000000000,0.076866118,0.000000000,0.000000000
QV-C02-001-A0005,QV-C02-001,DS00,quebrada_verde,CAMPAIGN_02,8.000000000,10.000000000,2.000000000,0.088611465,0.000000000,0.000000000
QV-C02-001-A0006,QV-C02-001,DS00,quebrada_verde,CAMPAIGN_02,10.000000000,12.000000000,2.000000000,0.091453856,0.000000000,0.000000000
QV-C02-001-A0007,QV-C02-001,DS00,quebrada_verde,CAMPAIGN_02,12.000000000,14.000000000,2.000000000,0.089160817,0.000000000,0.000000000
QV-C02-001-A0008,QV-C02-001,DS00,quebrada_verde,CAMPAIGN_02,14.000000000,16.000000000,2.000000000,0.100619359,0.000000000,0.000000000
QV-C02-001-A0009,QV-C02-001,DS00,quebrada_verde,CAMPAIGN_02,16.000000000,18.000000000,2.000000000,0.092506456,0.000000000,0.000000000
QV-C02-001-A0010,QV-C02-001,DS00,quebrada_verde,CAMPAIGN_02,18.000000000,20.000000000,2.000000000,0.095918617,0.000000000,0.000000000
QV-C02-001-A0011,QV-C02-001,DS00,quebrada_verde,CAMPAIGN_02,20.000000000,22.000000000,2.000000000,0.101903451,0.000000000,0.000000000
QV-C02-001-A0012,QV-C02-001,DS00,quebrada_verde,CAMPAIGN_02,22.000000000,24.000000000,2.000000000,0.103906560,0.000000000,0.000000000
QV-C02-001-A0013,QV-C02-001,DS00,quebrada_verde,CAMPAIGN_02,24.000000000,26.000000000,2.000000000,0.108515325,0.000000000,0.000000000
QV-C02-001-A0014,QV-C02-001,DS00,quebrada_verde,CAMPAIGN_02,26.000000000,28.000000000,2.000000000,0.108789273,0.000000000,0.000000000
QV-C02-001-A0015,QV-C02-001,DS00,quebrada_verde,CAMPAIGN_02,28.000000000,30.000000000,2.000000000,0.117247119,0.000000000,0.000000000
QV-C02-001-A0016,QV-C02-001,DS00,quebrada_verde,CAMPAIGN_02,30.000000000,32.000000000,2.000000000,0.115429861,0.000000000,0.000000000
QV-C02-001-A0017,QV-C02-001,DS00,quebrada_verde,CAMPAIGN_02,32.000000000,34.000000000,2.000000000,0.120030893,0.000000000,0.000000000
QV-C02-001-A0018,QV-C02-001,DS00,quebrada_verde,CAMPAIGN_02,34.000000000,36.000000000,2.000000000,0.123541982,0.000000000,0.000000000
QV-C02-001-A0019,QV-C02-001,DS00,quebrada_verde,CAMPAIGN_02,36.000000000,38.000000000,2.000000000,0.128104224,0.000000000,0.000000000
QV-C02-001-A0020,QV-C02-001,DS00,quebrada_verde,CAMPAIGN_02,38.000000000,40.000000000,2.000000000,0.125600714,0.000000000,0.000000000
QV-C02-001-A0021,QV-C02-001,DS00,quebrada_verde,CAMPAIGN_02,40.000000000,42.000000000,2.000000000,0.135800119,0.000000000,0.000000000
QV-C02-001-A0022,QV-C02-001,DS00,quebrada_verde,CAMPAIGN_02,42.000000000,44.000000000,2.000000000,0.145700497,0.000000000,0.000000000
QV-C02-001-A0023,QV-C02-001,DS00,quebrada_verde,CAMPAIGN_02,44.000000000,46.000000000,2.000000000,0.139848071,0.000000000,0.000000000
QV-C02-001-A0024,QV-C02-001,DS00,quebrada_verde,CAMPAIGN_02,46.000000000,48.000000000,2.000000000,0.136360545,0.000000000,0.000000000
QV-C02-001-A0025,QV-C02-001,DS00,quebrada_verde,CAMPAIGN_02,48.000000000,50.000000000,2.000000000,0.144766353,0.000000000,0.000000000
QV-C02-001-A0026,QV-C02-001,DS00,quebrada_verde,CAMPAIGN_02,50.000000000,52.000000000,2.000000000,0.153649161,0.000000000,0.000000000
QV-C02-001-A0027,QV-C02-001,DS00,quebrada_verde,CAMPAIGN_02,52.000000000,54.000000000,2.000000000,0.147846972,0.000000000,0.000000000
QV-C02-001-A0028,QV-C02-001,DS00,quebrada_verde,CAMPAIGN_02,54.000000000,56.000000000,2.000000000,0.156562053,0.000000000,0.000000000
QV-C02-001-A0029,QV-C02-001,DS00,quebrada_verde,CAMPAIGN_02,56.000000000,58.000000000,2.000000000,0.167820096,0.000000000,0.000000000
QV-C02-001-A0030,QV-C02-001,DS00,quebrada_verde,CAMPAIGN_02,58.000000000,60.000000000,2.000000000,0.159219722,0.000000000,0.000000000
QV-C02-001-A0031,QV-C02-001,DS00,quebrada_verde,CAMPAIGN_02,60.000000000,62.000000000,2.000000000,0.177100461,0.000000000,0.000000000
QV-C02-001-A0032,QV-C02-001,DS00,quebrada_verde,CAMPAIGN_02,62.000000000,64.000000000,2.000000000,0.175746458,0.000000000,0.000000000
QV-C02-001-A0033,QV-C02-001,DS00,quebrada_verde,CAMPAIGN_02,64.000000000,66.000000000,2.000000000,0.172796390,0.000000000,0.000000000
QV-C02-001-A0034,QV-C02-001,DS00,quebrada_verde,CAMPAIGN_02,66.000000000,68.000000000,2.000000000,0.183977260,0.000000000,0.000000000
QV-C02-001-A0035,QV-C02-001,DS00,quebrada_verde,CAMPAIGN_02,68.000000000,70.000000000,2.000000000,0.182529532,0.000000000,0.000000000
QV-C02-001-A0036,QV-C02-001,DS00,quebrada_verde,CAMPAIGN_02,70.000000000,72.000000000,2.000000000,0.187937964,0.000000000,0.000000000
QV-C02-001-A0037,QV-C02-001,DS00,quebrada_verde,CAMPAIGN_02,72.000000000,74.000000000,2.000000000,0.201788976,0.000000000,0.000000000
QV-C02-001-A0038,QV-C02-001,DS00,quebrada_verde,CAMPAIGN_02,74.000000000,76.000000000,2.000000000,0.218376779,0.000000000,0.000000000
QV-C02-001-A0039,QV-C02-001,DS00,quebrada_verde,CAMPAIGN_02,76.000000000,78.000000000,2.000000000,0.202218923,0.000000000,0.000000000
QV-C02-001-A0040,QV-C02-001,DS00,quebrada_verde,CAMPAIGN_02,78.000000000,80.000000000,2.000000000,0.220502466,0.000000000,0.000000000
QV-C02-001-A0041,QV-C02-001,DS00,quebrada_verde,CAMPAIGN_02,80.000000000,82.000000000,2.000000000,0.219619082,0.000000000,0.000000000
QV-C02-001-A0042,QV-C02-001,DS00,quebrada_verde,CAMPAIGN_02,82.000000000,84.000000000,2.000000000,0.246434804,0.000000000,0.000000000
QV-C02-001-A0043,QV-C02-001,DS00,quebrada_verde,CAMPAIGN_02,84.000000000,86.000000000,2.000000000,0.217596773,0.000000000,0.000000000
QV-C02-001-A0044,QV-C02-001,DS00,quebrada_verde,CAMPAIGN_02,86.000000000,88.000000000,2.000000000,0.243514571,0.000000000,0.000000000
QV-C02-001-A0045,QV-C02-001,DS00,quebrada_verde,CAMPAIGN_02,88.000000000,90.000000000,2.000000000,0.246133624,0.000000000,0.000000000
QV-C02-001-A0046,QV-C02-001,DS00,quebrada_verde,CAMPAIGN_02,90.000000000,92.000000000,2.000000000,0.250523282,0.000000000,0.000000000
QV-C02-001-A0047,QV-C02-001,DS00,quebrada_verde,CAMPAIGN_02,92.000000000,94.000000000,2.000000000,0.245799367,0.000000000,0.000000000
QV-C02-001-A0048,QV-C02-001,DS00,quebrada_verde,CAMPAIGN_02,94.000000000,96.000000000,2.000000000,0.259975166,0.000000000,0.000000000
QV-C02-001-A0049,QV-C02-001,DS00,quebrada_verde,CAMPAIGN_02,96.000000000,98.000000000,2.000000000,0.235549677,0.000000000,0.000000000
QV-C02-001-A0050,QV-C02-001,DS00,quebrada_verde,CAMPAIGN_02,98.000000000,100.000000000,2.000000000,0.275095778,0.000000000,0.000000000
QV-C02-001-A0051,QV-C02-001,DS00,quebrada_verde,CAMPAIGN_02,100.000000000,102.000000000,2.000000000,0.276593648,0.000000000,0.000000000
QV-C02-001-A0052,QV-C02-001,DS00,quebrada_verde,CAMPAIGN_02,102.000000000,104.000000000,2.000000000,0.288351224,0.000000000,0.000000000
QV-C02-001-A0053,QV-C02-001,DS00,quebrada_verde,CAMPAIGN_02,104.000000000,106.000000000,2.000000000,0.285983048,0.000000000,0.000000000
QV-C02-001-A0054,QV-C02-001,DS00,quebrada_verde,CAMPAIGN_02,106.000000000,108.000000000,2.000000000,0.285811017,0.000000000,0.000000000
QV-C02-001-A0055,QV-C02-001,DS00,quebrada_verde,CAMPAIGN_02,108.000000000,110.000000000,2.000000000,0.300566487,0.000000000,0.000000000
QV-C02-001-A0056,QV-C02-001,DS00,quebrada_verde,CAMPAIGN_02,110.000000000,112.000000000,2.000000000,0.302680877,0.000000000,0.000000000
QV-C02-001-A0057,QV-C02-001,DS00,quebrada_verde,CAMPAIGN_02,112.000000000,114.000000000,2.000000000,0.304523830,0.000000000,0.000000000
QV-C02-001-A0058,QV-C02-001,DS00,quebrada_verde,CAMPAIGN_02,114.000000000,116.000000000,2.000000000,0.327309653,0.000000000,0.000000000
QV-C02-001-A0059,QV-C02-001,DS00,quebrada_verde,CAMPAIGN_02,116.000000000,118.000000000,2.000000000,0.336201636,0.000000000,0.000000000
QV-C02-001-A0060,QV-C02-001,DS00,quebrada_verde,CAMPAIGN_02,118.000000000,120.000000000,2.000000000,0.326416370,0.000000000,0.000000000
QV-C02-001-A0061,QV-C02-001,DS00,quebrada_verde,CAMPAIGN_02,120.000000000,122.000000000,2.000000000,0.351251168,0.000000000,0.000000000
QV-C02-001-A0062,QV-C02-001,DS00,quebrada_verde,CAMPAIGN_02,122.000000000,124.000000000,2.000000000,0.341154287,0.000000000,0.000000000
QV-C02-001-A0063,QV-C02-001,DS00,quebrada_verde,CAMPAIGN_02,124.000000000,126.000000000,2.000000000,0.389594395,0.000000000,0.000000000
QV-C02-001-A0064,QV-C02-001,DS00,quebrada_verde,CAMPAIGN_02,126.000000000,128.000000000,2.000000000,0.351166058,0.000000000,0.000000000
QV-C02-001-A0065,QV-C02-001,DS00,quebrada_verde,CAMPAIGN_02,128.000000000,130.000000000,2.000000000,0.366742043,0.000000000,0.000000000
QV-C02-001-A0066,QV-C02-001,DS00,quebrada_verde,CAMPAIGN_02,130.000000000,132.000000000,2.000000000,0.342801992,0.000000000,0.000000000
QV-C02-001-A0067,QV-C02-001,DS00,quebrada_verde,CAMPAIGN_02,132.000000000,134.000000000,2.000000000,0.373273572,0.000000000,0.000000000
QV-C02-001-A0068,QV-C02-001,DS00,quebrada_verde,CAMPAIGN_02,134.000000000,136.000000000,2.000000000,0.358680081,0.000000000,0.000000000
QV-C02-001-A0069,QV-C02-001,DS00,quebrada_verde,CAMPAIGN_02,136.000000000,138.000000000,2.000000000,0.390940670,0.000000000,0.000000000
QV-C02-001-A0070,QV-C02-001,DS00,quebrada_verde,CAMPAIGN_02,138.000000000,140.000000000,2.000000000,0.420465025,0.000000000,0.000000000
QV-C02-001-A0071,QV-C02-001,DS00,quebrada_verde,CAMPAIGN_02,140.000000000,142.000000000,2.000000000,0.401547383,0.000000000,0.000000000
QV-C02-001-A0072,QV-C02-001,DS00,quebrada_verde,CAMPAIGN_02,142.000000000,144.000000000,2.000000000,0.412326674,0.000000000,0.000000000
QV-C02-001-A0073,QV-C02-001,DS00,quebrada_verde,CAMPAIGN_02,144.000000000,146.000000000,2.000000000,0.397665774,0.000000000,0.000000000
QV-C02-001-A0074,QV-C02-001,DS00,quebrada_verde,CAMPAIGN_02,146.000000000,148.000000000,2.000000000,0.410331123,0.000000000,0.000000000
QV-C02-001-A0075,QV-C02-001,DS00,quebrada_verde,CAMPAIGN_02,148.000000000,150.000000000,2.000000000,0.410069769,0.000000000,0.000000000
QV-C02-001-A0076,QV-C02-001,DS00,quebrada_verde,CAMPAIGN_02,150.000000000,152.000000000,2.000000000,0.400726759,0.000000000,0.000000000
QV-C02-001-A0077,QV-C02-001,DS00,quebrada_verde,CAMPAIGN_02,152.000000000,154.000000000,2.000000000,0.423188255,0.000000000,0.000000000
QV-C02-001-A0078,QV-C02-001,DS00,quebrada_verde,CAMPAIGN_02,154.000000000,156.000000000,2.000000000,0.403802265,0.000000000,0.000000000
QV-C02-001-A0079,QV-C02-001,DS00,quebrada_verde,CAMPAIGN_02,156.000000000,158.000000000,2.000000000,0.439083833,0.000000000,0.000000000
QV-C02-001-A0080,QV-C02-001,DS00,quebrada_verde,CAMPAIGN_02,158.000000000,160.000000000,2.000000000,0.475601179,0.000000000,0.000000000
QV-C02-001-A0081,QV-C02-001,DS00,quebrada_verde,CAMPAIGN_02,160.000000000,162.000000000,2.000000000,0.422625525,0.000000000,0.000000000
QV-C02-001-A0082,QV-C02-001,DS00,quebrada_verde,CAMPAIGN_02,162.000000000,164.000000000,2.000000000,0.461530987,0.000000000,0.000000000
QV-C02-001-A0083,QV-C02-001,DS00,quebrada_verde,CAMPAIGN_02,164.000000000,166.000000000,2.000000000,0.449662230,0.000000000,0.000000000
QV-C02-001-A0084,QV-C02-001,DS00,quebrada_verde,CAMPAIGN_02,166.000000000,168.000000000,2.000000000,0.479157887,0.000000000,0.000000000
QV-C02-001-A0085,QV-C02-001,DS00,quebrada_verde,CAMPAIGN_02,168.000000000,170.000000000,2.000000000,0.465107504,0.000000000,0.000000000
QV-C02-001-A0086,QV-C02-001,DS00,quebrada_verde,CAMPAIGN_02,170.000000000,172.000000000,2.000000000,0.492441503,0.000000000,0.000000000
QV-C02-001-A0087,QV-C02-001,DS00,quebrada_verde,CAMPAIGN_02,172.000000000,174.000000000,2.000000000,0.513755099,0.000000000,0.000000000
QV-C02-001-A0088,QV-C02-001,DS00,quebrada_verde,CAMPAIGN_02,174.000000000,176.000000000,2.000000000,0.480951407,0.000000000,0.000000000
QV-C02-001-A0089,QV-C02-001,DS00,quebrada_verde,CAMPAIGN_02,176.000000000,178.000000000,2.000000000,0.501706638,0.000000000,0.000000000
QV-C02-001-A0090,QV-C02-001,DS00,quebrada_verde,CAMPAIGN_02,178.000000000,180.000000000,2.000000000,0.491828596,0.000000000,0.000000000
QV-C02-001-A0091,QV-C02-001,DS00,quebrada_verde,CAMPAIGN_02,180.000000000,182.000000000,2.000000000,0.513151648,0.000000000,0.000000000
QV-C02-001-A0092,QV-C02-001,DS00,quebrada_verde,CAMPAIGN_02,182.000000000,184.000000000,2.000000000,0.533835169,0.000000000,0.000000000
QV-C02-001-A0093,QV-C02-001,DS00,quebrada_verde,CAMPAIGN_02,184.000000000,186.000000000,2.000000000,0.521995121,0.000000000,0.000000000
QV-C02-001-A0094,QV-C02-001,DS00,quebrada_verde,CAMPAIGN_02,186.000000000,188.000000000,2.000000000,0.543886062,0.000000000,0.000000000
QV-C02-001-A0095,QV-C02-001,DS00,quebrada_verde,CAMPAIGN_02,188.000000000,190.000000000,2.000000000,0.503474532,0.000000000,0.000000000
QV-C02-001-A0096,QV-C02-001,DS00,quebrada_verde,CAMPAIGN_02,190.000000000,192.000000000,2.000000000,0.584949013,0.000000000,0.000000000
QV-C02-001-A0097,QV-C02-001,DS00,quebrada_verde,CAMPAIGN_02,192.000000000,194.000000000,2.000000000,0.484604293,0.000000000,0.000000000
QV-C02-001-A0098,QV-C02-001,DS00,quebrada_verde,CAMPAIGN_02,194.000000000,196.000000000,2.000000000,0.562743197,0.000000000,0.000000000
QV-C02-001-A0099,QV-C02-001,DS00,quebrada_verde,CAMPAIGN_02,196.000000000,198.000000000,2.000000000,0.551553952,0.000000000,0.000000000
QV-C02-001-A0100,QV-C02-001,DS00,quebrada_verde,CAMPAIGN_02,198.000000000,200.000000000,2.000000000,0.577506150,0.000000000,0.000000000
QV-C02-001-A0101,QV-C02-001,DS00,quebrada_verde,CAMPAIGN_02,200.000000000,202.000000000,2.000000000,0.534199142,0.000000000,0.000000000
QV-C02-001-A0102,QV-C02-001,DS00,quebrada_verde,CAMPAIGN_02,202.000000000,204.000000000,2.000000000,0.549715354,0.000000000,0.000000000
QV-C02-001-A0103,QV-C02-001,DS00,quebrada_verde,CAMPAIGN_02,204.000000000,206.000000000,2.000000000,0.575582439,0.000000000,0.000000000
QV-C02-001-A0104,QV-C02-001,DS00,quebrada_verde,CAMPAIGN_02,206.000000000,208.000000000,2.000000000,0.553494679,0.000000000,0.000000000
QV-C02-001-A0105,QV-C02-001,DS00,quebrada_verde,CAMPAIGN_02,208.000000000,210.000000000,2.000000000,0.568937394,0.000000000,0.000000000
QV-C02-001-A0106,QV-C02-001,DS00,quebrada_verde,CAMPAIGN_02,210.000000000,212.000000000,2.000000000,0.529947225,0.000000000,0.000000000
QV-C02-001-A0107,QV-C02-001,DS00,quebrada_verde,CAMPAIGN_02,212.000000000,214.000000000,2.000000000,0.572655329,0.000000000,0.000000000
QV-C02-001-A0108,QV-C02-001,DS00,quebrada_verde,CAMPAIGN_02,214.000000000,216.000000000,2.000000000,0.553570188,0.000000000,0.000000000
QV-C02-001-A0109,QV-C02-001,DS00,quebrada_verde,CAMPAIGN_02,216.000000000,218.000000000,2.000000000,0.616769406,0.000000000,0.000000000
QV-C02-001-A0110,QV-C02-001,DS00,quebrada_verde,CAMPAIGN_02,218.000000000,220.000000000,2.000000000,0.551004202,0.000000000,0.000000000
QV-C02-001-A0111,QV-C02-001,DS00,quebrada_verde,CAMPAIGN_02,220.000000000,222.000000000,2.000000000,0.557676341,0.000000000,0.000000000
QV-C02-001-A0112,QV-C02-001,DS00,quebrada_verde,CAMPAIGN_02,222.000000000,224.000000000,2.000000000,0.599665466,0.000000000,0.000000000
QV-C02-001-A0113,QV-C02-001,DS00,quebrada_verde,CAMPAIGN_02,224.000000000,226.000000000,2.000000000,0.570786577,0.000000000,0.000000000
QV-C02-001-A0114,QV-C02-001,DS00,quebrada_verde,CAMPAIGN_02,226.000000000,228.000000000,2.000000000,0.573183155,0.000000000,0.000000000
QV-C02-001-A0115,QV-C02-001,DS00,quebrada_verde,CAMPAIGN_02,228.000000000,230.000000000,2.000000000,0.602753496,0.000000000,0.000000000
QV-C02-001-A0116,QV-C02-001,DS00,quebrada_verde,CAMPAIGN_02,230.000000000,232.000000000,2.000000000,0.595633545,0.000000000,0.000000000
QV-C02-001-A0117,QV-C02-001,DS00,quebrada_verde,CAMPAIGN_02,232.000000000,234.000000000,2.000000000,0.602023208,0.000000000,0.000000000
QV-C02-001-A0118,QV-C02-001,DS00,quebrada_verde,CAMPAIGN_02,234.000000000,236.000000000,2.000000000,0.572879792,0.000000000,0.000000000
QV-C02-001-A0119,QV-C02-001,DS00,quebrada_verde,CAMPAIGN_02,236.000000000,238.000000000,2.000000000,0.537646490,0.000000000,0.000000000
QV-C02-001-A0120,QV-C02-001,DS00,quebrada_verde,CAMPAIGN_02,238.000000000,240.000000000,2.000000000,0.551014515,0.000000000,0.000000000
QV-C02-001-A0121,QV-C02-001,DS00,quebrada_verde,CAMPAIGN_02,240.000000000,242.000000000,2.000000000,0.595075960,0.000000000,0.000000000
QV-C02-001-A0122,QV-C02-001,DS00,quebrada_verde,CAMPAIGN_02,242.000000000,244.000000000,2.000000000,0.531770359,0.000000000,0.000000000
QV-C02-001-A0123,QV-C02-001,DS00,quebrada_verde,CAMPAIGN_02,244.000000000,246.000000000,2.000000000,0.569896339,0.000000000,0.000000000
QV-C02-001-A0124,QV-C02-001,DS00,quebrada_verde,CAMPAIGN_02,246.000000000,248.000000000,2.000000000,0.543982798,0.000000000,0.000000000
QV-C02-001-A0125,QV-C02-001,DS00,quebrada_verde,CAMPAIGN_02,248.000000000,250.000000000,2.000000000,0.557236991,0.000000000,0.000000000
QV-C02-001-A0126,QV-C02-001,DS00,quebrada_verde,CAMPAIGN_02,250.000000000,252.000000000,2.000000000,0.560019192,0.000000000,0.000000000
QV-C02-001-A0127,QV-C02-001,DS00,quebrada_verde,CAMPAIGN_02,252.000000000,254.000000000,2.000000000,0.565699303,0.000000000,0.000000000
QV-C02-001-A0128,QV-C02-001,DS00,quebrada_verde,CAMPAIGN_02,254.000000000,255.208796108,1.208796108,0.519420402,0.000000000,0.000000000
QV-C02-002-A0001,QV-C02-002,DS00,quebrada_verde,CAMPAIGN_02,0.000000000,2.000000000,2.000000000,0.094054383,0.000000000,0.000000000
QV-C02-002-A0002,QV-C02-002,DS00,quebrada_verde,CAMPAIGN_02,2.000000000,4.000000000,2.000000000,0.103949848,0.000000000,0.000000000
QV-C02-002-A0003,QV-C02-002,DS00,quebrada_verde,CAMPAIGN_02,4.000000000,6.000000000,2.000000000,0.112299768,0.000000000,0.000000000
QV-C02-002-A0004,QV-C02-002,DS00,quebrada_verde,CAMPAIGN_02,6.000000000,8.000000000,2.000000000,0.113999743,0.000000000,0.000000000
QV-C02-002-A0005,QV-C02-002,DS00,quebrada_verde,CAMPAIGN_02,8.000000000,10.000000000,2.000000000,0.113683685,0.000000000,0.000000000
QV-C02-002-A0006,QV-C02-002,DS00,quebrada_verde,CAMPAIGN_02,10.000000000,12.000000000,2.000000000,0.125439882,0.000000000,0.000000000
QV-C02-002-A0007,QV-C02-002,DS00,quebrada_verde,CAMPAIGN_02,12.000000000,14.000000000,2.000000000,0.117130854,0.000000000,0.000000000
QV-C02-002-A0008,QV-C02-002,DS00,quebrada_verde,CAMPAIGN_02,14.000000000,16.000000000,2.000000000,0.122607330,0.000000000,0.000000000
QV-C02-002-A0009,QV-C02-002,DS00,quebrada_verde,CAMPAIGN_02,16.000000000,18.000000000,2.000000000,0.131812861,0.000000000,0.000000000
QV-C02-002-A0010,QV-C02-002,DS00,quebrada_verde,CAMPAIGN_02,18.000000000,20.000000000,2.000000000,0.125417935,0.000000000,0.000000000
QV-C02-002-A0011,QV-C02-002,DS00,quebrada_verde,CAMPAIGN_02,20.000000000,22.000000000,2.000000000,0.142312899,0.000000000,0.000000000
QV-C02-002-A0012,QV-C02-002,DS00,quebrada_verde,CAMPAIGN_02,22.000000000,24.000000000,2.000000000,0.145140928,0.000000000,0.000000000
QV-C02-002-A0013,QV-C02-002,DS00,quebrada_verde,CAMPAIGN_02,24.000000000,26.000000000,2.000000000,0.134757050,0.000000000,0.000000000
QV-C02-002-A0014,QV-C02-002,DS00,quebrada_verde,CAMPAIGN_02,26.000000000,28.000000000,2.000000000,0.148896484,0.000000000,0.000000000
QV-C02-002-A0015,QV-C02-002,DS00,quebrada_verde,CAMPAIGN_02,28.000000000,30.000000000,2.000000000,0.150317434,0.000000000,0.000000000
QV-C02-002-A0016,QV-C02-002,DS00,quebrada_verde,CAMPAIGN_02,30.000000000,32.000000000,2.000000000,0.149834450,0.000000000,0.000000000
QV-C02-002-A0017,QV-C02-002,DS00,quebrada_verde,CAMPAIGN_02,32.000000000,34.000000000,2.000000000,0.150832040,0.000000000,0.000000000
QV-C02-002-A0018,QV-C02-002,DS00,quebrada_verde,CAMPAIGN_02,34.000000000,36.000000000,2.000000000,0.161260001,0.000000000,0.000000000
QV-C02-002-A0019,QV-C02-002,DS00,quebrada_verde,CAMPAIGN_02,36.000000000,38.000000000,2.000000000,0.164329208,0.000000000,0.000000000
QV-C02-002-A0020,QV-C02-002,DS00,quebrada_verde,CAMPAIGN_02,38.000000000,40.000000000,2.000000000,0.169047047,0.000000000,0.000000000
QV-C02-002-A0021,QV-C02-002,DS00,quebrada_verde,CAMPAIGN_02,40.000000000,42.000000000,2.000000000,0.181972044,0.000000000,0.000000000
QV-C02-002-A0022,QV-C02-002,DS00,quebrada_verde,CAMPAIGN_02,42.000000000,44.000000000,2.000000000,0.176199150,0.000000000,0.000000000
QV-C02-002-A0023,QV-C02-002,DS00,quebrada_verde,CAMPAIGN_02,44.000000000,46.000000000,2.000000000,0.186069489,0.000000000,0.000000000
QV-C02-002-A0024,QV-C02-002,DS00,quebrada_verde,CAMPAIGN_02,46.000000000,48.000000000,2.000000000,0.180526628,0.000000000,0.000000000
QV-C02-002-A0025,QV-C02-002,DS00,quebrada_verde,CAMPAIGN_02,48.000000000,50.000000000,2.000000000,0.192977787,0.000000000,0.000000000
QV-C02-002-A0026,QV-C02-002,DS00,quebrada_verde,CAMPAIGN_02,50.000000000,52.000000000,2.000000000,0.198993761,0.000000000,0.000000000
QV-C02-002-A0027,QV-C02-002,DS00,quebrada_verde,CAMPAIGN_02,52.000000000,54.000000000,2.000000000,0.208364240,0.000000000,0.000000000
QV-C02-002-A0028,QV-C02-002,DS00,quebrada_verde,CAMPAIGN_02,54.000000000,56.000000000,2.000000000,0.214171819,0.000000000,0.000000000
QV-C02-002-A0029,QV-C02-002,DS00,quebrada_verde,CAMPAIGN_02,56.000000000,58.000000000,2.000000000,0.210246674,0.000000000,0.000000000
QV-C02-002-A0030,QV-C02-002,DS00,quebrada_verde,CAMPAIGN_02,58.000000000,60.000000000,2.000000000,0.216558054,0.000000000,0.000000000
QV-C02-002-A0031,QV-C02-002,DS00,quebrada_verde,CAMPAIGN_02,60.000000000,62.000000000,2.000000000,0.223924239,0.000000000,0.000000000
QV-C02-002-A0032,QV-C02-002,DS00,quebrada_verde,CAMPAIGN_02,62.000000000,64.000000000,2.000000000,0.266701676,0.000000000,0.000000000
QV-C02-002-A0033,QV-C02-002,DS00,quebrada_verde,CAMPAIGN_02,64.000000000,66.000000000,2.000000000,0.231879760,0.000000000,0.000000000
QV-C02-002-A0034,QV-C02-002,DS00,quebrada_verde,CAMPAIGN_02,66.000000000,68.000000000,2.000000000,0.244192845,0.000000000,0.000000000
QV-C02-002-A0035,QV-C02-002,DS00,quebrada_verde,CAMPAIGN_02,68.000000000,70.000000000,2.000000000,0.246708677,0.000000000,0.000000000
QV-C02-002-A0036,QV-C02-002,DS00,quebrada_verde,CAMPAIGN_02,70.000000000,72.000000000,2.000000000,0.260676557,0.000000000,0.000000000
QV-C02-002-A0037,QV-C02-002,DS00,quebrada_verde,CAMPAIGN_02,72.000000000,74.000000000,2.000000000,0.269421881,0.000000000,0.000000000
QV-C02-002-A0038,QV-C02-002,DS00,quebrada_verde,CAMPAIGN_02,74.000000000,76.000000000,2.000000000,0.277529001,0.000000000,0.000000000
QV-C02-002-A0039,QV-C02-002,DS00,quebrada_verde,CAMPAIGN_02,76.000000000,78.000000000,2.000000000,0.265372194,0.000000000,0.000000000
QV-C02-002-A0040,QV-C02-002,DS00,quebrada_verde,CAMPAIGN_02,78.000000000,80.000000000,2.000000000,0.284199036,0.000000000,0.000000000
QV-C02-002-A0041,QV-C02-002,DS00,quebrada_verde,CAMPAIGN_02,80.000000000,82.000000000,2.000000000,0.266581323,0.000000000,0.000000000
QV-C02-002-A0042,QV-C02-002,DS00,quebrada_verde,CAMPAIGN_02,82.000000000,84.000000000,2.000000000,0.298190324,0.000000000,0.000000000
QV-C02-002-A0043,QV-C02-002,DS00,quebrada_verde,CAMPAIGN_02,84.000000000,86.000000000,2.000000000,0.292828689,0.000000000,0.000000000
QV-C02-002-A0044,QV-C02-002,DS00,quebrada_verde,CAMPAIGN_02,86.000000000,88.000000000,2.000000000,0.307528095,0.000000000,0.000000000
QV-C02-002-A0045,QV-C02-002,DS00,quebrada_verde,CAMPAIGN_02,88.000000000,90.000000000,2.000000000,0.316704825,0.000000000,0.000000000
QV-C02-002-A0046,QV-C02-002,DS00,quebrada_verde,CAMPAIGN_02,90.000000000,92.000000000,2.000000000,0.308717353,0.000000000,0.000000000
QV-C02-002-A0047,QV-C02-002,DS00,quebrada_verde,CAMPAIGN_02,92.000000000,94.000000000,2.000000000,0.327323795,0.000000000,0.000000000
QV-C02-002-A0048,QV-C02-002,DS00,quebrada_verde,CAMPAIGN_02,94.000000000,96.000000000,2.000000000,0.346846036,0.000000000,0.000000000
QV-C02-002-A0049,QV-C02-002,DS00,quebrada_verde,CAMPAIGN_02,96.000000000,98.000000000,2.000000000,0.375454820,0.000000000,0.000000000
QV-C02-002-A0050,QV-C02-002,DS00,quebrada_verde,CAMPAIGN_02,98.000000000,100.000000000,2.000000000,0.341278934,0.000000000,0.000000000
QV-C02-002-A0051,QV-C02-002,DS00,quebrada_verde,CAMPAIGN_02,100.000000000,102.000000000,2.000000000,0.386011875,0.000000000,0.000000000
QV-C02-002-A0052,QV-C02-002,DS00,quebrada_verde,CAMPAIGN_02,102.000000000,104.000000000,2.000000000,0.342418578,0.000000000,0.000000000
QV-C02-002-A0053,QV-C02-002,DS00,quebrada_verde,CAMPAIGN_02,104.000000000,106.000000000,2.000000000,0.359742001,0.000000000,0.000000000
QV-C02-002-A0054,QV-C02-002,DS00,quebrada_verde,CAMPAIGN_02,106.000000000,108.000000000,2.000000000,0.377136146,0.000000000,0.000000000
QV-C02-002-A0055,QV-C02-002,DS00,quebrada_verde,CAMPAIGN_02,108.000000000,110.000000000,2.000000000,0.396449094,0.000000000,0.000000000
QV-C02-002-A0056,QV-C02-002,DS00,quebrada_verde,CAMPAIGN_02,110.000000000,112.000000000,2.000000000,0.387874932,0.000000000,0.000000000
QV-C02-002-A0057,QV-C02-002,DS00,quebrada_verde,CAMPAIGN_02,112.000000000,114.000000000,2.000000000,0.410228119,0.000000000,0.000000000
QV-C02-002-A0058,QV-C02-002,DS00,quebrada_verde,CAMPAIGN_02,114.000000000,116.000000000,2.000000000,0.438040586,0.000000000,0.000000000
QV-C02-002-A0059,QV-C02-002,DS00,quebrada_verde,CAMPAIGN_02,116.000000000,118.000000000,2.000000000,0.453141065,0.000000000,0.000000000
QV-C02-002-A0060,QV-C02-002,DS00,quebrada_verde,CAMPAIGN_02,118.000000000,120.000000000,2.000000000,0.456836105,0.000000000,0.000000000
QV-C02-002-A0061,QV-C02-002,DS00,quebrada_verde,CAMPAIGN_02,120.000000000,122.000000000,2.000000000,0.440028193,0.000000000,0.000000000
QV-C02-002-A0062,QV-C02-002,DS00,quebrada_verde,CAMPAIGN_02,122.000000000,124.000000000,2.000000000,0.437144065,0.000000000,0.000000000
QV-C02-002-A0063,QV-C02-002,DS00,quebrada_verde,CAMPAIGN_02,124.000000000,126.000000000,2.000000000,0.434231431,0.000000000,0.000000000
QV-C02-002-A0064,QV-C02-002,DS00,quebrada_verde,CAMPAIGN_02,126.000000000,128.000000000,2.000000000,0.440388090,0.000000000,0.000000000
QV-C02-002-A0065,QV-C02-002,DS00,quebrada_verde,CAMPAIGN_02,128.000000000,130.000000000,2.000000000,0.478144435,0.000000000,0.000000000
QV-C02-002-A0066,QV-C02-002,DS00,quebrada_verde,CAMPAIGN_02,130.000000000,132.000000000,2.000000000,0.471020962,0.000000000,0.000000000
QV-C02-002-A0067,QV-C02-002,DS00,quebrada_verde,CAMPAIGN_02,132.000000000,134.000000000,2.000000000,0.464840465,0.000000000,0.000000000
QV-C02-002-A0068,QV-C02-002,DS00,quebrada_verde,CAMPAIGN_02,134.000000000,136.000000000,2.000000000,0.478199255,0.000000000,0.000000000
QV-C02-002-A0069,QV-C02-002,DS00,quebrada_verde,CAMPAIGN_02,136.000000000,138.000000000,2.000000000,0.490979186,0.000000000,0.000000000
QV-C02-002-A0070,QV-C02-002,DS00,quebrada_verde,CAMPAIGN_02,138.000000000,140.000000000,2.000000000,0.556342134,0.000000000,0.000000000
QV-C02-002-A0071,QV-C02-002,DS00,quebrada_verde,CAMPAIGN_02,140.000000000,142.000000000,2.000000000,0.484961551,0.000000000,0.000000000
QV-C02-002-A0072,QV-C02-002,DS00,quebrada_verde,CAMPAIGN_02,142.000000000,144.000000000,2.000000000,0.481481860,0.000000000,0.000000000
QV-C02-002-A0073,QV-C02-002,DS00,quebrada_verde,CAMPAIGN_02,144.000000000,146.000000000,2.000000000,0.499458929,0.000000000,0.000000000
QV-C02-002-A0074,QV-C02-002,DS00,quebrada_verde,CAMPAIGN_02,146.000000000,148.000000000,2.000000000,0.515555002,0.000000000,0.000000000
QV-C02-002-A0075,QV-C02-002,DS00,quebrada_verde,CAMPAIGN_02,148.000000000,150.000000000,2.000000000,0.571883356,0.000000000,0.000000000
QV-C02-002-A0076,QV-C02-002,DS00,quebrada_verde,CAMPAIGN_02,150.000000000,152.000000000,2.000000000,0.543300895,0.000000000,0.000000000
QV-C02-002-A0077,QV-C02-002,DS00,quebrada_verde,CAMPAIGN_02,152.000000000,154.000000000,2.000000000,0.569527952,0.000000000,0.000000000
QV-C02-002-A0078,QV-C02-002,DS00,quebrada_verde,CAMPAIGN_02,154.000000000,156.000000000,2.000000000,0.579404922,0.000000000,0.000000000
QV-C02-002-A0079,QV-C02-002,DS00,quebrada_verde,CAMPAIGN_02,156.000000000,158.000000000,2.000000000,0.560493050,0.000000000,0.000000000
QV-C02-002-A0080,QV-C02-002,DS00,quebrada_verde,CAMPAIGN_02,158.000000000,160.000000000,2.000000000,0.566273258,0.000000000,0.000000000
QV-C02-002-A0081,QV-C02-002,DS00,quebrada_verde,CAMPAIGN_02,160.000000000,162.000000000,2.000000000,0.571222615,0.000000000,0.000000000
QV-C02-002-A0082,QV-C02-002,DS00,quebrada_verde,CAMPAIGN_02,162.000000000,164.000000000,2.000000000,0.587216256,0.000000000,0.000000000
QV-C02-002-A0083,QV-C02-002,DS00,quebrada_verde,CAMPAIGN_02,164.000000000,166.000000000,2.000000000,0.597874870,0.000000000,0.000000000
QV-C02-002-A0084,QV-C02-002,DS00,quebrada_verde,CAMPAIGN_02,166.000000000,168.000000000,2.000000000,0.598752221,0.000000000,0.000000000
QV-C02-002-A0085,QV-C02-002,DS00,quebrada_verde,CAMPAIGN_02,168.000000000,170.000000000,2.000000000,0.574827121,0.000000000,0.000000000
QV-C02-002-A0086,QV-C02-002,DS00,quebrada_verde,CAMPAIGN_02,170.000000000,172.000000000,2.000000000,0.598803168,0.000000000,0.000000000
QV-C02-002-A0087,QV-C02-002,DS00,quebrada_verde,CAMPAIGN_02,172.000000000,174.000000000,2.000000000,0.626432659,0.000000000,0.000000000
QV-C02-002-A0088,QV-C02-002,DS00,quebrada_verde,CAMPAIGN_02,174.000000000,176.000000000,2.000000000,0.657531102,0.000000000,0.000000000
QV-C02-002-A0089,QV-C02-002,DS00,quebrada_verde,CAMPAIGN_02,176.000000000,178.000000000,2.000000000,0.648834557,0.000000000,0.000000000
QV-C02-002-A0090,QV-C02-002,DS00,quebrada_verde,CAMPAIGN_02,178.000000000,180.000000000,2.000000000,0.657140169,0.000000000,0.000000000
QV-C02-002-A0091,QV-C02-002,DS00,quebrada_verde,CAMPAIGN_02,180.000000000,182.000000000,2.000000000,0.671401421,0.000000000,0.000000000
QV-C02-002-A0092,QV-C02-002,DS00,quebrada_verde,CAMPAIGN_02,182.000000000,184.000000000,2.000000000,0.610155841,0.000000000,0.000000000
QV-C02-002-A0093,QV-C02-002,DS00,quebrada_verde,CAMPAIGN_02,184.000000000,186.000000000,2.000000000,0.658991713,0.000000000,0.000000000
QV-C02-002-A0094,QV-C02-002,DS00,quebrada_verde,CAMPAIGN_02,186.000000000,188.000000000,2.000000000,0.682448626,0.000000000,0.000000000
QV-C02-002-A0095,QV-C02-002,DS00,quebrada_verde,CAMPAIGN_02,188.000000000,190.000000000,2.000000000,0.702944478,0.000000000,0.000000000
QV-C02-002-A0096,QV-C02-002,DS00,quebrada_verde,CAMPAIGN_02,190.000000000,192.000000000,2.000000000,0.658481927,0.000000000,0.000000000
QV-C02-002-A0097,QV-C02-002,DS00,quebrada_verde,CAMPAIGN_02,192.000000000,194.000000000,2.000000000,0.721147271,0.000000000,0.000000000
QV-C02-002-A0098,QV-C02-002,DS00,quebrada_verde,CAMPAIGN_02,194.000000000,196.000000000,2.000000000,0.643142602,0.000000000,0.000000000
QV-C02-002-A0099,QV-C02-002,DS00,quebrada_verde,CAMPAIGN_02,196.000000000,198.000000000,2.000000000,0.661704954,0.000000000,0.000000000
QV-C02-002-A0100,QV-C02-002,DS00,quebrada_verde,CAMPAIGN_02,198.000000000,200.000000000,2.000000000,0.684877126,0.000000000,0.000000000
QV-C02-002-A0101,QV-C02-002,DS00,quebrada_verde,CAMPAIGN_02,200.000000000,202.000000000,2.000000000,0.746774853,0.000000000,0.000000000
QV-C02-002-A0102,QV-C02-002,DS00,quebrada_verde,CAMPAIGN_02,202.000000000,204.000000000,2.000000000,0.651983532,0.000000000,0.000000000
QV-C02-002-A0103,QV-C02-002,DS00,quebrada_verde,CAMPAIGN_02,204.000000000,206.000000000,2.000000000,0.683470880,0.000000000,0.000000000
QV-C02-002-A0104,QV-C02-002,DS00,quebrada_verde,CAMPAIGN_02,206.000000000,208.000000000,2.000000000,0.714266105,0.000000000,0.000000000
QV-C02-002-A0105,QV-C02-002,DS00,quebrada_verde,CAMPAIGN_02,208.000000000,210.000000000,2.000000000,0.717418557,0.000000000,0.000000000
QV-C02-002-A0106,QV-C02-002,DS00,quebrada_verde,CAMPAIGN_02,210.000000000,212.000000000,2.000000000,0.727363357,0.000000000,0.000000000
QV-C02-002-A0107,QV-C02-002,DS00,quebrada_verde,CAMPAIGN_02,212.000000000,214.000000000,2.000000000,0.714842102,0.000000000,0.000000000
QV-C02-002-A0108,QV-C02-002,DS00,quebrada_verde,CAMPAIGN_02,214.000000000,216.000000000,2.000000000,0.716369938,0.000000000,0.000000000
QV-C02-002-A0109,QV-C02-002,DS00,quebrada_verde,CAMPAIGN_02,216.000000000,218.000000000,2.000000000,0.710981383,0.000000000,0.000000000
QV-C02-002-A0110,QV-C02-002,DS00,quebrada_verde,CAMPAIGN_02,218.000000000,220.000000000,2.000000000,0.762665831,0.000000000,0.000000000
QV-C02-002-A0111,QV-C02-002,DS00,quebrada_verde,CAMPAIGN_02,220.000000000,222.000000000,2.000000000,0.708902051,0.000000000,0.000000000
QV-C02-002-A0112,QV-C02-002,DS00,quebrada_verde,CAMPAIGN_02,222.000000000,224.000000000,2.000000000,0.711843712,0.000000000,0.000000000
QV-C02-002-A0113,QV-C02-002,DS00,quebrada_verde,CAMPAIGN_02,224.000000000,226.000000000,2.000000000,0.737088400,0.000000000,0.000000000
QV-C02-002-A0114,QV-C02-002,DS00,quebrada_verde,CAMPAIGN_02,226.000000000,228.000000000,2.000000000,0.699524557,0.000000000,0.000000000
QV-C02-002-A0115,QV-C02-002,DS00,quebrada_verde,CAMPAIGN_02,228.000000000,230.000000000,2.000000000,0.751492570,0.000000000,0.000000000
QV-C02-002-A0116,QV-C02-002,DS00,quebrada_verde,CAMPAIGN_02,230.000000000,232.000000000,2.000000000,0.674132548,0.000000000,0.000000000
QV-C02-002-A0117,QV-C02-002,DS00,quebrada_verde,CAMPAIGN_02,232.000000000,234.000000000,2.000000000,0.704848380,0.000000000,0.000000000
QV-C02-002-A0118,QV-C02-002,DS00,quebrada_verde,CAMPAIGN_02,234.000000000,236.000000000,2.000000000,0.692709313,0.000000000,0.000000000
QV-C02-002-A0119,QV-C02-002,DS00,quebrada_verde,CAMPAIGN_02,236.000000000,238.000000000,2.000000000,0.704935395,0.000000000,0.000000000
QV-C02-002-A0120,QV-C02-002,DS00,quebrada_verde,CAMPAIGN_02,238.000000000,240.000000000,2.000000000,0.677965973,0.000000000,0.000000000
QV-C02-002-A0121,QV-C02-002,DS00,quebrada_verde,CAMPAIGN_02,240.000000000,242.000000000,2.000000000,0.745775069,0.000000000,0.000000000
QV-C02-002-A0122,QV-C02-002,DS00,quebrada_verde,CAMPAIGN_02,242.000000000,244.000000000,2.000000000,0.707411659,0.000000000,0.000000000
QV-C02-002-A0123,QV-C02-002,DS00,quebrada_verde,CAMPAIGN_02,244.000000000,246.000000000,2.000000000,0.706716328,0.000000000,0.000000000
QV-C02-002-A0124,QV-C02-002,DS00,quebrada_verde,CAMPAIGN_02,246.000000000,248.000000000,2.000000000,0.719322081,0.000000000,0.000000000
QV-C02-002-A0125,QV-C02-002,DS00,quebrada_verde,CAMPAIGN_02,248.000000000,250.000000000,2.000000000,0.652633687,0.000000000,0.000000000
QV-C02-002-A0126,QV-C02-002,DS00,quebrada_verde,CAMPAIGN_02,250.000000000,252.000000000,2.000000000,0.690223786,0.000000000,0.000000000
QV-C02-002-A0127,QV-C02-002,DS00,quebrada_verde,CAMPAIGN_02,252.000000000,254.000000000,2.000000000,0.725425235,0.000000000,0.000000000
QV-C02-002-A0128,QV-C02-002,DS00,quebrada_verde,CAMPAIGN_02,254.000000000,256.000000000,2.000000000,0.722191082,0.000000000,0.000000000
QV-C02-002-A0129,QV-C02-002,DS00,quebrada_verde,CAMPAIGN_02,256.000000000,258.000000000,2.000000000,0.685333179,0.000000000,0.000000000
QV-C02-002-A0130,QV-C02-002,DS00,quebrada_verde,CAMPAIGN_02,258.000000000,260.000000000,2.000000000,0.667123511,0.000000000,0.000000000
QV-C02-002-A0131,QV-C02-002,DS00,quebrada_verde,CAMPAIGN_02,260.000000000,262.000000000,2.000000000,0.639222069,0.000000000,0.000000000
QV-C02-002-A0132,QV-C02-002,DS00,quebrada_verde,CAMPAIGN_02,262.000000000,264.000000000,2.000000000,0.677920969,0.000000000,0.000000000
QV-C02-002-A0133,QV-C02-002,DS00,quebrada_verde,CAMPAIGN_02,264.000000000,266.000000000,2.000000000,0.698713706,0.000000000,0.000000000
QV-C02-002-A0134,QV-C02-002,DS00,quebrada_verde,CAMPAIGN_02,266.000000000,268.000000000,2.000000000,0.636809975,0.000000000,0.000000000
QV-C02-002-A0135,QV-C02-002,DS00,quebrada_verde,CAMPAIGN_02,268.000000000,269.800295723,1.800295723,0.666878443,0.000000000,0.000000000
QV-C02-003-A0001,QV-C02-003,DS00,quebrada_verde,CAMPAIGN_02,0.000000000,2.000000000,2.000000000,0.000000000,0.000000000,0.000000000
QV-C02-003-A0002,QV-C02-003,DS00,quebrada_verde,CAMPAIGN_02,2.000000000,4.000000000,2.000000000,0.063135735,0.000000000,0.000000000
QV-C02-003-A0003,QV-C02-003,DS00,quebrada_verde,CAMPAIGN_02,4.000000000,6.000000000,2.000000000,0.072026063,0.000000000,0.000000000
QV-C02-003-A0004,QV-C02-003,DS00,quebrada_verde,CAMPAIGN_02,6.000000000,8.000000000,2.000000000,0.070985512,0.000000000,0.000000000
QV-C02-003-A0005,QV-C02-003,DS00,quebrada_verde,CAMPAIGN_02,8.000000000,10.000000000,2.000000000,0.073865007,0.000000000,0.000000000
QV-C02-003-A0006,QV-C02-003,DS00,quebrada_verde,CAMPAIGN_02,10.000000000,12.000000000,2.000000000,0.076423628,0.000000000,0.000000000
QV-C02-003-A0007,QV-C02-003,DS00,quebrada_verde,CAMPAIGN_02,12.000000000,14.000000000,2.000000000,0.075614700,0.000000000,0.000000000
QV-C02-003-A0008,QV-C02-003,DS00,quebrada_verde,CAMPAIGN_02,14.000000000,16.000000000,2.000000000,0.079302839,0.000000000,0.000000000
QV-C02-003-A0009,QV-C02-003,DS00,quebrada_verde,CAMPAIGN_02,16.000000000,18.000000000,2.000000000,0.081734309,0.000000000,0.000000000
QV-C02-003-A0010,QV-C02-003,DS00,quebrada_verde,CAMPAIGN_02,18.000000000,20.000000000,2.000000000,0.080862920,0.000000000,0.000000000
QV-C02-003-A0011,QV-C02-003,DS00,quebrada_verde,CAMPAIGN_02,20.000000000,22.000000000,2.000000000,0.088209698,0.000000000,0.000000000
QV-C02-003-A0012,QV-C02-003,DS00,quebrada_verde,CAMPAIGN_02,22.000000000,24.000000000,2.000000000,0.086686142,0.000000000,0.000000000
QV-C02-003-A0013,QV-C02-003,DS00,quebrada_verde,CAMPAIGN_02,24.000000000,26.000000000,2.000000000,0.095071245,0.000000000,0.000000000
QV-C02-003-A0014,QV-C02-003,DS00,quebrada_verde,CAMPAIGN_02,26.000000000,28.000000000,2.000000000,0.098951236,0.000000000,0.000000000
QV-C02-003-A0015,QV-C02-003,DS00,quebrada_verde,CAMPAIGN_02,28.000000000,30.000000000,2.000000000,0.103074553,0.000000000,0.000000000
QV-C02-003-A0016,QV-C02-003,DS00,quebrada_verde,CAMPAIGN_02,30.000000000,32.000000000,2.000000000,0.102796782,0.000000000,0.000000000
QV-C02-003-A0017,QV-C02-003,DS00,quebrada_verde,CAMPAIGN_02,32.000000000,34.000000000,2.000000000,0.106972524,0.000000000,0.000000000
QV-C02-003-A0018,QV-C02-003,DS00,quebrada_verde,CAMPAIGN_02,34.000000000,36.000000000,2.000000000,0.100650449,0.000000000,0.000000000
QV-C02-003-A0019,QV-C02-003,DS00,quebrada_verde,CAMPAIGN_02,36.000000000,38.000000000,2.000000000,0.112989491,0.000000000,0.000000000
QV-C02-003-A0020,QV-C02-003,DS00,quebrada_verde,CAMPAIGN_02,38.000000000,40.000000000,2.000000000,0.114059008,0.000000000,0.000000000
QV-C02-003-A0021,QV-C02-003,DS00,quebrada_verde,CAMPAIGN_02,40.000000000,42.000000000,2.000000000,0.120930666,0.000000000,0.000000000
QV-C02-003-A0022,QV-C02-003,DS00,quebrada_verde,CAMPAIGN_02,42.000000000,44.000000000,2.000000000,0.130375005,0.000000000,0.000000000
QV-C02-003-A0023,QV-C02-003,DS00,quebrada_verde,CAMPAIGN_02,44.000000000,46.000000000,2.000000000,0.129847926,0.000000000,0.000000000
QV-C02-003-A0024,QV-C02-003,DS00,quebrada_verde,CAMPAIGN_02,46.000000000,48.000000000,2.000000000,0.124219851,0.000000000,0.000000000
QV-C02-003-A0025,QV-C02-003,DS00,quebrada_verde,CAMPAIGN_02,48.000000000,50.000000000,2.000000000,0.131096519,0.000000000,0.000000000
QV-C02-003-A0026,QV-C02-003,DS00,quebrada_verde,CAMPAIGN_02,50.000000000,52.000000000,2.000000000,0.136520202,0.000000000,0.000000000
QV-C02-003-A0027,QV-C02-003,DS00,quebrada_verde,CAMPAIGN_02,52.000000000,54.000000000,2.000000000,0.132827643,0.000000000,0.000000000
QV-C02-003-A0028,QV-C02-003,DS00,quebrada_verde,CAMPAIGN_02,54.000000000,56.000000000,2.000000000,0.138240621,0.000000000,0.000000000
QV-C02-003-A0029,QV-C02-003,DS00,quebrada_verde,CAMPAIGN_02,56.000000000,58.000000000,2.000000000,0.148295055,0.000000000,0.000000000
QV-C02-003-A0030,QV-C02-003,DS00,quebrada_verde,CAMPAIGN_02,58.000000000,60.000000000,2.000000000,0.157974469,0.000000000,0.000000000
QV-C02-003-A0031,QV-C02-003,DS00,quebrada_verde,CAMPAIGN_02,60.000000000,62.000000000,2.000000000,0.147915553,0.000000000,0.000000000
QV-C02-003-A0032,QV-C02-003,DS00,quebrada_verde,CAMPAIGN_02,62.000000000,64.000000000,2.000000000,0.157571214,0.000000000,0.000000000
QV-C02-003-A0033,QV-C02-003,DS00,quebrada_verde,CAMPAIGN_02,64.000000000,66.000000000,2.000000000,0.175404251,0.000000000,0.000000000
QV-C02-003-A0034,QV-C02-003,DS00,quebrada_verde,CAMPAIGN_02,66.000000000,68.000000000,2.000000000,0.183795616,0.000000000,0.000000000
QV-C02-003-A0035,QV-C02-003,DS00,quebrada_verde,CAMPAIGN_02,68.000000000,70.000000000,2.000000000,0.179988631,0.000000000,0.000000000
QV-C02-003-A0036,QV-C02-003,DS00,quebrada_verde,CAMPAIGN_02,70.000000000,72.000000000,2.000000000,0.180604282,0.000000000,0.000000000
QV-C02-003-A0037,QV-C02-003,DS00,quebrada_verde,CAMPAIGN_02,72.000000000,74.000000000,2.000000000,0.198911875,0.000000000,0.000000000
QV-C02-003-A0038,QV-C02-003,DS00,quebrada_verde,CAMPAIGN_02,74.000000000,76.000000000,2.000000000,0.189201541,0.000000000,0.000000000
QV-C02-003-A0039,QV-C02-003,DS00,quebrada_verde,CAMPAIGN_02,76.000000000,78.000000000,2.000000000,0.208000967,0.000000000,0.000000000
QV-C02-003-A0040,QV-C02-003,DS00,quebrada_verde,CAMPAIGN_02,78.000000000,80.000000000,2.000000000,0.199525384,0.000000000,0.000000000
QV-C02-003-A0041,QV-C02-003,DS00,quebrada_verde,CAMPAIGN_02,80.000000000,82.000000000,2.000000000,0.199981182,0.000000000,0.000000000
QV-C02-003-A0042,QV-C02-003,DS00,quebrada_verde,CAMPAIGN_02,82.000000000,84.000000000,2.000000000,0.212045040,0.000000000,0.000000000
QV-C02-003-A0043,QV-C02-003,DS00,quebrada_verde,CAMPAIGN_02,84.000000000,86.000000000,2.000000000,0.225304313,0.000000000,0.000000000
QV-C02-003-A0044,QV-C02-003,DS00,quebrada_verde,CAMPAIGN_02,86.000000000,88.000000000,2.000000000,0.227871405,0.000000000,0.000000000
QV-C02-003-A0045,QV-C02-003,DS00,quebrada_verde,CAMPAIGN_02,88.000000000,90.000000000,2.000000000,0.224888430,0.000000000,0.000000000
QV-C02-003-A0046,QV-C02-003,DS00,quebrada_verde,CAMPAIGN_02,90.000000000,92.000000000,2.000000000,0.261973930,0.000000000,0.000000000
QV-C02-003-A0047,QV-C02-003,DS00,quebrada_verde,CAMPAIGN_02,92.000000000,94.000000000,2.000000000,0.247800225,0.000000000,0.000000000
QV-C02-003-A0048,QV-C02-003,DS00,quebrada_verde,CAMPAIGN_02,94.000000000,96.000000000,2.000000000,0.240214463,0.000000000,0.000000000
QV-C02-003-A0049,QV-C02-003,DS00,quebrada_verde,CAMPAIGN_02,96.000000000,98.000000000,2.000000000,0.255457009,0.000000000,0.000000000
QV-C02-003-A0050,QV-C02-003,DS00,quebrada_verde,CAMPAIGN_02,98.000000000,100.000000000,2.000000000,0.271564896,0.000000000,0.000000000
QV-C02-003-A0051,QV-C02-003,DS00,quebrada_verde,CAMPAIGN_02,100.000000000,102.000000000,2.000000000,0.293304432,0.000000000,0.000000000
QV-C02-003-A0052,QV-C02-003,DS00,quebrada_verde,CAMPAIGN_02,102.000000000,104.000000000,2.000000000,0.273736577,0.000000000,0.000000000
QV-C02-003-A0053,QV-C02-003,DS00,quebrada_verde,CAMPAIGN_02,104.000000000,106.000000000,2.000000000,0.273944548,0.000000000,0.000000000
QV-C02-003-A0054,QV-C02-003,DS00,quebrada_verde,CAMPAIGN_02,106.000000000,108.000000000,2.000000000,0.278183700,0.000000000,0.000000000
QV-C02-003-A0055,QV-C02-003,DS00,quebrada_verde,CAMPAIGN_02,108.000000000,110.000000000,2.000000000,0.313076165,0.000000000,0.000000000
QV-C02-003-A0056,QV-C02-003,DS00,quebrada_verde,CAMPAIGN_02,110.000000000,112.000000000,2.000000000,0.323338051,0.000000000,0.000000000
QV-C02-003-A0057,QV-C02-003,DS00,quebrada_verde,CAMPAIGN_02,112.000000000,114.000000000,2.000000000,0.333389325,0.000000000,0.000000000
QV-C02-003-A0058,QV-C02-003,DS00,quebrada_verde,CAMPAIGN_02,114.000000000,116.000000000,2.000000000,0.337551851,0.000000000,0.000000000
QV-C02-003-A0059,QV-C02-003,DS00,quebrada_verde,CAMPAIGN_02,116.000000000,118.000000000,2.000000000,0.331958466,0.000000000,0.000000000
QV-C02-003-A0060,QV-C02-003,DS00,quebrada_verde,CAMPAIGN_02,118.000000000,120.000000000,2.000000000,0.319429832,0.000000000,0.000000000
QV-C02-003-A0061,QV-C02-003,DS00,quebrada_verde,CAMPAIGN_02,120.000000000,122.000000000,2.000000000,0.308608102,0.000000000,0.000000000
QV-C02-003-A0062,QV-C02-003,DS00,quebrada_verde,CAMPAIGN_02,122.000000000,124.000000000,2.000000000,0.337770480,0.000000000,0.000000000
QV-C02-003-A0063,QV-C02-003,DS00,quebrada_verde,CAMPAIGN_02,124.000000000,126.000000000,2.000000000,0.351589338,0.000000000,0.000000000
QV-C02-003-A0064,QV-C02-003,DS00,quebrada_verde,CAMPAIGN_02,126.000000000,128.000000000,2.000000000,0.333519493,0.000000000,0.000000000
QV-C02-003-A0065,QV-C02-003,DS00,quebrada_verde,CAMPAIGN_02,128.000000000,130.000000000,2.000000000,0.393973430,0.000000000,0.000000000
QV-C02-003-A0066,QV-C02-003,DS00,quebrada_verde,CAMPAIGN_02,130.000000000,132.000000000,2.000000000,0.355582801,0.000000000,0.000000000
QV-C02-003-A0067,QV-C02-003,DS00,quebrada_verde,CAMPAIGN_02,132.000000000,134.000000000,2.000000000,0.390409377,0.000000000,0.000000000
QV-C02-003-A0068,QV-C02-003,DS00,quebrada_verde,CAMPAIGN_02,134.000000000,136.000000000,2.000000000,0.392714170,0.000000000,0.000000000
QV-C02-003-A0069,QV-C02-003,DS00,quebrada_verde,CAMPAIGN_02,136.000000000,138.000000000,2.000000000,0.381109644,0.000000000,0.000000000
QV-C02-003-A0070,QV-C02-003,DS00,quebrada_verde,CAMPAIGN_02,138.000000000,140.000000000,2.000000000,0.430087682,0.000000000,0.000000000
QV-C02-003-A0071,QV-C02-003,DS00,quebrada_verde,CAMPAIGN_02,140.000000000,142.000000000,2.000000000,0.422246270,0.000000000,0.000000000
QV-C02-003-A0072,QV-C02-003,DS00,quebrada_verde,CAMPAIGN_02,142.000000000,144.000000000,2.000000000,0.413800930,0.000000000,0.000000000
QV-C02-003-A0073,QV-C02-003,DS00,quebrada_verde,CAMPAIGN_02,144.000000000,146.000000000,2.000000000,0.435242993,0.000000000,0.000000000
QV-C02-003-A0074,QV-C02-003,DS00,quebrada_verde,CAMPAIGN_02,146.000000000,148.000000000,2.000000000,0.446732440,0.000000000,0.000000000
QV-C02-003-A0075,QV-C02-003,DS00,quebrada_verde,CAMPAIGN_02,148.000000000,150.000000000,2.000000000,0.457317295,0.000000000,0.000000000
QV-C02-003-A0076,QV-C02-003,DS00,quebrada_verde,CAMPAIGN_02,150.000000000,152.000000000,2.000000000,0.520523385,0.000000000,0.000000000
QV-C02-003-A0077,QV-C02-003,DS00,quebrada_verde,CAMPAIGN_02,152.000000000,154.000000000,2.000000000,0.438876956,0.000000000,0.000000000
QV-C02-003-A0078,QV-C02-003,DS00,quebrada_verde,CAMPAIGN_02,154.000000000,156.000000000,2.000000000,0.506493615,0.000000000,0.000000000
QV-C02-003-A0079,QV-C02-003,DS00,quebrada_verde,CAMPAIGN_02,156.000000000,158.000000000,2.000000000,0.501158454,0.000000000,0.000000000
QV-C02-003-A0080,QV-C02-003,DS00,quebrada_verde,CAMPAIGN_02,158.000000000,160.000000000,2.000000000,0.496533927,0.000000000,0.000000000
QV-C02-003-A0081,QV-C02-003,DS00,quebrada_verde,CAMPAIGN_02,160.000000000,162.000000000,2.000000000,0.510349018,0.000000000,0.000000000
QV-C02-003-A0082,QV-C02-003,DS00,quebrada_verde,CAMPAIGN_02,162.000000000,164.000000000,2.000000000,0.534491051,0.000000000,0.000000000
QV-C02-003-A0083,QV-C02-003,DS00,quebrada_verde,CAMPAIGN_02,164.000000000,166.000000000,2.000000000,0.503274933,0.000000000,0.000000000
QV-C02-003-A0084,QV-C02-003,DS00,quebrada_verde,CAMPAIGN_02,166.000000000,168.000000000,2.000000000,0.462534389,0.000000000,0.000000000
QV-C02-003-A0085,QV-C02-003,DS00,quebrada_verde,CAMPAIGN_02,168.000000000,170.000000000,2.000000000,0.545692980,0.000000000,0.000000000
QV-C02-003-A0086,QV-C02-003,DS00,quebrada_verde,CAMPAIGN_02,170.000000000,172.000000000,2.000000000,0.541080201,0.000000000,0.000000000
QV-C02-003-A0087,QV-C02-003,DS00,quebrada_verde,CAMPAIGN_02,172.000000000,174.000000000,2.000000000,0.530383419,0.000000000,0.000000000
QV-C02-003-A0088,QV-C02-003,DS00,quebrada_verde,CAMPAIGN_02,174.000000000,176.000000000,2.000000000,0.534395797,0.000000000,0.000000000
QV-C02-003-A0089,QV-C02-003,DS00,quebrada_verde,CAMPAIGN_02,176.000000000,178.000000000,2.000000000,0.586140233,0.000000000,0.000000000
QV-C02-003-A0090,QV-C02-003,DS00,quebrada_verde,CAMPAIGN_02,178.000000000,180.000000000,2.000000000,0.533911950,0.000000000,0.000000000
QV-C02-003-A0091,QV-C02-003,DS00,quebrada_verde,CAMPAIGN_02,180.000000000,182.000000000,2.000000000,0.594535390,0.000000000,0.000000000
QV-C02-003-A0092,QV-C02-003,DS00,quebrada_verde,CAMPAIGN_02,182.000000000,184.000000000,2.000000000,0.585405157,0.000000000,0.000000000
QV-C02-003-A0093,QV-C02-003,DS00,quebrada_verde,CAMPAIGN_02,184.000000000,186.000000000,2.000000000,0.599614567,0.000000000,0.000000000
QV-C02-003-A0094,QV-C02-003,DS00,quebrada_verde,CAMPAIGN_02,186.000000000,188.000000000,2.000000000,0.616383581,0.000000000,0.000000000
QV-C02-003-A0095,QV-C02-003,DS00,quebrada_verde,CAMPAIGN_02,188.000000000,190.000000000,2.000000000,0.613559813,0.000000000,0.000000000
QV-C02-003-A0096,QV-C02-003,DS00,quebrada_verde,CAMPAIGN_02,190.000000000,192.000000000,2.000000000,0.582912898,0.000000000,0.000000000
QV-C02-003-A0097,QV-C02-003,DS00,quebrada_verde,CAMPAIGN_02,192.000000000,194.000000000,2.000000000,0.615964274,0.000000000,0.000000000
QV-C02-003-A0098,QV-C02-003,DS00,quebrada_verde,CAMPAIGN_02,194.000000000,196.000000000,2.000000000,0.590818223,0.000000000,0.000000000
QV-C02-003-A0099,QV-C02-003,DS00,quebrada_verde,CAMPAIGN_02,196.000000000,198.000000000,2.000000000,0.638272873,0.000000000,0.000000000
QV-C02-003-A0100,QV-C02-003,DS00,quebrada_verde,CAMPAIGN_02,198.000000000,200.000000000,2.000000000,0.626902949,0.000000000,0.000000000
QV-C02-003-A0101,QV-C02-003,DS00,quebrada_verde,CAMPAIGN_02,200.000000000,202.000000000,2.000000000,0.609110473,0.000000000,0.000000000
QV-C02-003-A0102,QV-C02-003,DS00,quebrada_verde,CAMPAIGN_02,202.000000000,204.000000000,2.000000000,0.601826145,0.000000000,0.000000000
QV-C02-003-A0103,QV-C02-003,DS00,quebrada_verde,CAMPAIGN_02,204.000000000,206.000000000,2.000000000,0.660882076,0.000000000,0.000000000
QV-C02-003-A0104,QV-C02-003,DS00,quebrada_verde,CAMPAIGN_02,206.000000000,208.000000000,2.000000000,0.599249778,0.000000000,0.000000000
QV-C02-003-A0105,QV-C02-003,DS00,quebrada_verde,CAMPAIGN_02,208.000000000,210.000000000,2.000000000,0.649537185,0.000000000,0.000000000
QV-C02-003-A0106,QV-C02-003,DS00,quebrada_verde,CAMPAIGN_02,210.000000000,212.000000000,2.000000000,0.650592215,0.000000000,0.000000000
QV-C02-003-A0107,QV-C02-003,DS00,quebrada_verde,CAMPAIGN_02,212.000000000,214.000000000,2.000000000,0.673338908,0.000000000,0.000000000
QV-C02-003-A0108,QV-C02-003,DS00,quebrada_verde,CAMPAIGN_02,214.000000000,216.000000000,2.000000000,0.650991533,0.000000000,0.000000000
QV-C02-003-A0109,QV-C02-003,DS00,quebrada_verde,CAMPAIGN_02,216.000000000,218.000000000,2.000000000,0.675930465,0.000000000,0.000000000
QV-C02-003-A0110,QV-C02-003,DS00,quebrada_verde,CAMPAIGN_02,218.000000000,220.000000000,2.000000000,0.652937847,0.000000000,0.000000000
QV-C02-003-A0111,QV-C02-003,DS00,quebrada_verde,CAMPAIGN_02,220.000000000,222.000000000,2.000000000,0.650007958,0.000000000,0.000000000
QV-C02-003-A0112,QV-C02-003,DS00,quebrada_verde,CAMPAIGN_02,222.000000000,224.000000000,2.000000000,0.688124038,0.000000000,0.000000000
QV-C02-003-A0113,QV-C02-003,DS00,quebrada_verde,CAMPAIGN_02,224.000000000,226.000000000,2.000000000,0.687767324,0.000000000,0.000000000
QV-C02-003-A0114,QV-C02-003,DS00,quebrada_verde,CAMPAIGN_02,226.000000000,228.000000000,2.000000000,0.687954553,0.000000000,0.000000000
QV-C02-003-A0115,QV-C02-003,DS00,quebrada_verde,CAMPAIGN_02,228.000000000,230.000000000,2.000000000,0.723957883,0.000000000,0.000000000
QV-C02-003-A0116,QV-C02-003,DS00,quebrada_verde,CAMPAIGN_02,230.000000000,232.000000000,2.000000000,0.695124359,0.000000000,0.000000000
QV-C02-003-A0117,QV-C02-003,DS00,quebrada_verde,CAMPAIGN_02,232.000000000,234.000000000,2.000000000,0.665862114,0.000000000,0.000000000
QV-C02-003-A0118,QV-C02-003,DS00,quebrada_verde,CAMPAIGN_02,234.000000000,236.000000000,2.000000000,0.749268783,0.000000000,0.000000000
QV-C02-003-A0119,QV-C02-003,DS00,quebrada_verde,CAMPAIGN_02,236.000000000,238.000000000,2.000000000,0.672207141,0.000000000,0.000000000
QV-C02-003-A0120,QV-C02-003,DS00,quebrada_verde,CAMPAIGN_02,238.000000000,240.000000000,2.000000000,0.706954720,0.000000000,0.000000000
QV-C02-003-A0121,QV-C02-003,DS00,quebrada_verde,CAMPAIGN_02,240.000000000,242.000000000,2.000000000,0.669142620,0.000000000,0.000000000
QV-C02-003-A0122,QV-C02-003,DS00,quebrada_verde,CAMPAIGN_02,242.000000000,244.000000000,2.000000000,0.654427718,0.000000000,0.000000000
QV-C02-003-A0123,QV-C02-003,DS00,quebrada_verde,CAMPAIGN_02,244.000000000,246.000000000,2.000000000,0.730333702,0.000000000,0.000000000
QV-C02-003-A0124,QV-C02-003,DS00,quebrada_verde,CAMPAIGN_02,246.000000000,248.000000000,2.000000000,0.656749876,0.000000000,0.000000000
QV-C02-003-A0125,QV-C02-003,DS00,quebrada_verde,CAMPAIGN_02,248.000000000,250.000000000,2.000000000,0.670929484,0.000000000,0.000000000
QV-C02-003-A0126,QV-C02-003,DS00,quebrada_verde,CAMPAIGN_02,250.000000000,252.000000000,2.000000000,0.706893692,0.000000000,0.000000000
QV-C02-003-A0127,QV-C02-003,DS00,quebrada_verde,CAMPAIGN_02,252.000000000,254.000000000,2.000000000,0.723190714,0.000000000,0.000000000
QV-C02-003-A0128,QV-C02-003,DS00,quebrada_verde,CAMPAIGN_02,254.000000000,256.000000000,2.000000000,0.643782661,0.000000000,0.000000000
QV-C02-003-A0129,QV-C02-003,DS00,quebrada_verde,CAMPAIGN_02,256.000000000,258.000000000,2.000000000,0.707836233,0.000000000,0.000000000
QV-C02-003-A0130,QV-C02-003,DS00,quebrada_verde,CAMPAIGN_02,258.000000000,260.000000000,2.000000000,0.725364563,0.000000000,0.000000000
QV-C02-003-A0131,QV-C02-003,DS00,quebrada_verde,CAMPAIGN_02,260.000000000,262.000000000,2.000000000,0.714595076,0.000000000,0.000000000
QV-C02-003-A0132,QV-C02-003,DS00,quebrada_verde,CAMPAIGN_02,262.000000000,264.000000000,2.000000000,0.680099283,0.000000000,0.000000000
QV-C02-003-A0133,QV-C02-003,DS00,quebrada_verde,CAMPAIGN_02,264.000000000,266.000000000,2.000000000,0.702126266,0.000000000,0.000000000
QV-C02-003-A0134,QV-C02-003,DS00,quebrada_verde,CAMPAIGN_02,266.000000000,268.000000000,2.000000000,0.680691255,0.000000000,0.000000000
QV-C02-003-A0135,QV-C02-003,DS00,quebrada_verde,CAMPAIGN_02,268.000000000,270.000000000,2.000000000,0.699238143,0.000000000,0.000000000
QV-C02-003-A0136,QV-C02-003,DS00,quebrada_verde,CAMPAIGN_02,270.000000000,272.000000000,2.000000000,0.692896329,0.000000000,0.000000000
QV-C02-003-A0137,QV-C02-003,DS00,quebrada_verde,CAMPAIGN_02,272.000000000,274.000000000,2.000000000,0.684324532,0.000000000,0.000000000
QV-C02-003-A0138,QV-C02-003,DS00,quebrada_verde,CAMPAIGN_02,274.000000000,276.000000000,2.000000000,0.692168066,0.000000000,0.000000000
QV-C02-003-A0139,QV-C02-003,DS00,quebrada_verde,CAMPAIGN_02,276.000000000,278.000000000,2.000000000,0.666709140,0.000000000,0.000000000
QV-C02-003-A0140,QV-C02-003,DS00,quebrada_verde,CAMPAIGN_02,278.000000000,280.000000000,2.000000000,0.706002020,0.000000000,0.000000000
QV-C02-003-A0141,QV-C02-003,DS00,quebrada_verde,CAMPAIGN_02,280.000000000,282.000000000,2.000000000,0.706344002,0.000000000,0.000000000
QV-C02-003-A0142,QV-C02-003,DS00,quebrada_verde,CAMPAIGN_02,282.000000000,284.000000000,2.000000000,0.643473488,0.000000000,0.000000000
QV-C02-003-A0143,QV-C02-003,DS00,quebrada_verde,CAMPAIGN_02,284.000000000,286.000000000,2.000000000,0.699771814,0.000000000,0.000000000
QV-C02-003-A0144,QV-C02-003,DS00,quebrada_verde,CAMPAIGN_02,286.000000000,288.000000000,2.000000000,0.672023172,0.000000000,0.000000000
QV-C02-003-A0145,QV-C02-003,DS00,quebrada_verde,CAMPAIGN_02,288.000000000,290.000000000,2.000000000,0.662182587,0.000000000,0.000000000
QV-C02-003-A0146,QV-C02-003,DS00,quebrada_verde,CAMPAIGN_02,290.000000000,292.000000000,2.000000000,0.705637898,0.000000000,0.000000000
QV-C02-003-A0147,QV-C02-003,DS00,quebrada_verde,CAMPAIGN_02,292.000000000,294.000000000,2.000000000,0.634679792,0.000000000,0.000000000
QV-C02-003-A0148,QV-C02-003,DS00,quebrada_verde,CAMPAIGN_02,294.000000000,296.000000000,2.000000000,0.707126968,0.000000000,0.000000000
QV-C02-003-A0149,QV-C02-003,DS00,quebrada_verde,CAMPAIGN_02,296.000000000,298.000000000,2.000000000,0.667859875,0.000000000,0.000000000
QV-C02-003-A0150,QV-C02-003,DS00,quebrada_verde,CAMPAIGN_02,298.000000000,300.000000000,2.000000000,0.663176929,0.000000000,0.000000000
QV-C02-003-A0151,QV-C02-003,DS00,quebrada_verde,CAMPAIGN_02,300.000000000,301.062083955,1.062083955,0.665083206,0.000000000,0.000000000
QV-C02-004-A0001,QV-C02-004,DS00,quebrada_verde,CAMPAIGN_02,0.000000000,2.000000000,2.000000000,0.021241149,0.000000000,0.000000000
QV-C02-004-A0002,QV-C02-004,DS00,quebrada_verde,CAMPAIGN_02,2.000000000,4.000000000,2.000000000,0.023116450,0.000000000,0.000000000
QV-C02-004-A0003,QV-C02-004,DS00,quebrada_verde,CAMPAIGN_02,4.000000000,6.000000000,2.000000000,0.020401875,0.000000000,0.000000000
QV-C02-004-A0004,QV-C02-004,DS00,quebrada_verde,CAMPAIGN_02,6.000000000,8.000000000,2.000000000,0.022485411,0.000000000,0.000000000
QV-C02-004-A0005,QV-C02-004,DS00,quebrada_verde,CAMPAIGN_02,8.000000000,10.000000000,2.000000000,0.020126313,0.000000000,0.000000000
QV-C02-004-A0006,QV-C02-004,DS00,quebrada_verde,CAMPAIGN_02,10.000000000,12.000000000,2.000000000,0.024366498,0.000000000,0.000000000
QV-C02-004-A0007,QV-C02-004,DS00,quebrada_verde,CAMPAIGN_02,12.000000000,14.000000000,2.000000000,0.027972973,0.000000000,0.000000000
QV-C02-004-A0008,QV-C02-004,DS00,quebrada_verde,CAMPAIGN_02,14.000000000,16.000000000,2.000000000,0.025745094,0.000000000,0.000000000
QV-C02-004-A0009,QV-C02-004,DS00,quebrada_verde,CAMPAIGN_02,16.000000000,18.000000000,2.000000000,0.024255124,0.000000000,0.000000000
QV-C02-004-A0010,QV-C02-004,DS00,quebrada_verde,CAMPAIGN_02,18.000000000,20.000000000,2.000000000,0.021666494,0.000000000,0.000000000
QV-C02-004-A0011,QV-C02-004,DS00,quebrada_verde,CAMPAIGN_02,20.000000000,22.000000000,2.000000000,0.023904143,0.000000000,0.000000000
QV-C02-004-A0012,QV-C02-004,DS00,quebrada_verde,CAMPAIGN_02,22.000000000,24.000000000,2.000000000,0.021155358,0.000000000,0.000000000
QV-C02-004-A0013,QV-C02-004,DS00,quebrada_verde,CAMPAIGN_02,24.000000000,26.000000000,2.000000000,0.025012255,0.000000000,0.000000000
QV-C02-004-A0014,QV-C02-004,DS00,quebrada_verde,CAMPAIGN_02,26.000000000,28.000000000,2.000000000,0.027666490,0.000000000,0.000000000
QV-C02-004-A0015,QV-C02-004,DS00,quebrada_verde,CAMPAIGN_02,28.000000000,30.000000000,2.000000000,0.026012191,0.000000000,0.000000000
QV-C02-004-A0016,QV-C02-004,DS00,quebrada_verde,CAMPAIGN_02,30.000000000,32.000000000,2.000000000,0.025911926,0.000000000,0.000000000
QV-C02-004-A0017,QV-C02-004,DS00,quebrada_verde,CAMPAIGN_02,32.000000000,34.000000000,2.000000000,0.028143585,0.000000000,0.000000000
QV-C02-004-A0018,QV-C02-004,DS00,quebrada_verde,CAMPAIGN_02,34.000000000,36.000000000,2.000000000,0.028965946,0.000000000,0.000000000
QV-C02-004-A0019,QV-C02-004,DS00,quebrada_verde,CAMPAIGN_02,36.000000000,38.000000000,2.000000000,0.028502123,0.000000000,0.000000000
QV-C02-004-A0020,QV-C02-004,DS00,quebrada_verde,CAMPAIGN_02,38.000000000,40.000000000,2.000000000,0.027265477,0.000000000,0.000000000
QV-C02-004-A0021,QV-C02-004,DS00,quebrada_verde,CAMPAIGN_02,40.000000000,42.000000000,2.000000000,0.025347263,0.000000000,0.000000000
QV-C02-004-A0022,QV-C02-004,DS00,quebrada_verde,CAMPAIGN_02,42.000000000,44.000000000,2.000000000,0.029424393,0.000000000,0.000000000
QV-C02-004-A0023,QV-C02-004,DS00,quebrada_verde,CAMPAIGN_02,44.000000000,46.000000000,2.000000000,0.030102602,0.000000000,0.000000000
QV-C02-004-A0024,QV-C02-004,DS00,quebrada_verde,CAMPAIGN_02,46.000000000,48.000000000,2.000000000,0.031426008,0.000000000,0.000000000
QV-C02-004-A0025,QV-C02-004,DS00,quebrada_verde,CAMPAIGN_02,48.000000000,50.000000000,2.000000000,0.032329156,0.000000000,0.000000000
QV-C02-004-A0026,QV-C02-004,DS00,quebrada_verde,CAMPAIGN_02,50.000000000,52.000000000,2.000000000,0.026808069,0.000000000,0.000000000
QV-C02-004-A0027,QV-C02-004,DS00,quebrada_verde,CAMPAIGN_02,52.000000000,54.000000000,2.000000000,0.033878770,0.000000000,0.000000000
QV-C02-004-A0028,QV-C02-004,DS00,quebrada_verde,CAMPAIGN_02,54.000000000,56.000000000,2.000000000,0.028471828,0.000000000,0.000000000
QV-C02-004-A0029,QV-C02-004,DS00,quebrada_verde,CAMPAIGN_02,56.000000000,58.000000000,2.000000000,0.031254805,0.000000000,0.000000000
QV-C02-004-A0030,QV-C02-004,DS00,quebrada_verde,CAMPAIGN_02,58.000000000,60.000000000,2.000000000,0.030132664,0.000000000,0.000000000
QV-C02-004-A0031,QV-C02-004,DS00,quebrada_verde,CAMPAIGN_02,60.000000000,62.000000000,2.000000000,0.031943500,0.000000000,0.000000000
QV-C02-004-A0032,QV-C02-004,DS00,quebrada_verde,CAMPAIGN_02,62.000000000,64.000000000,2.000000000,0.034804104,0.000000000,0.000000000
QV-C02-004-A0033,QV-C02-004,DS00,quebrada_verde,CAMPAIGN_02,64.000000000,66.000000000,2.000000000,0.035164928,0.000000000,0.000000000
QV-C02-004-A0034,QV-C02-004,DS00,quebrada_verde,CAMPAIGN_02,66.000000000,68.000000000,2.000000000,0.033199464,0.000000000,0.000000000
QV-C02-004-A0035,QV-C02-004,DS00,quebrada_verde,CAMPAIGN_02,68.000000000,70.000000000,2.000000000,0.030493691,0.000000000,0.000000000
QV-C02-004-A0036,QV-C02-004,DS00,quebrada_verde,CAMPAIGN_02,70.000000000,72.000000000,2.000000000,0.035855527,0.000000000,0.000000000
QV-C02-004-A0037,QV-C02-004,DS00,quebrada_verde,CAMPAIGN_02,72.000000000,74.000000000,2.000000000,0.036859776,0.000000000,0.000000000
QV-C02-004-A0038,QV-C02-004,DS00,quebrada_verde,CAMPAIGN_02,74.000000000,76.000000000,2.000000000,0.037400660,0.000000000,0.000000000
QV-C02-004-A0039,QV-C02-004,DS00,quebrada_verde,CAMPAIGN_02,76.000000000,78.000000000,2.000000000,0.040753450,0.000000000,0.000000000
QV-C02-004-A0040,QV-C02-004,DS00,quebrada_verde,CAMPAIGN_02,78.000000000,80.000000000,2.000000000,0.036776975,0.000000000,0.000000000
QV-C02-004-A0041,QV-C02-004,DS00,quebrada_verde,CAMPAIGN_02,80.000000000,82.000000000,2.000000000,0.042668617,0.000000000,0.000000000
QV-C02-004-A0042,QV-C02-004,DS00,quebrada_verde,CAMPAIGN_02,82.000000000,84.000000000,2.000000000,0.039109666,0.000000000,0.000000000
QV-C02-004-A0043,QV-C02-004,DS00,quebrada_verde,CAMPAIGN_02,84.000000000,86.000000000,2.000000000,0.037136808,0.000000000,0.000000000
QV-C02-004-A0044,QV-C02-004,DS00,quebrada_verde,CAMPAIGN_02,86.000000000,88.000000000,2.000000000,0.043741521,0.000000000,0.000000000
QV-C02-004-A0045,QV-C02-004,DS00,quebrada_verde,CAMPAIGN_02,88.000000000,90.000000000,2.000000000,0.045824386,0.000000000,0.000000000
QV-C02-004-A0046,QV-C02-004,DS00,quebrada_verde,CAMPAIGN_02,90.000000000,92.000000000,2.000000000,0.046510778,0.000000000,0.000000000
QV-C02-004-A0047,QV-C02-004,DS00,quebrada_verde,CAMPAIGN_02,92.000000000,94.000000000,2.000000000,0.047805610,0.000000000,0.000000000
QV-C02-004-A0048,QV-C02-004,DS00,quebrada_verde,CAMPAIGN_02,94.000000000,96.000000000,2.000000000,0.046428769,0.000000000,0.000000000
QV-C02-004-A0049,QV-C02-004,DS00,quebrada_verde,CAMPAIGN_02,96.000000000,98.000000000,2.000000000,0.050688123,0.000000000,0.000000000
QV-C02-004-A0050,QV-C02-004,DS00,quebrada_verde,CAMPAIGN_02,98.000000000,100.000000000,2.000000000,0.051316396,0.000000000,0.000000000
QV-C02-004-A0051,QV-C02-004,DS00,quebrada_verde,CAMPAIGN_02,100.000000000,102.000000000,2.000000000,0.051651951,0.000000000,0.000000000
QV-C02-004-A0052,QV-C02-004,DS00,quebrada_verde,CAMPAIGN_02,102.000000000,104.000000000,2.000000000,0.053136486,0.000000000,0.000000000
QV-C02-004-A0053,QV-C02-004,DS00,quebrada_verde,CAMPAIGN_02,104.000000000,106.000000000,2.000000000,0.057240786,0.000000000,0.000000000
QV-C02-004-A0054,QV-C02-004,DS00,quebrada_verde,CAMPAIGN_02,106.000000000,108.000000000,2.000000000,0.056497125,0.000000000,0.000000000
QV-C02-004-A0055,QV-C02-004,DS00,quebrada_verde,CAMPAIGN_02,108.000000000,110.000000000,2.000000000,0.051633313,0.000000000,0.000000000
QV-C02-004-A0056,QV-C02-004,DS00,quebrada_verde,CAMPAIGN_02,110.000000000,112.000000000,2.000000000,0.057421100,0.000000000,0.000000000
QV-C02-004-A0057,QV-C02-004,DS00,quebrada_verde,CAMPAIGN_02,112.000000000,114.000000000,2.000000000,0.061227342,0.000000000,0.000000000
QV-C02-004-A0058,QV-C02-004,DS00,quebrada_verde,CAMPAIGN_02,114.000000000,116.000000000,2.000000000,0.057558435,0.000000000,0.000000000
QV-C02-004-A0059,QV-C02-004,DS00,quebrada_verde,CAMPAIGN_02,116.000000000,118.000000000,2.000000000,0.059719324,0.000000000,0.000000000
QV-C02-004-A0060,QV-C02-004,DS00,quebrada_verde,CAMPAIGN_02,118.000000000,120.000000000,2.000000000,0.067579286,0.000000000,0.000000000
QV-C02-004-A0061,QV-C02-004,DS00,quebrada_verde,CAMPAIGN_02,120.000000000,122.000000000,2.000000000,0.068503579,0.000000000,0.000000000
QV-C02-004-A0062,QV-C02-004,DS00,quebrada_verde,CAMPAIGN_02,122.000000000,124.000000000,2.000000000,0.071297379,0.000000000,0.000000000
QV-C02-004-A0063,QV-C02-004,DS00,quebrada_verde,CAMPAIGN_02,124.000000000,126.000000000,2.000000000,0.071288924,0.000000000,0.000000000
QV-C02-004-A0064,QV-C02-004,DS00,quebrada_verde,CAMPAIGN_02,126.000000000,128.000000000,2.000000000,0.073816504,0.000000000,0.000000000
QV-C02-004-A0065,QV-C02-004,DS00,quebrada_verde,CAMPAIGN_02,128.000000000,130.000000000,2.000000000,0.073583702,0.000000000,0.000000000
QV-C02-004-A0066,QV-C02-004,DS00,quebrada_verde,CAMPAIGN_02,130.000000000,132.000000000,2.000000000,0.081612959,0.000000000,0.000000000
QV-C02-004-A0067,QV-C02-004,DS00,quebrada_verde,CAMPAIGN_02,132.000000000,134.000000000,2.000000000,0.084801307,0.000000000,0.000000000
QV-C02-004-A0068,QV-C02-004,DS00,quebrada_verde,CAMPAIGN_02,134.000000000,136.000000000,2.000000000,0.087888781,0.000000000,0.000000000
QV-C02-004-A0069,QV-C02-004,DS00,quebrada_verde,CAMPAIGN_02,136.000000000,138.000000000,2.000000000,0.092849288,0.000000000,0.000000000
QV-C02-004-A0070,QV-C02-004,DS00,quebrada_verde,CAMPAIGN_02,138.000000000,140.000000000,2.000000000,0.092836716,0.000000000,0.000000000
QV-C02-004-A0071,QV-C02-004,DS00,quebrada_verde,CAMPAIGN_02,140.000000000,142.000000000,2.000000000,0.094705359,0.000000000,0.000000000
QV-C02-004-A0072,QV-C02-004,DS00,quebrada_verde,CAMPAIGN_02,142.000000000,144.000000000,2.000000000,0.090048542,0.000000000,0.000000000
QV-C02-004-A0073,QV-C02-004,DS00,quebrada_verde,CAMPAIGN_02,144.000000000,146.000000000,2.000000000,0.101156160,0.000000000,0.000000000
QV-C02-004-A0074,QV-C02-004,DS00,quebrada_verde,CAMPAIGN_02,146.000000000,148.000000000,2.000000000,0.102245605,0.000000000,0.000000000
QV-C02-004-A0075,QV-C02-004,DS00,quebrada_verde,CAMPAIGN_02,148.000000000,150.000000000,2.000000000,0.104139386,0.000000000,0.000000000
QV-C02-004-A0076,QV-C02-004,DS00,quebrada_verde,CAMPAIGN_02,150.000000000,152.000000000,2.000000000,0.103219103,0.000000000,0.000000000
QV-C02-004-A0077,QV-C02-004,DS00,quebrada_verde,CAMPAIGN_02,152.000000000,154.000000000,2.000000000,0.104036638,0.000000000,0.000000000
QV-C02-004-A0078,QV-C02-004,DS00,quebrada_verde,CAMPAIGN_02,154.000000000,156.000000000,2.000000000,0.121530277,0.000000000,0.000000000
QV-C02-004-A0079,QV-C02-004,DS00,quebrada_verde,CAMPAIGN_02,156.000000000,158.000000000,2.000000000,0.118982911,0.000000000,0.000000000
QV-C02-004-A0080,QV-C02-004,DS00,quebrada_verde,CAMPAIGN_02,158.000000000,160.000000000,2.000000000,0.110782475,0.000000000,0.000000000
QV-C02-004-A0081,QV-C02-004,DS00,quebrada_verde,CAMPAIGN_02,160.000000000,162.000000000,2.000000000,0.117186830,0.000000000,0.000000000
QV-C02-004-A0082,QV-C02-004,DS00,quebrada_verde,CAMPAIGN_02,162.000000000,164.000000000,2.000000000,0.123850254,0.000000000,0.000000000
QV-C02-004-A0083,QV-C02-004,DS00,quebrada_verde,CAMPAIGN_02,164.000000000,166.000000000,2.000000000,0.129725749,0.000000000,0.000000000
QV-C02-004-A0084,QV-C02-004,DS00,quebrada_verde,CAMPAIGN_02,166.000000000,168.000000000,2.000000000,0.125461369,0.000000000,0.000000000
QV-C02-004-A0085,QV-C02-004,DS00,quebrada_verde,CAMPAIGN_02,168.000000000,170.000000000,2.000000000,0.134756639,0.000000000,0.000000000
QV-C02-004-A0086,QV-C02-004,DS00,quebrada_verde,CAMPAIGN_02,170.000000000,172.000000000,2.000000000,0.133071716,0.000000000,0.000000000
QV-C02-004-A0087,QV-C02-004,DS00,quebrada_verde,CAMPAIGN_02,172.000000000,174.000000000,2.000000000,0.137627645,0.000000000,0.000000000
QV-C02-004-A0088,QV-C02-004,DS00,quebrada_verde,CAMPAIGN_02,174.000000000,176.000000000,2.000000000,0.148140317,0.000000000,0.000000000
QV-C02-004-A0089,QV-C02-004,DS00,quebrada_verde,CAMPAIGN_02,176.000000000,178.000000000,2.000000000,0.150370390,0.000000000,0.000000000
QV-C02-004-A0090,QV-C02-004,DS00,quebrada_verde,CAMPAIGN_02,178.000000000,180.000000000,2.000000000,0.147141872,0.000000000,0.000000000
QV-C02-004-A0091,QV-C02-004,DS00,quebrada_verde,CAMPAIGN_02,180.000000000,182.000000000,2.000000000,0.171212130,0.000000000,0.000000000
QV-C02-004-A0092,QV-C02-004,DS00,quebrada_verde,CAMPAIGN_02,182.000000000,184.000000000,2.000000000,0.164711444,0.000000000,0.000000000
QV-C02-004-A0093,QV-C02-004,DS00,quebrada_verde,CAMPAIGN_02,184.000000000,186.000000000,2.000000000,0.163230842,0.000000000,0.000000000
QV-C02-004-A0094,QV-C02-004,DS00,quebrada_verde,CAMPAIGN_02,186.000000000,188.000000000,2.000000000,0.175843524,0.000000000,0.000000000
QV-C02-004-A0095,QV-C02-004,DS00,quebrada_verde,CAMPAIGN_02,188.000000000,190.000000000,2.000000000,0.187117275,0.000000000,0.000000000
QV-C02-004-A0096,QV-C02-004,DS00,quebrada_verde,CAMPAIGN_02,190.000000000,192.000000000,2.000000000,0.178201041,0.000000000,0.000000000
QV-C02-004-A0097,QV-C02-004,DS00,quebrada_verde,CAMPAIGN_02,192.000000000,194.000000000,2.000000000,0.198910978,0.000000000,0.000000000
QV-C02-004-A0098,QV-C02-004,DS00,quebrada_verde,CAMPAIGN_02,194.000000000,196.000000000,2.000000000,0.180385567,0.000000000,0.000000000
QV-C02-004-A0099,QV-C02-004,DS00,quebrada_verde,CAMPAIGN_02,196.000000000,198.000000000,2.000000000,0.194708861,0.000000000,0.000000000
QV-C02-004-A0100,QV-C02-004,DS00,quebrada_verde,CAMPAIGN_02,198.000000000,200.000000000,2.000000000,0.202434021,0.000000000,0.000000000
QV-C02-004-A0101,QV-C02-004,DS00,quebrada_verde,CAMPAIGN_02,200.000000000,202.000000000,2.000000000,0.205589177,0.000000000,0.000000000
QV-C02-004-A0102,QV-C02-004,DS00,quebrada_verde,CAMPAIGN_02,202.000000000,204.000000000,2.000000000,0.202266821,0.000000000,0.000000000
QV-C02-004-A0103,QV-C02-004,DS00,quebrada_verde,CAMPAIGN_02,204.000000000,206.000000000,2.000000000,0.204273688,0.000000000,0.000000000
QV-C02-004-A0104,QV-C02-004,DS00,quebrada_verde,CAMPAIGN_02,206.000000000,208.000000000,2.000000000,0.236940134,0.000000000,0.000000000
QV-C02-004-A0105,QV-C02-004,DS00,quebrada_verde,CAMPAIGN_02,208.000000000,210.000000000,2.000000000,0.217526796,0.000000000,0.000000000
QV-C02-004-A0106,QV-C02-004,DS00,quebrada_verde,CAMPAIGN_02,210.000000000,212.000000000,2.000000000,0.230998228,0.000000000,0.000000000
QV-C02-004-A0107,QV-C02-004,DS00,quebrada_verde,CAMPAIGN_02,212.000000000,214.000000000,2.000000000,0.233566291,0.000000000,0.000000000
QV-C02-004-A0108,QV-C02-004,DS00,quebrada_verde,CAMPAIGN_02,214.000000000,216.000000000,2.000000000,0.231271613,0.000000000,0.000000000
QV-C02-004-A0109,QV-C02-004,DS00,quebrada_verde,CAMPAIGN_02,216.000000000,218.000000000,2.000000000,0.258142523,0.000000000,0.000000000
QV-C02-004-A0110,QV-C02-004,DS00,quebrada_verde,CAMPAIGN_02,218.000000000,220.000000000,2.000000000,0.249453446,0.000000000,0.000000000
QV-C02-004-A0111,QV-C02-004,DS00,quebrada_verde,CAMPAIGN_02,220.000000000,222.000000000,2.000000000,0.265351600,0.000000000,0.000000000
QV-C02-004-A0112,QV-C02-004,DS00,quebrada_verde,CAMPAIGN_02,222.000000000,224.000000000,2.000000000,0.261855936,0.000000000,0.000000000
QV-C02-004-A0113,QV-C02-004,DS00,quebrada_verde,CAMPAIGN_02,224.000000000,226.000000000,2.000000000,0.266273242,0.000000000,0.000000000
QV-C02-004-A0114,QV-C02-004,DS00,quebrada_verde,CAMPAIGN_02,226.000000000,228.000000000,2.000000000,0.286859156,0.000000000,0.000000000
QV-C02-004-A0115,QV-C02-004,DS00,quebrada_verde,CAMPAIGN_02,228.000000000,230.000000000,2.000000000,0.269433865,0.000000000,0.000000000
QV-C02-004-A0116,QV-C02-004,DS00,quebrada_verde,CAMPAIGN_02,230.000000000,232.000000000,2.000000000,0.292145299,0.000000000,0.000000000
QV-C02-004-A0117,QV-C02-004,DS00,quebrada_verde,CAMPAIGN_02,232.000000000,234.000000000,2.000000000,0.304230291,0.000000000,0.000000000
QV-C02-004-A0118,QV-C02-004,DS00,quebrada_verde,CAMPAIGN_02,234.000000000,236.000000000,2.000000000,0.316034988,0.000000000,0.000000000
QV-C02-004-A0119,QV-C02-004,DS00,quebrada_verde,CAMPAIGN_02,236.000000000,238.000000000,2.000000000,0.334203447,0.000000000,0.000000000
QV-C02-004-A0120,QV-C02-004,DS00,quebrada_verde,CAMPAIGN_02,238.000000000,240.000000000,2.000000000,0.325253308,0.000000000,0.000000000
QV-C02-004-A0121,QV-C02-004,DS00,quebrada_verde,CAMPAIGN_02,240.000000000,242.000000000,2.000000000,0.295905258,0.000000000,0.000000000
QV-C02-004-A0122,QV-C02-004,DS00,quebrada_verde,CAMPAIGN_02,242.000000000,244.000000000,2.000000000,0.300502368,0.000000000,0.000000000
QV-C02-004-A0123,QV-C02-004,DS00,quebrada_verde,CAMPAIGN_02,244.000000000,246.000000000,2.000000000,0.329942868,0.000000000,0.000000000
QV-C02-004-A0124,QV-C02-004,DS00,quebrada_verde,CAMPAIGN_02,246.000000000,248.000000000,2.000000000,0.340936198,0.000000000,0.000000000
QV-C02-004-A0125,QV-C02-004,DS00,quebrada_verde,CAMPAIGN_02,248.000000000,250.000000000,2.000000000,0.309325409,0.000000000,0.000000000
QV-C02-004-A0126,QV-C02-004,DS00,quebrada_verde,CAMPAIGN_02,250.000000000,252.000000000,2.000000000,0.361424938,0.000000000,0.000000000
QV-C02-004-A0127,QV-C02-004,DS00,quebrada_verde,CAMPAIGN_02,252.000000000,254.000000000,2.000000000,0.372278635,0.000000000,0.000000000
QV-C02-004-A0128,QV-C02-004,DS00,quebrada_verde,CAMPAIGN_02,254.000000000,256.000000000,2.000000000,0.371944174,0.000000000,0.000000000
QV-C02-004-A0129,QV-C02-004,DS00,quebrada_verde,CAMPAIGN_02,256.000000000,258.000000000,2.000000000,0.346721854,0.000000000,0.000000000
QV-C02-004-A0130,QV-C02-004,DS00,quebrada_verde,CAMPAIGN_02,258.000000000,260.000000000,2.000000000,0.390458461,0.000000000,0.000000000
QV-C02-004-A0131,QV-C02-004,DS00,quebrada_verde,CAMPAIGN_02,260.000000000,262.000000000,2.000000000,0.387744190,0.000000000,0.000000000
QV-C02-004-A0132,QV-C02-004,DS00,quebrada_verde,CAMPAIGN_02,262.000000000,264.000000000,2.000000000,0.371517234,0.000000000,0.000000000
QV-C02-004-A0133,QV-C02-004,DS00,quebrada_verde,CAMPAIGN_02,264.000000000,266.000000000,2.000000000,0.399726586,0.000000000,0.000000000
QV-C02-004-A0134,QV-C02-004,DS00,quebrada_verde,CAMPAIGN_02,266.000000000,268.000000000,2.000000000,0.384881568,0.000000000,0.000000000
QV-C02-004-A0135,QV-C02-004,DS00,quebrada_verde,CAMPAIGN_02,268.000000000,270.000000000,2.000000000,0.374584342,0.000000000,0.000000000
QV-C02-004-A0136,QV-C02-004,DS00,quebrada_verde,CAMPAIGN_02,270.000000000,272.000000000,2.000000000,0.419495712,0.000000000,0.000000000
QV-C02-004-A0137,QV-C02-004,DS00,quebrada_verde,CAMPAIGN_02,272.000000000,274.000000000,2.000000000,0.380297094,0.000000000,0.000000000
QV-C02-004-A0138,QV-C02-004,DS00,quebrada_verde,CAMPAIGN_02,274.000000000,276.000000000,2.000000000,0.403756080,0.000000000,0.000000000
QV-C02-004-A0139,QV-C02-004,DS00,quebrada_verde,CAMPAIGN_02,276.000000000,278.000000000,2.000000000,0.428118519,0.000000000,0.000000000
QV-C02-004-A0140,QV-C02-004,DS00,quebrada_verde,CAMPAIGN_02,278.000000000,280.000000000,2.000000000,0.416270562,0.000000000,0.000000000
QV-C02-004-A0141,QV-C02-004,DS00,quebrada_verde,CAMPAIGN_02,280.000000000,282.000000000,2.000000000,0.427068178,0.000000000,0.000000000
QV-C02-004-A0142,QV-C02-004,DS00,quebrada_verde,CAMPAIGN_02,282.000000000,284.000000000,2.000000000,0.437202857,0.000000000,0.000000000
QV-C02-004-A0143,QV-C02-004,DS00,quebrada_verde,CAMPAIGN_02,284.000000000,286.000000000,2.000000000,0.419535911,0.000000000,0.000000000
QV-C02-004-A0144,QV-C02-004,DS00,quebrada_verde,CAMPAIGN_02,286.000000000,288.000000000,2.000000000,0.432361808,0.000000000,0.000000000
QV-C02-004-A0145,QV-C02-004,DS00,quebrada_verde,CAMPAIGN_02,288.000000000,290.000000000,2.000000000,0.462716184,0.000000000,0.000000000
QV-C02-004-A0146,QV-C02-004,DS00,quebrada_verde,CAMPAIGN_02,290.000000000,292.000000000,2.000000000,0.454968486,0.000000000,0.000000000
QV-C02-004-A0147,QV-C02-004,DS00,quebrada_verde,CAMPAIGN_02,292.000000000,294.000000000,2.000000000,0.460567457,0.000000000,0.000000000
QV-C02-004-A0148,QV-C02-004,DS00,quebrada_verde,CAMPAIGN_02,294.000000000,296.000000000,2.000000000,0.497338812,0.000000000,0.000000000
QV-C02-004-A0149,QV-C02-004,DS00,quebrada_verde,CAMPAIGN_02,296.000000000,298.000000000,2.000000000,0.453427643,0.000000000,0.000000000
QV-C02-004-A0150,QV-C02-004,DS00,quebrada_verde,CAMPAIGN_02,298.000000000,300.000000000,2.000000000,0.478094806,0.000000000,0.000000000
QV-C02-004-A0151,QV-C02-004,DS00,quebrada_verde,CAMPAIGN_02,300.000000000,302.000000000,2.000000000,0.491031582,0.000000000,0.000000000
QV-C02-004-A0152,QV-C02-004,DS00,quebrada_verde,CAMPAIGN_02,302.000000000,304.000000000,2.000000000,0.487797945,0.000000000,0.000000000
QV-C02-004-A0153,QV-C02-004,DS00,quebrada_verde,CAMPAIGN_02,304.000000000,306.000000000,2.000000000,0.507329714,0.000000000,0.000000000
QV-C02-004-A0154,QV-C02-004,DS00,quebrada_verde,CAMPAIGN_02,306.000000000,308.000000000,2.000000000,0.481643358,0.000000000,0.000000000
QV-C02-004-A0155,QV-C02-004,DS00,quebrada_verde,CAMPAIGN_02,308.000000000,310.000000000,2.000000000,0.481738249,0.000000000,0.000000000
QV-C02-004-A0156,QV-C02-004,DS00,quebrada_verde,CAMPAIGN_02,310.000000000,312.000000000,2.000000000,0.479661770,0.000000000,0.000000000
QV-C02-004-A0157,QV-C02-004,DS00,quebrada_verde,CAMPAIGN_02,312.000000000,314.000000000,2.000000000,0.460201724,0.000000000,0.000000000
QV-C02-004-A0158,QV-C02-004,DS00,quebrada_verde,CAMPAIGN_02,314.000000000,316.000000000,2.000000000,0.478005959,0.000000000,0.000000000
QV-C02-004-A0159,QV-C02-004,DS00,quebrada_verde,CAMPAIGN_02,316.000000000,318.000000000,2.000000000,0.538339498,0.000000000,0.000000000
QV-C02-004-A0160,QV-C02-004,DS00,quebrada_verde,CAMPAIGN_02,318.000000000,320.000000000,2.000000000,0.545844318,0.000000000,0.000000000
QV-C02-004-A0161,QV-C02-004,DS00,quebrada_verde,CAMPAIGN_02,320.000000000,322.000000000,2.000000000,0.532596540,0.000000000,0.000000000
QV-C02-004-A0162,QV-C02-004,DS00,quebrada_verde,CAMPAIGN_02,322.000000000,324.000000000,2.000000000,0.538396243,0.000000000,0.000000000
QV-C02-004-A0163,QV-C02-004,DS00,quebrada_verde,CAMPAIGN_02,324.000000000,326.000000000,2.000000000,0.540386449,0.000000000,0.000000000
QV-C02-004-A0164,QV-C02-004,DS00,quebrada_verde,CAMPAIGN_02,326.000000000,328.000000000,2.000000000,0.547516486,0.000000000,0.000000000
QV-C02-004-A0165,QV-C02-004,DS00,quebrada_verde,CAMPAIGN_02,328.000000000,330.000000000,2.000000000,0.554188280,0.000000000,0.000000000
QV-C02-004-A0166,QV-C02-004,DS00,quebrada_verde,CAMPAIGN_02,330.000000000,332.000000000,2.000000000,0.541207093,0.000000000,0.000000000
QV-C02-004-A0167,QV-C02-004,DS00,quebrada_verde,CAMPAIGN_02,332.000000000,334.000000000,2.000000000,0.554202494,0.000000000,0.000000000
QV-C02-004-A0168,QV-C02-004,DS00,quebrada_verde,CAMPAIGN_02,334.000000000,336.000000000,2.000000000,0.525519171,0.000000000,0.000000000
QV-C02-004-A0169,QV-C02-004,DS00,quebrada_verde,CAMPAIGN_02,336.000000000,338.000000000,2.000000000,0.498542368,0.000000000,0.000000000
QV-C02-004-A0170,QV-C02-004,DS00,quebrada_verde,CAMPAIGN_02,338.000000000,340.000000000,2.000000000,0.542733049,0.000000000,0.000000000
QV-C02-004-A0171,QV-C02-004,DS00,quebrada_verde,CAMPAIGN_02,340.000000000,342.000000000,2.000000000,0.537475790,0.000000000,0.000000000
QV-C02-004-A0172,QV-C02-004,DS00,quebrada_verde,CAMPAIGN_02,342.000000000,344.000000000,2.000000000,0.538199470,0.000000000,0.000000000
QV-C02-004-A0173,QV-C02-004,DS00,quebrada_verde,CAMPAIGN_02,344.000000000,346.000000000,2.000000000,0.537499079,0.000000000,0.000000000
QV-C02-004-A0174,QV-C02-004,DS00,quebrada_verde,CAMPAIGN_02,346.000000000,348.000000000,2.000000000,0.553092012,0.000000000,0.000000000
QV-C02-004-A0175,QV-C02-004,DS00,quebrada_verde,CAMPAIGN_02,348.000000000,350.000000000,2.000000000,0.534019144,0.000000000,0.000000000
QV-C02-004-A0176,QV-C02-004,DS00,quebrada_verde,CAMPAIGN_02,350.000000000,352.000000000,2.000000000,0.546482395,0.000000000,0.000000000
QV-C02-004-A0177,QV-C02-004,DS00,quebrada_verde,CAMPAIGN_02,352.000000000,354.000000000,2.000000000,0.532342861,0.000000000,0.000000000
QV-C02-004-A0178,QV-C02-004,DS00,quebrada_verde,CAMPAIGN_02,354.000000000,356.000000000,2.000000000,0.538617221,0.000000000,0.000000000
QV-C02-004-A0179,QV-C02-004,DS00,quebrada_verde,CAMPAIGN_02,356.000000000,358.000000000,2.000000000,0.582125235,0.000000000,0.000000000
QV-C02-004-A0180,QV-C02-004,DS00,quebrada_verde,CAMPAIGN_02,358.000000000,360.000000000,2.000000000,0.566272430,0.000000000,0.000000000
QV-C02-004-A0181,QV-C02-004,DS00,quebrada_verde,CAMPAIGN_02,360.000000000,362.000000000,2.000000000,0.515497774,0.000000000,0.000000000
QV-C02-004-A0182,QV-C02-004,DS00,quebrada_verde,CAMPAIGN_02,362.000000000,364.000000000,2.000000000,0.525161335,0.000000000,0.000000000
QV-C02-004-A0183,QV-C02-004,DS00,quebrada_verde,CAMPAIGN_02,364.000000000,366.000000000,2.000000000,0.556869679,0.000000000,0.000000000
QV-C02-004-A0184,QV-C02-004,DS00,quebrada_verde,CAMPAIGN_02,366.000000000,368.000000000,2.000000000,0.551180622,0.000000000,0.000000000
QV-C02-004-A0185,QV-C02-004,DS00,quebrada_verde,CAMPAIGN_02,368.000000000,370.000000000,2.000000000,0.541911562,0.000000000,0.000000000
QV-C02-004-A0186,QV-C02-004,DS00,quebrada_verde,CAMPAIGN_02,370.000000000,372.000000000,2.000000000,0.528190138,0.000000000,0.000000000
QV-C02-004-A0187,QV-C02-004,DS00,quebrada_verde,CAMPAIGN_02,372.000000000,374.000000000,2.000000000,0.517002215,0.000000000,0.000000000
QV-C02-004-A0188,QV-C02-004,DS00,quebrada_verde,CAMPAIGN_02,374.000000000,376.000000000,2.000000000,0.520248392,0.000000000,0.000000000
QV-C02-004-A0189,QV-C02-004,DS00,quebrada_verde,CAMPAIGN_02,376.000000000,378.000000000,2.000000000,0.515737889,0.000000000,0.000000000
QV-C02-004-A0190,QV-C02-004,DS00,quebrada_verde,CAMPAIGN_02,378.000000000,380.000000000,2.000000000,0.531866762,0.000000000,0.000000000
QV-C02-004-A0191,QV-C02-004,DS00,quebrada_verde,CAMPAIGN_02,380.000000000,382.000000000,2.000000000,0.514995102,0.000000000,0.000000000
QV-C02-004-A0192,QV-C02-004,DS00,quebrada_verde,CAMPAIGN_02,382.000000000,384.000000000,2.000000000,0.526222644,0.000000000,0.000000000
QV-C02-004-A0193,QV-C02-004,DS00,quebrada_verde,CAMPAIGN_02,384.000000000,386.000000000,2.000000000,0.515210048,0.000000000,0.000000000
QV-C02-004-A0194,QV-C02-004,DS00,quebrada_verde,CAMPAIGN_02,386.000000000,388.000000000,2.000000000,0.521761547,0.000000000,0.000000000
QV-C02-004-A0195,QV-C02-004,DS00,quebrada_verde,CAMPAIGN_02,388.000000000,390.000000000,2.000000000,0.551643653,0.000000000,0.000000000
QV-C02-004-A0196,QV-C02-004,DS00,quebrada_verde,CAMPAIGN_02,390.000000000,392.000000000,2.000000000,0.550968878,0.000000000,0.000000000
QV-C02-004-A0197,QV-C02-004,DS00,quebrada_verde,CAMPAIGN_02,392.000000000,394.000000000,2.000000000,0.523162217,0.000000000,0.000000000
QV-C02-004-A0198,QV-C02-004,DS00,quebrada_verde,CAMPAIGN_02,394.000000000,396.000000000,2.000000000,0.525072312,0.000000000,0.000000000
QV-C02-004-A0199,QV-C02-004,DS00,quebrada_verde,CAMPAIGN_02,396.000000000,398.000000000,2.000000000,0.504624660,0.000000000,0.000000000
QV-C02-004-A0200,QV-C02-004,DS00,quebrada_verde,CAMPAIGN_02,398.000000000,398.727185634,0.727185634,0.526852126,0.000000000,0.000000000
QV-C02-005-A0001,QV-C02-005,DS00,quebrada_verde,CAMPAIGN_02,0.000000000,2.000000000,2.000000000,0.019906333,0.000000000,0.000000000
QV-C02-005-A0002,QV-C02-005,DS00,quebrada_verde,CAMPAIGN_02,2.000000000,4.000000000,2.000000000,0.023212341,0.000000000,0.000000000
QV-C02-005-A0003,QV-C02-005,DS00,quebrada_verde,CAMPAIGN_02,4.000000000,6.000000000,2.000000000,0.017892258,0.000000000,0.000000000
QV-C02-005-A0004,QV-C02-005,DS00,quebrada_verde,CAMPAIGN_02,6.000000000,8.000000000,2.000000000,0.019723437,0.000000000,0.000000000
QV-C02-005-A0005,QV-C02-005,DS00,quebrada_verde,CAMPAIGN_02,8.000000000,10.000000000,2.000000000,0.020422459,0.000000000,0.000000000
QV-C02-005-A0006,QV-C02-005,DS00,quebrada_verde,CAMPAIGN_02,10.000000000,12.000000000,2.000000000,0.018133692,0.000000000,0.000000000
QV-C02-005-A0007,QV-C02-005,DS00,quebrada_verde,CAMPAIGN_02,12.000000000,14.000000000,2.000000000,0.019757038,0.000000000,0.000000000
QV-C02-005-A0008,QV-C02-005,DS00,quebrada_verde,CAMPAIGN_02,14.000000000,16.000000000,2.000000000,0.016575279,0.000000000,0.000000000
QV-C02-005-A0009,QV-C02-005,DS00,quebrada_verde,CAMPAIGN_02,16.000000000,18.000000000,2.000000000,0.019019204,0.000000000,0.000000000
QV-C02-005-A0010,QV-C02-005,DS00,quebrada_verde,CAMPAIGN_02,18.000000000,20.000000000,2.000000000,0.018775816,0.000000000,0.000000000
QV-C02-005-A0011,QV-C02-005,DS00,quebrada_verde,CAMPAIGN_02,20.000000000,22.000000000,2.000000000,0.018846038,0.000000000,0.000000000
QV-C02-005-A0012,QV-C02-005,DS00,quebrada_verde,CAMPAIGN_02,22.000000000,24.000000000,2.000000000,0.018148431,0.000000000,0.000000000
QV-C02-005-A0013,QV-C02-005,DS00,quebrada_verde,CAMPAIGN_02,24.000000000,26.000000000,2.000000000,0.021457458,0.000000000,0.000000000
QV-C02-005-A0014,QV-C02-005,DS00,quebrada_verde,CAMPAIGN_02,26.000000000,28.000000000,2.000000000,0.019422714,0.000000000,0.000000000
QV-C02-005-A0015,QV-C02-005,DS00,quebrada_verde,CAMPAIGN_02,28.000000000,30.000000000,2.000000000,0.020231412,0.000000000,0.000000000
QV-C02-005-A0016,QV-C02-005,DS00,quebrada_verde,CAMPAIGN_02,30.000000000,32.000000000,2.000000000,0.020291817,0.000000000,0.000000000
QV-C02-005-A0017,QV-C02-005,DS00,quebrada_verde,CAMPAIGN_02,32.000000000,34.000000000,2.000000000,0.021666881,0.000000000,0.000000000
QV-C02-005-A0018,QV-C02-005,DS00,quebrada_verde,CAMPAIGN_02,34.000000000,36.000000000,2.000000000,0.022215879,0.000000000,0.000000000
QV-C02-005-A0019,QV-C02-005,DS00,quebrada_verde,CAMPAIGN_02,36.000000000,38.000000000,2.000000000,0.022100248,0.000000000,0.000000000
QV-C02-005-A0020,QV-C02-005,DS00,quebrada_verde,CAMPAIGN_02,38.000000000,40.000000000,2.000000000,0.020964340,0.000000000,0.000000000
QV-C02-005-A0021,QV-C02-005,DS00,quebrada_verde,CAMPAIGN_02,40.000000000,42.000000000,2.000000000,0.020530841,0.000000000,0.000000000
QV-C02-005-A0022,QV-C02-005,DS00,quebrada_verde,CAMPAIGN_02,42.000000000,44.000000000,2.000000000,0.022677082,0.000000000,0.000000000
QV-C02-005-A0023,QV-C02-005,DS00,quebrada_verde,CAMPAIGN_02,44.000000000,46.000000000,2.000000000,0.020013202,0.000000000,0.000000000
QV-C02-005-A0024,QV-C02-005,DS00,quebrada_verde,CAMPAIGN_02,46.000000000,48.000000000,2.000000000,0.021195535,0.000000000,0.000000000
QV-C02-005-A0025,QV-C02-005,DS00,quebrada_verde,CAMPAIGN_02,48.000000000,50.000000000,2.000000000,0.018295630,0.000000000,0.000000000
QV-C02-005-A0026,QV-C02-005,DS00,quebrada_verde,CAMPAIGN_02,50.000000000,52.000000000,2.000000000,0.019956370,0.000000000,0.000000000
QV-C02-005-A0027,QV-C02-005,DS00,quebrada_verde,CAMPAIGN_02,52.000000000,54.000000000,2.000000000,0.017267931,0.000000000,0.000000000
QV-C02-005-A0028,QV-C02-005,DS00,quebrada_verde,CAMPAIGN_02,54.000000000,56.000000000,2.000000000,0.021237526,0.000000000,0.000000000
QV-C02-005-A0029,QV-C02-005,DS00,quebrada_verde,CAMPAIGN_02,56.000000000,58.000000000,2.000000000,0.021976731,0.000000000,0.000000000
QV-C02-005-A0030,QV-C02-005,DS00,quebrada_verde,CAMPAIGN_02,58.000000000,60.000000000,2.000000000,0.021612749,0.000000000,0.000000000
QV-C02-005-A0031,QV-C02-005,DS00,quebrada_verde,CAMPAIGN_02,60.000000000,62.000000000,2.000000000,0.020268998,0.000000000,0.000000000
QV-C02-005-A0032,QV-C02-005,DS00,quebrada_verde,CAMPAIGN_02,62.000000000,64.000000000,2.000000000,0.020315386,0.000000000,0.000000000
QV-C02-005-A0033,QV-C02-005,DS00,quebrada_verde,CAMPAIGN_02,64.000000000,66.000000000,2.000000000,0.017871909,0.000000000,0.000000000
QV-C02-005-A0034,QV-C02-005,DS00,quebrada_verde,CAMPAIGN_02,66.000000000,68.000000000,2.000000000,0.018298587,0.000000000,0.000000000
QV-C02-005-A0035,QV-C02-005,DS00,quebrada_verde,CAMPAIGN_02,68.000000000,70.000000000,2.000000000,0.024465831,0.000000000,0.000000000
QV-C02-005-A0036,QV-C02-005,DS00,quebrada_verde,CAMPAIGN_02,70.000000000,72.000000000,2.000000000,0.019441935,0.000000000,0.000000000
QV-C02-005-A0037,QV-C02-005,DS00,quebrada_verde,CAMPAIGN_02,72.000000000,74.000000000,2.000000000,0.023321218,0.000000000,0.000000000
QV-C02-005-A0038,QV-C02-005,DS00,quebrada_verde,CAMPAIGN_02,74.000000000,76.000000000,2.000000000,0.022212710,0.000000000,0.000000000
QV-C02-005-A0039,QV-C02-005,DS00,quebrada_verde,CAMPAIGN_02,76.000000000,78.000000000,2.000000000,0.020864108,0.000000000,0.000000000
QV-C02-005-A0040,QV-C02-005,DS00,quebrada_verde,CAMPAIGN_02,78.000000000,80.000000000,2.000000000,0.020347635,0.000000000,0.000000000
QV-C02-005-A0041,QV-C02-005,DS00,quebrada_verde,CAMPAIGN_02,80.000000000,82.000000000,2.000000000,0.021348684,0.000000000,0.000000000
QV-C02-005-A0042,QV-C02-005,DS00,quebrada_verde,CAMPAIGN_02,82.000000000,84.000000000,2.000000000,0.025735754,0.000000000,0.000000000
QV-C02-005-A0043,QV-C02-005,DS00,quebrada_verde,CAMPAIGN_02,84.000000000,86.000000000,2.000000000,0.022136166,0.000000000,0.000000000
QV-C02-005-A0044,QV-C02-005,DS00,quebrada_verde,CAMPAIGN_02,86.000000000,88.000000000,2.000000000,0.020209226,0.000000000,0.000000000
QV-C02-005-A0045,QV-C02-005,DS00,quebrada_verde,CAMPAIGN_02,88.000000000,90.000000000,2.000000000,0.020502875,0.000000000,0.000000000
QV-C02-005-A0046,QV-C02-005,DS00,quebrada_verde,CAMPAIGN_02,90.000000000,92.000000000,2.000000000,0.018471010,0.000000000,0.000000000
QV-C02-005-A0047,QV-C02-005,DS00,quebrada_verde,CAMPAIGN_02,92.000000000,94.000000000,2.000000000,0.024744036,0.000000000,0.000000000
QV-C02-005-A0048,QV-C02-005,DS00,quebrada_verde,CAMPAIGN_02,94.000000000,96.000000000,2.000000000,0.023172552,0.000000000,0.000000000
QV-C02-005-A0049,QV-C02-005,DS00,quebrada_verde,CAMPAIGN_02,96.000000000,98.000000000,2.000000000,0.026318543,0.000000000,0.000000000
QV-C02-005-A0050,QV-C02-005,DS00,quebrada_verde,CAMPAIGN_02,98.000000000,100.000000000,2.000000000,0.025512897,0.000000000,0.000000000
QV-C02-005-A0051,QV-C02-005,DS00,quebrada_verde,CAMPAIGN_02,100.000000000,102.000000000,2.000000000,0.021760573,0.000000000,0.000000000
QV-C02-005-A0052,QV-C02-005,DS00,quebrada_verde,CAMPAIGN_02,102.000000000,104.000000000,2.000000000,0.024311178,0.000000000,0.000000000
QV-C02-005-A0053,QV-C02-005,DS00,quebrada_verde,CAMPAIGN_02,104.000000000,106.000000000,2.000000000,0.020388311,0.000000000,0.000000000
QV-C02-005-A0054,QV-C02-005,DS00,quebrada_verde,CAMPAIGN_02,106.000000000,108.000000000,2.000000000,0.024399849,0.000000000,0.000000000
QV-C02-005-A0055,QV-C02-005,DS00,quebrada_verde,CAMPAIGN_02,108.000000000,110.000000000,2.000000000,0.023669193,0.000000000,0.000000000
QV-C02-005-A0056,QV-C02-005,DS00,quebrada_verde,CAMPAIGN_02,110.000000000,112.000000000,2.000000000,0.021475938,0.000000000,0.000000000
QV-C02-005-A0057,QV-C02-005,DS00,quebrada_verde,CAMPAIGN_02,112.000000000,114.000000000,2.000000000,0.020660717,0.000000000,0.000000000
QV-C02-005-A0058,QV-C02-005,DS00,quebrada_verde,CAMPAIGN_02,114.000000000,116.000000000,2.000000000,0.022554906,0.000000000,0.000000000
QV-C02-005-A0059,QV-C02-005,DS00,quebrada_verde,CAMPAIGN_02,116.000000000,118.000000000,2.000000000,0.027735961,0.000000000,0.000000000
QV-C02-005-A0060,QV-C02-005,DS00,quebrada_verde,CAMPAIGN_02,118.000000000,120.000000000,2.000000000,0.024751934,0.000000000,0.000000000
QV-C02-005-A0061,QV-C02-005,DS00,quebrada_verde,CAMPAIGN_02,120.000000000,122.000000000,2.000000000,0.024493331,0.000000000,0.000000000
QV-C02-005-A0062,QV-C02-005,DS00,quebrada_verde,CAMPAIGN_02,122.000000000,124.000000000,2.000000000,0.025653829,0.000000000,0.000000000
QV-C02-005-A0063,QV-C02-005,DS00,quebrada_verde,CAMPAIGN_02,124.000000000,126.000000000,2.000000000,0.023860590,0.000000000,0.000000000
QV-C02-005-A0064,QV-C02-005,DS00,quebrada_verde,CAMPAIGN_02,126.000000000,128.000000000,2.000000000,0.025986321,0.000000000,0.000000000
QV-C02-005-A0065,QV-C02-005,DS00,quebrada_verde,CAMPAIGN_02,128.000000000,130.000000000,2.000000000,0.024490462,0.000000000,0.000000000
QV-C02-005-A0066,QV-C02-005,DS00,quebrada_verde,CAMPAIGN_02,130.000000000,132.000000000,2.000000000,0.026240141,0.000000000,0.000000000
QV-C02-005-A0067,QV-C02-005,DS00,quebrada_verde,CAMPAIGN_02,132.000000000,134.000000000,2.000000000,0.027918290,0.000000000,0.000000000
QV-C02-005-A0068,QV-C02-005,DS00,quebrada_verde,CAMPAIGN_02,134.000000000,136.000000000,2.000000000,0.026779409,0.000000000,0.000000000
QV-C02-005-A0069,QV-C02-005,DS00,quebrada_verde,CAMPAIGN_02,136.000000000,138.000000000,2.000000000,0.024487475,0.000000000,0.000000000
QV-C02-005-A0070,QV-C02-005,DS00,quebrada_verde,CAMPAIGN_02,138.000000000,140.000000000,2.000000000,0.027598334,0.000000000,0.000000000
QV-C02-005-A0071,QV-C02-005,DS00,quebrada_verde,CAMPAIGN_02,140.000000000,142.000000000,2.000000000,0.029829328,0.000000000,0.000000000
QV-C02-005-A0072,QV-C02-005,DS00,quebrada_verde,CAMPAIGN_02,142.000000000,144.000000000,2.000000000,0.026359269,0.000000000,0.000000000
QV-C02-005-A0073,QV-C02-005,DS00,quebrada_verde,CAMPAIGN_02,144.000000000,146.000000000,2.000000000,0.027520089,0.000000000,0.000000000
QV-C02-005-A0074,QV-C02-005,DS00,quebrada_verde,CAMPAIGN_02,146.000000000,148.000000000,2.000000000,0.029976826,0.000000000,0.000000000
QV-C02-005-A0075,QV-C02-005,DS00,quebrada_verde,CAMPAIGN_02,148.000000000,150.000000000,2.000000000,0.030745656,0.000000000,0.000000000
QV-C02-005-A0076,QV-C02-005,DS00,quebrada_verde,CAMPAIGN_02,150.000000000,152.000000000,2.000000000,0.028255642,0.000000000,0.000000000
QV-C02-005-A0077,QV-C02-005,DS00,quebrada_verde,CAMPAIGN_02,152.000000000,154.000000000,2.000000000,0.031265431,0.000000000,0.000000000
QV-C02-005-A0078,QV-C02-005,DS00,quebrada_verde,CAMPAIGN_02,154.000000000,156.000000000,2.000000000,0.032434507,0.000000000,0.000000000
QV-C02-005-A0079,QV-C02-005,DS00,quebrada_verde,CAMPAIGN_02,156.000000000,158.000000000,2.000000000,0.029754204,0.000000000,0.000000000
QV-C02-005-A0080,QV-C02-005,DS00,quebrada_verde,CAMPAIGN_02,158.000000000,160.000000000,2.000000000,0.029957235,0.000000000,0.000000000
QV-C02-005-A0081,QV-C02-005,DS00,quebrada_verde,CAMPAIGN_02,160.000000000,162.000000000,2.000000000,0.032326262,0.000000000,0.000000000
QV-C02-005-A0082,QV-C02-005,DS00,quebrada_verde,CAMPAIGN_02,162.000000000,164.000000000,2.000000000,0.030392249,0.000000000,0.000000000
QV-C02-005-A0083,QV-C02-005,DS00,quebrada_verde,CAMPAIGN_02,164.000000000,166.000000000,2.000000000,0.030971916,0.000000000,0.000000000
QV-C02-005-A0084,QV-C02-005,DS00,quebrada_verde,CAMPAIGN_02,166.000000000,168.000000000,2.000000000,0.032153071,0.000000000,0.000000000
QV-C02-005-A0085,QV-C02-005,DS00,quebrada_verde,CAMPAIGN_02,168.000000000,170.000000000,2.000000000,0.033169976,0.000000000,0.000000000
QV-C02-005-A0086,QV-C02-005,DS00,quebrada_verde,CAMPAIGN_02,170.000000000,172.000000000,2.000000000,0.033317461,0.000000000,0.000000000
QV-C02-005-A0087,QV-C02-005,DS00,quebrada_verde,CAMPAIGN_02,172.000000000,174.000000000,2.000000000,0.035764256,0.000000000,0.000000000
QV-C02-005-A0088,QV-C02-005,DS00,quebrada_verde,CAMPAIGN_02,174.000000000,176.000000000,2.000000000,0.040313650,0.000000000,0.000000000
QV-C02-005-A0089,QV-C02-005,DS00,quebrada_verde,CAMPAIGN_02,176.000000000,178.000000000,2.000000000,0.033230809,0.000000000,0.000000000
QV-C02-005-A0090,QV-C02-005,DS00,quebrada_verde,CAMPAIGN_02,178.000000000,180.000000000,2.000000000,0.036896990,0.000000000,0.000000000
QV-C02-005-A0091,QV-C02-005,DS00,quebrada_verde,CAMPAIGN_02,180.000000000,182.000000000,2.000000000,0.042201125,0.000000000,0.000000000
QV-C02-005-A0092,QV-C02-005,DS00,quebrada_verde,CAMPAIGN_02,182.000000000,184.000000000,2.000000000,0.042479529,0.000000000,0.000000000
QV-C02-005-A0093,QV-C02-005,DS00,quebrada_verde,CAMPAIGN_02,184.000000000,186.000000000,2.000000000,0.041253038,0.000000000,0.000000000
QV-C02-005-A0094,QV-C02-005,DS00,quebrada_verde,CAMPAIGN_02,186.000000000,188.000000000,2.000000000,0.038706445,0.000000000,0.000000000
QV-C02-005-A0095,QV-C02-005,DS00,quebrada_verde,CAMPAIGN_02,188.000000000,190.000000000,2.000000000,0.039268304,0.000000000,0.000000000
QV-C02-005-A0096,QV-C02-005,DS00,quebrada_verde,CAMPAIGN_02,190.000000000,192.000000000,2.000000000,0.041415177,0.000000000,0.000000000
QV-C02-005-A0097,QV-C02-005,DS00,quebrada_verde,CAMPAIGN_02,192.000000000,194.000000000,2.000000000,0.048300088,0.000000000,0.000000000
QV-C02-005-A0098,QV-C02-005,DS00,quebrada_verde,CAMPAIGN_02,194.000000000,196.000000000,2.000000000,0.043464636,0.000000000,0.000000000
QV-C02-005-A0099,QV-C02-005,DS00,quebrada_verde,CAMPAIGN_02,196.000000000,198.000000000,2.000000000,0.044396389,0.000000000,0.000000000
QV-C02-005-A0100,QV-C02-005,DS00,quebrada_verde,CAMPAIGN_02,198.000000000,200.000000000,2.000000000,0.044543343,0.000000000,0.000000000
QV-C02-005-A0101,QV-C02-005,DS00,quebrada_verde,CAMPAIGN_02,200.000000000,202.000000000,2.000000000,0.047651536,0.000000000,0.000000000
QV-C02-005-A0102,QV-C02-005,DS00,quebrada_verde,CAMPAIGN_02,202.000000000,204.000000000,2.000000000,0.048620044,0.000000000,0.000000000
QV-C02-005-A0103,QV-C02-005,DS00,quebrada_verde,CAMPAIGN_02,204.000000000,206.000000000,2.000000000,0.051051970,0.000000000,0.000000000
QV-C02-005-A0104,QV-C02-005,DS00,quebrada_verde,CAMPAIGN_02,206.000000000,208.000000000,2.000000000,0.049109208,0.000000000,0.000000000
QV-C02-005-A0105,QV-C02-005,DS00,quebrada_verde,CAMPAIGN_02,208.000000000,210.000000000,2.000000000,0.053163201,0.000000000,0.000000000
QV-C02-005-A0106,QV-C02-005,DS00,quebrada_verde,CAMPAIGN_02,210.000000000,212.000000000,2.000000000,0.055203391,0.000000000,0.000000000
QV-C02-005-A0107,QV-C02-005,DS00,quebrada_verde,CAMPAIGN_02,212.000000000,214.000000000,2.000000000,0.055179973,0.000000000,0.000000000
QV-C02-005-A0108,QV-C02-005,DS00,quebrada_verde,CAMPAIGN_02,214.000000000,216.000000000,2.000000000,0.057813745,0.000000000,0.000000000
QV-C02-005-A0109,QV-C02-005,DS00,quebrada_verde,CAMPAIGN_02,216.000000000,218.000000000,2.000000000,0.056698928,0.000000000,0.000000000
QV-C02-005-A0110,QV-C02-005,DS00,quebrada_verde,CAMPAIGN_02,218.000000000,220.000000000,2.000000000,0.057118881,0.000000000,0.000000000
QV-C02-005-A0111,QV-C02-005,DS00,quebrada_verde,CAMPAIGN_02,220.000000000,222.000000000,2.000000000,0.058728552,0.000000000,0.000000000
QV-C02-005-A0112,QV-C02-005,DS00,quebrada_verde,CAMPAIGN_02,222.000000000,224.000000000,2.000000000,0.063259055,0.000000000,0.000000000
QV-C02-005-A0113,QV-C02-005,DS00,quebrada_verde,CAMPAIGN_02,224.000000000,226.000000000,2.000000000,0.063449584,0.000000000,0.000000000
QV-C02-005-A0114,QV-C02-005,DS00,quebrada_verde,CAMPAIGN_02,226.000000000,228.000000000,2.000000000,0.068653008,0.000000000,0.000000000
QV-C02-005-A0115,QV-C02-005,DS00,quebrada_verde,CAMPAIGN_02,228.000000000,230.000000000,2.000000000,0.073100774,0.000000000,0.000000000
QV-C02-005-A0116,QV-C02-005,DS00,quebrada_verde,CAMPAIGN_02,230.000000000,232.000000000,2.000000000,0.075393165,0.000000000,0.000000000
QV-C02-005-A0117,QV-C02-005,DS00,quebrada_verde,CAMPAIGN_02,232.000000000,234.000000000,2.000000000,0.067628732,0.000000000,0.000000000
QV-C02-005-A0118,QV-C02-005,DS00,quebrada_verde,CAMPAIGN_02,234.000000000,236.000000000,2.000000000,0.069218162,0.000000000,0.000000000
QV-C02-005-A0119,QV-C02-005,DS00,quebrada_verde,CAMPAIGN_02,236.000000000,238.000000000,2.000000000,0.075278776,0.000000000,0.000000000
QV-C02-005-A0120,QV-C02-005,DS00,quebrada_verde,CAMPAIGN_02,238.000000000,240.000000000,2.000000000,0.070630419,0.000000000,0.000000000
QV-C02-005-A0121,QV-C02-005,DS00,quebrada_verde,CAMPAIGN_02,240.000000000,242.000000000,2.000000000,0.076327097,0.000000000,0.000000000
QV-C02-005-A0122,QV-C02-005,DS00,quebrada_verde,CAMPAIGN_02,242.000000000,244.000000000,2.000000000,0.080886021,0.000000000,0.000000000
QV-C02-005-A0123,QV-C02-005,DS00,quebrada_verde,CAMPAIGN_02,244.000000000,246.000000000,2.000000000,0.077005263,0.000000000,0.000000000
QV-C02-005-A0124,QV-C02-005,DS00,quebrada_verde,CAMPAIGN_02,246.000000000,248.000000000,2.000000000,0.089143383,0.000000000,0.000000000
QV-C02-005-A0125,QV-C02-005,DS00,quebrada_verde,CAMPAIGN_02,248.000000000,250.000000000,2.000000000,0.089701245,0.000000000,0.000000000
QV-C02-005-A0126,QV-C02-005,DS00,quebrada_verde,CAMPAIGN_02,250.000000000,252.000000000,2.000000000,0.087506756,0.000000000,0.000000000
QV-C02-005-A0127,QV-C02-005,DS00,quebrada_verde,CAMPAIGN_02,252.000000000,254.000000000,2.000000000,0.081047766,0.000000000,0.000000000
QV-C02-005-A0128,QV-C02-005,DS00,quebrada_verde,CAMPAIGN_02,254.000000000,256.000000000,2.000000000,0.094950274,0.000000000,0.000000000
QV-C02-005-A0129,QV-C02-005,DS00,quebrada_verde,CAMPAIGN_02,256.000000000,258.000000000,2.000000000,0.089318741,0.000000000,0.000000000
QV-C02-005-A0130,QV-C02-005,DS00,quebrada_verde,CAMPAIGN_02,258.000000000,260.000000000,2.000000000,0.098759448,0.000000000,0.000000000
QV-C02-005-A0131,QV-C02-005,DS00,quebrada_verde,CAMPAIGN_02,260.000000000,262.000000000,2.000000000,0.090582255,0.000000000,0.000000000
QV-C02-005-A0132,QV-C02-005,DS00,quebrada_verde,CAMPAIGN_02,262.000000000,264.000000000,2.000000000,0.099514995,0.000000000,0.000000000
QV-C02-005-A0133,QV-C02-005,DS00,quebrada_verde,CAMPAIGN_02,264.000000000,266.000000000,2.000000000,0.105705299,0.000000000,0.000000000
QV-C02-005-A0134,QV-C02-005,DS00,quebrada_verde,CAMPAIGN_02,266.000000000,268.000000000,2.000000000,0.103496901,0.000000000,0.000000000
QV-C02-005-A0135,QV-C02-005,DS00,quebrada_verde,CAMPAIGN_02,268.000000000,270.000000000,2.000000000,0.111842813,0.000000000,0.000000000
QV-C02-005-A0136,QV-C02-005,DS00,quebrada_verde,CAMPAIGN_02,270.000000000,272.000000000,2.000000000,0.103550702,0.000000000,0.000000000
QV-C02-005-A0137,QV-C02-005,DS00,quebrada_verde,CAMPAIGN_02,272.000000000,274.000000000,2.000000000,0.114610032,0.000000000,0.000000000
QV-C02-005-A0138,QV-C02-005,DS00,quebrada_verde,CAMPAIGN_02,274.000000000,276.000000000,2.000000000,0.117765679,0.000000000,0.000000000
QV-C02-005-A0139,QV-C02-005,DS00,quebrada_verde,CAMPAIGN_02,276.000000000,278.000000000,2.000000000,0.128926266,0.000000000,0.000000000
QV-C02-005-A0140,QV-C02-005,DS00,quebrada_verde,CAMPAIGN_02,278.000000000,280.000000000,2.000000000,0.129606012,0.000000000,0.000000000
QV-C02-005-A0141,QV-C02-005,DS00,quebrada_verde,CAMPAIGN_02,280.000000000,282.000000000,2.000000000,0.127215069,0.000000000,0.000000000
QV-C02-005-A0142,QV-C02-005,DS00,quebrada_verde,CAMPAIGN_02,282.000000000,284.000000000,2.000000000,0.125882549,0.000000000,0.000000000
QV-C02-005-A0143,QV-C02-005,DS00,quebrada_verde,CAMPAIGN_02,284.000000000,286.000000000,2.000000000,0.128723926,0.000000000,0.000000000
QV-C02-005-A0144,QV-C02-005,DS00,quebrada_verde,CAMPAIGN_02,286.000000000,288.000000000,2.000000000,0.138733536,0.000000000,0.000000000
QV-C02-005-A0145,QV-C02-005,DS00,quebrada_verde,CAMPAIGN_02,288.000000000,290.000000000,2.000000000,0.132523291,0.000000000,0.000000000
QV-C02-005-A0146,QV-C02-005,DS00,quebrada_verde,CAMPAIGN_02,290.000000000,292.000000000,2.000000000,0.139450545,0.000000000,0.000000000
QV-C02-005-A0147,QV-C02-005,DS00,quebrada_verde,CAMPAIGN_02,292.000000000,294.000000000,2.000000000,0.156799815,0.000000000,0.000000000
QV-C02-005-A0148,QV-C02-005,DS00,quebrada_verde,CAMPAIGN_02,294.000000000,296.000000000,2.000000000,0.144405573,0.000000000,0.000000000
QV-C02-005-A0149,QV-C02-005,DS00,quebrada_verde,CAMPAIGN_02,296.000000000,298.000000000,2.000000000,0.146212434,0.000000000,0.000000000
QV-C02-005-A0150,QV-C02-005,DS00,quebrada_verde,CAMPAIGN_02,298.000000000,300.000000000,2.000000000,0.159431804,0.000000000,0.000000000
QV-C02-005-A0151,QV-C02-005,DS00,quebrada_verde,CAMPAIGN_02,300.000000000,302.000000000,2.000000000,0.164406140,0.000000000,0.000000000
QV-C02-005-A0152,QV-C02-005,DS00,quebrada_verde,CAMPAIGN_02,302.000000000,304.000000000,2.000000000,0.168686750,0.000000000,0.000000000
QV-C02-005-A0153,QV-C02-005,DS00,quebrada_verde,CAMPAIGN_02,304.000000000,306.000000000,2.000000000,0.160002969,0.000000000,0.000000000
QV-C02-005-A0154,QV-C02-005,DS00,quebrada_verde,CAMPAIGN_02,306.000000000,308.000000000,2.000000000,0.172039699,0.000000000,0.000000000
QV-C02-005-A0155,QV-C02-005,DS00,quebrada_verde,CAMPAIGN_02,308.000000000,310.000000000,2.000000000,0.176017073,0.000000000,0.000000000
QV-C02-005-A0156,QV-C02-005,DS00,quebrada_verde,CAMPAIGN_02,310.000000000,312.000000000,2.000000000,0.170571790,0.000000000,0.000000000
QV-C02-005-A0157,QV-C02-005,DS00,quebrada_verde,CAMPAIGN_02,312.000000000,314.000000000,2.000000000,0.188351532,0.000000000,0.000000000
QV-C02-005-A0158,QV-C02-005,DS00,quebrada_verde,CAMPAIGN_02,314.000000000,316.000000000,2.000000000,0.179920191,0.000000000,0.000000000
QV-C02-005-A0159,QV-C02-005,DS00,quebrada_verde,CAMPAIGN_02,316.000000000,318.000000000,2.000000000,0.177636840,0.000000000,0.000000000
QV-C02-005-A0160,QV-C02-005,DS00,quebrada_verde,CAMPAIGN_02,318.000000000,320.000000000,2.000000000,0.184301481,0.000000000,0.000000000
QV-C02-005-A0161,QV-C02-005,DS00,quebrada_verde,CAMPAIGN_02,320.000000000,322.000000000,2.000000000,0.179385153,0.000000000,0.000000000
QV-C02-005-A0162,QV-C02-005,DS00,quebrada_verde,CAMPAIGN_02,322.000000000,324.000000000,2.000000000,0.195115489,0.000000000,0.000000000
QV-C02-005-A0163,QV-C02-005,DS00,quebrada_verde,CAMPAIGN_02,324.000000000,326.000000000,2.000000000,0.196074570,0.000000000,0.000000000
QV-C02-005-A0164,QV-C02-005,DS00,quebrada_verde,CAMPAIGN_02,326.000000000,328.000000000,2.000000000,0.208547409,0.000000000,0.000000000
QV-C02-005-A0165,QV-C02-005,DS00,quebrada_verde,CAMPAIGN_02,328.000000000,330.000000000,2.000000000,0.213876492,0.000000000,0.000000000
QV-C02-005-A0166,QV-C02-005,DS00,quebrada_verde,CAMPAIGN_02,330.000000000,332.000000000,2.000000000,0.198608920,0.000000000,0.000000000
QV-C02-005-A0167,QV-C02-005,DS00,quebrada_verde,CAMPAIGN_02,332.000000000,334.000000000,2.000000000,0.225146291,0.000000000,0.000000000
QV-C02-005-A0168,QV-C02-005,DS00,quebrada_verde,CAMPAIGN_02,334.000000000,336.000000000,2.000000000,0.220305834,0.000000000,0.000000000
QV-C02-005-A0169,QV-C02-005,DS00,quebrada_verde,CAMPAIGN_02,336.000000000,338.000000000,2.000000000,0.201347775,0.000000000,0.000000000
QV-C02-005-A0170,QV-C02-005,DS00,quebrada_verde,CAMPAIGN_02,338.000000000,340.000000000,2.000000000,0.227733795,0.000000000,0.000000000
QV-C02-005-A0171,QV-C02-005,DS00,quebrada_verde,CAMPAIGN_02,340.000000000,342.000000000,2.000000000,0.211544214,0.000000000,0.000000000
QV-C02-005-A0172,QV-C02-005,DS00,quebrada_verde,CAMPAIGN_02,342.000000000,344.000000000,2.000000000,0.234446608,0.000000000,0.000000000
QV-C02-005-A0173,QV-C02-005,DS00,quebrada_verde,CAMPAIGN_02,344.000000000,346.000000000,2.000000000,0.229703907,0.000000000,0.000000000
QV-C02-005-A0174,QV-C02-005,DS00,quebrada_verde,CAMPAIGN_02,346.000000000,348.000000000,2.000000000,0.235218779,0.000000000,0.000000000
QV-C02-005-A0175,QV-C02-005,DS00,quebrada_verde,CAMPAIGN_02,348.000000000,350.000000000,2.000000000,0.245282813,0.000000000,0.000000000
QV-C02-005-A0176,QV-C02-005,DS00,quebrada_verde,CAMPAIGN_02,350.000000000,352.000000000,2.000000000,0.225012244,0.000000000,0.000000000
QV-C02-005-A0177,QV-C02-005,DS00,quebrada_verde,CAMPAIGN_02,352.000000000,354.000000000,2.000000000,0.236528000,0.000000000,0.000000000
QV-C02-005-A0178,QV-C02-005,DS00,quebrada_verde,CAMPAIGN_02,354.000000000,356.000000000,2.000000000,0.234027017,0.000000000,0.000000000
QV-C02-005-A0179,QV-C02-005,DS00,quebrada_verde,CAMPAIGN_02,356.000000000,358.000000000,2.000000000,0.257299480,0.000000000,0.000000000
QV-C02-005-A0180,QV-C02-005,DS00,quebrada_verde,CAMPAIGN_02,358.000000000,360.000000000,2.000000000,0.235529791,0.000000000,0.000000000
QV-C02-005-A0181,QV-C02-005,DS00,quebrada_verde,CAMPAIGN_02,360.000000000,362.000000000,2.000000000,0.270741991,0.000000000,0.000000000
QV-C02-005-A0182,QV-C02-005,DS00,quebrada_verde,CAMPAIGN_02,362.000000000,364.000000000,2.000000000,0.283008747,0.000000000,0.000000000
QV-C02-005-A0183,QV-C02-005,DS00,quebrada_verde,CAMPAIGN_02,364.000000000,366.000000000,2.000000000,0.259441860,0.000000000,0.000000000
QV-C02-005-A0184,QV-C02-005,DS00,quebrada_verde,CAMPAIGN_02,366.000000000,368.000000000,2.000000000,0.269879993,0.000000000,0.000000000
QV-C02-005-A0185,QV-C02-005,DS00,quebrada_verde,CAMPAIGN_02,368.000000000,370.000000000,2.000000000,0.277215603,0.000000000,0.000000000
QV-C02-005-A0186,QV-C02-005,DS00,quebrada_verde,CAMPAIGN_02,370.000000000,372.000000000,2.000000000,0.269163304,0.000000000,0.000000000
QV-C02-005-A0187,QV-C02-005,DS00,quebrada_verde,CAMPAIGN_02,372.000000000,374.000000000,2.000000000,0.272786400,0.000000000,0.000000000
QV-C02-005-A0188,QV-C02-005,DS00,quebrada_verde,CAMPAIGN_02,374.000000000,376.000000000,2.000000000,0.280878001,0.000000000,0.000000000
QV-C02-005-A0189,QV-C02-005,DS00,quebrada_verde,CAMPAIGN_02,376.000000000,378.000000000,2.000000000,0.283041999,0.000000000,0.000000000
QV-C02-005-A0190,QV-C02-005,DS00,quebrada_verde,CAMPAIGN_02,378.000000000,380.000000000,2.000000000,0.286096762,0.000000000,0.000000000
QV-C02-005-A0191,QV-C02-005,DS00,quebrada_verde,CAMPAIGN_02,380.000000000,382.000000000,2.000000000,0.294155757,0.000000000,0.000000000
QV-C02-005-A0192,QV-C02-005,DS00,quebrada_verde,CAMPAIGN_02,382.000000000,384.000000000,2.000000000,0.278042800,0.000000000,0.000000000
QV-C02-005-A0193,QV-C02-005,DS00,quebrada_verde,CAMPAIGN_02,384.000000000,386.000000000,2.000000000,0.272353017,0.000000000,0.000000000
QV-C02-005-A0194,QV-C02-005,DS00,quebrada_verde,CAMPAIGN_02,386.000000000,388.000000000,2.000000000,0.282412145,0.000000000,0.000000000
QV-C02-005-A0195,QV-C02-005,DS00,quebrada_verde,CAMPAIGN_02,388.000000000,390.000000000,2.000000000,0.314988613,0.000000000,0.000000000
QV-C02-005-A0196,QV-C02-005,DS00,quebrada_verde,CAMPAIGN_02,390.000000000,392.000000000,2.000000000,0.300265898,0.000000000,0.000000000
QV-C02-005-A0197,QV-C02-005,DS00,quebrada_verde,CAMPAIGN_02,392.000000000,394.000000000,2.000000000,0.305182975,0.000000000,0.000000000
QV-C02-005-A0198,QV-C02-005,DS00,quebrada_verde,CAMPAIGN_02,394.000000000,396.000000000,2.000000000,0.317054194,0.000000000,0.000000000
QV-C02-005-A0199,QV-C02-005,DS00,quebrada_verde,CAMPAIGN_02,396.000000000,398.000000000,2.000000000,0.306380384,0.000000000,0.000000000
QV-C02-005-A0200,QV-C02-005,DS00,quebrada_verde,CAMPAIGN_02,398.000000000,400.000000000,2.000000000,0.310122882,0.000000000,0.000000000
QV-C02-005-A0201,QV-C02-005,DS00,quebrada_verde,CAMPAIGN_02,400.000000000,402.000000000,2.000000000,0.307773553,0.000000000,0.000000000
QV-C02-005-A0202,QV-C02-005,DS00,quebrada_verde,CAMPAIGN_02,402.000000000,404.000000000,2.000000000,0.309050104,0.000000000,0.000000000
QV-C02-005-A0203,QV-C02-005,DS00,quebrada_verde,CAMPAIGN_02,404.000000000,406.000000000,2.000000000,0.326365237,0.000000000,0.000000000
QV-C02-005-A0204,QV-C02-005,DS00,quebrada_verde,CAMPAIGN_02,406.000000000,408.000000000,2.000000000,0.315256037,0.000000000,0.000000000
QV-C02-005-A0205,QV-C02-005,DS00,quebrada_verde,CAMPAIGN_02,408.000000000,410.000000000,2.000000000,0.329256874,0.000000000,0.000000000
QV-C02-005-A0206,QV-C02-005,DS00,quebrada_verde,CAMPAIGN_02,410.000000000,412.000000000,2.000000000,0.326486814,0.000000000,0.000000000
QV-C02-005-A0207,QV-C02-005,DS00,quebrada_verde,CAMPAIGN_02,412.000000000,414.000000000,2.000000000,0.334832375,0.000000000,0.000000000
QV-C02-005-A0208,QV-C02-005,DS00,quebrada_verde,CAMPAIGN_02,414.000000000,416.000000000,2.000000000,0.305446637,0.000000000,0.000000000
QV-C02-005-A0209,QV-C02-005,DS00,quebrada_verde,CAMPAIGN_02,416.000000000,418.000000000,2.000000000,0.325261437,0.000000000,0.000000000
QV-C02-005-A0210,QV-C02-005,DS00,quebrada_verde,CAMPAIGN_02,418.000000000,420.000000000,2.000000000,0.348955282,0.000000000,0.000000000
QV-C02-005-A0211,QV-C02-005,DS00,quebrada_verde,CAMPAIGN_02,420.000000000,422.000000000,2.000000000,0.320400873,0.000000000,0.000000000
QV-C02-005-A0212,QV-C02-005,DS00,quebrada_verde,CAMPAIGN_02,422.000000000,424.000000000,2.000000000,0.330328633,0.000000000,0.000000000
QV-C02-005-A0213,QV-C02-005,DS00,quebrada_verde,CAMPAIGN_02,424.000000000,426.000000000,2.000000000,0.329860516,0.000000000,0.000000000
QV-C02-005-A0214,QV-C02-005,DS00,quebrada_verde,CAMPAIGN_02,426.000000000,428.000000000,2.000000000,0.307352648,0.000000000,0.000000000
QV-C02-005-A0215,QV-C02-005,DS00,quebrada_verde,CAMPAIGN_02,428.000000000,430.000000000,2.000000000,0.322700065,0.000000000,0.000000000
QV-C02-005-A0216,QV-C02-005,DS00,quebrada_verde,CAMPAIGN_02,430.000000000,432.000000000,2.000000000,0.337770504,0.000000000,0.000000000
QV-C02-005-A0217,QV-C02-005,DS00,quebrada_verde,CAMPAIGN_02,432.000000000,434.000000000,2.000000000,0.332615323,0.000000000,0.000000000
QV-C02-005-A0218,QV-C02-005,DS00,quebrada_verde,CAMPAIGN_02,434.000000000,436.000000000,2.000000000,0.337964534,0.000000000,0.000000000
QV-C02-005-A0219,QV-C02-005,DS00,quebrada_verde,CAMPAIGN_02,436.000000000,438.000000000,2.000000000,0.328399728,0.000000000,0.000000000
QV-C02-005-A0220,QV-C02-005,DS00,quebrada_verde,CAMPAIGN_02,438.000000000,440.000000000,2.000000000,0.322142945,0.000000000,0.000000000
QV-C02-005-A0221,QV-C02-005,DS00,quebrada_verde,CAMPAIGN_02,440.000000000,442.000000000,2.000000000,0.323088520,0.000000000,0.000000000
QV-C02-005-A0222,QV-C02-005,DS00,quebrada_verde,CAMPAIGN_02,442.000000000,444.000000000,2.000000000,0.346768068,0.000000000,0.000000000
QV-C02-005-A0223,QV-C02-005,DS00,quebrada_verde,CAMPAIGN_02,444.000000000,446.000000000,2.000000000,0.340202834,0.000000000,0.000000000
QV-C02-005-A0224,QV-C02-005,DS00,quebrada_verde,CAMPAIGN_02,446.000000000,448.000000000,2.000000000,0.325872739,0.000000000,0.000000000
QV-C02-005-A0225,QV-C02-005,DS00,quebrada_verde,CAMPAIGN_02,448.000000000,450.000000000,2.000000000,0.337482493,0.000000000,0.000000000
QV-C02-005-A0226,QV-C02-005,DS00,quebrada_verde,CAMPAIGN_02,450.000000000,452.000000000,2.000000000,0.336425767,0.000000000,0.000000000
QV-C02-005-A0227,QV-C02-005,DS00,quebrada_verde,CAMPAIGN_02,452.000000000,454.000000000,2.000000000,0.329111881,0.000000000,0.000000000
QV-C02-005-A0228,QV-C02-005,DS00,quebrada_verde,CAMPAIGN_02,454.000000000,456.000000000,2.000000000,0.345094518,0.000000000,0.000000000
QV-C02-005-A0229,QV-C02-005,DS00,quebrada_verde,CAMPAIGN_02,456.000000000,458.000000000,2.000000000,0.335197583,0.000000000,0.000000000
QV-C02-005-A0230,QV-C02-005,DS00,quebrada_verde,CAMPAIGN_02,458.000000000,460.000000000,2.000000000,0.332288103,0.000000000,0.000000000
QV-C02-005-A0231,QV-C02-005,DS00,quebrada_verde,CAMPAIGN_02,460.000000000,462.000000000,2.000000000,0.332667192,0.000000000,0.000000000
QV-C02-005-A0232,QV-C02-005,DS00,quebrada_verde,CAMPAIGN_02,462.000000000,464.000000000,2.000000000,0.324132881,0.000000000,0.000000000
QV-C02-005-A0233,QV-C02-005,DS00,quebrada_verde,CAMPAIGN_02,464.000000000,466.000000000,2.000000000,0.341494773,0.000000000,0.000000000
QV-C02-005-A0234,QV-C02-005,DS00,quebrada_verde,CAMPAIGN_02,466.000000000,467.855968008,1.855968008,0.325554534,0.000000000,0.000000000
QV-C02-006-A0001,QV-C02-006,DS00,quebrada_verde,CAMPAIGN_02,0.000000000,2.000000000,2.000000000,0.179908754,0.000000000,0.000000000
QV-C02-006-A0002,QV-C02-006,DS00,quebrada_verde,CAMPAIGN_02,2.000000000,4.000000000,2.000000000,0.183217579,0.000000000,0.000000000
QV-C02-006-A0003,QV-C02-006,DS00,quebrada_verde,CAMPAIGN_02,4.000000000,6.000000000,2.000000000,0.195624297,0.000000000,0.000000000
QV-C02-006-A0004,QV-C02-006,DS00,quebrada_verde,CAMPAIGN_02,6.000000000,8.000000000,2.000000000,0.189650926,0.000000000,0.000000000
QV-C02-006-A0005,QV-C02-006,DS00,quebrada_verde,CAMPAIGN_02,8.000000000,10.000000000,2.000000000,0.200465309,0.000000000,0.000000000
QV-C02-006-A0006,QV-C02-006,DS00,quebrada_verde,CAMPAIGN_02,10.000000000,12.000000000,2.000000000,0.199798413,0.000000000,0.000000000
QV-C02-006-A0007,QV-C02-006,DS00,quebrada_verde,CAMPAIGN_02,12.000000000,14.000000000,2.000000000,0.222738628,0.000000000,0.000000000
QV-C02-006-A0008,QV-C02-006,DS00,quebrada_verde,CAMPAIGN_02,14.000000000,16.000000000,2.000000000,0.218981711,0.000000000,0.000000000
QV-C02-006-A0009,QV-C02-006,DS00,quebrada_verde,CAMPAIGN_02,16.000000000,18.000000000,2.000000000,0.204423363,0.000000000,0.000000000
QV-C02-006-A0010,QV-C02-006,DS00,quebrada_verde,CAMPAIGN_02,18.000000000,20.000000000,2.000000000,0.242433648,0.000000000,0.000000000
QV-C02-006-A0011,QV-C02-006,DS00,quebrada_verde,CAMPAIGN_02,20.000000000,22.000000000,2.000000000,0.220853130,0.000000000,0.000000000
QV-C02-006-A0012,QV-C02-006,DS00,quebrada_verde,CAMPAIGN_02,22.000000000,24.000000000,2.000000000,0.237414498,0.000000000,0.000000000
QV-C02-006-A0013,QV-C02-006,DS00,quebrada_verde,CAMPAIGN_02,24.000000000,26.000000000,2.000000000,0.239823596,0.000000000,0.000000000
QV-C02-006-A0014,QV-C02-006,DS00,quebrada_verde,CAMPAIGN_02,26.000000000,28.000000000,2.000000000,0.262139427,0.000000000,0.000000000
QV-C02-006-A0015,QV-C02-006,DS00,quebrada_verde,CAMPAIGN_02,28.000000000,30.000000000,2.000000000,0.274062453,0.000000000,0.000000000
QV-C02-006-A0016,QV-C02-006,DS00,quebrada_verde,CAMPAIGN_02,30.000000000,32.000000000,2.000000000,0.261474090,0.000000000,0.000000000
QV-C02-006-A0017,QV-C02-006,DS00,quebrada_verde,CAMPAIGN_02,32.000000000,34.000000000,2.000000000,0.269513228,0.000000000,0.000000000
QV-C02-006-A0018,QV-C02-006,DS00,quebrada_verde,CAMPAIGN_02,34.000000000,36.000000000,2.000000000,0.271912614,0.000000000,0.000000000
QV-C02-006-A0019,QV-C02-006,DS00,quebrada_verde,CAMPAIGN_02,36.000000000,38.000000000,2.000000000,0.258245760,0.000000000,0.000000000
QV-C02-006-A0020,QV-C02-006,DS00,quebrada_verde,CAMPAIGN_02,38.000000000,40.000000000,2.000000000,0.281588603,0.000000000,0.000000000
QV-C02-006-A0021,QV-C02-006,DS00,quebrada_verde,CAMPAIGN_02,40.000000000,42.000000000,2.000000000,0.286540882,0.000000000,0.000000000
QV-C02-006-A0022,QV-C02-006,DS00,quebrada_verde,CAMPAIGN_02,42.000000000,44.000000000,2.000000000,0.305590174,0.000000000,0.000000000
QV-C02-006-A0023,QV-C02-006,DS00,quebrada_verde,CAMPAIGN_02,44.000000000,46.000000000,2.000000000,0.295352914,0.000000000,0.000000000
QV-C02-006-A0024,QV-C02-006,DS00,quebrada_verde,CAMPAIGN_02,46.000000000,48.000000000,2.000000000,0.316814603,0.000000000,0.000000000
QV-C02-006-A0025,QV-C02-006,DS00,quebrada_verde,CAMPAIGN_02,48.000000000,50.000000000,2.000000000,0.305030813,0.000000000,0.000000000
QV-C02-006-A0026,QV-C02-006,DS00,quebrada_verde,CAMPAIGN_02,50.000000000,52.000000000,2.000000000,0.328748338,0.000000000,0.000000000
QV-C02-006-A0027,QV-C02-006,DS00,quebrada_verde,CAMPAIGN_02,52.000000000,54.000000000,2.000000000,0.329490484,0.000000000,0.000000000
QV-C02-006-A0028,QV-C02-006,DS00,quebrada_verde,CAMPAIGN_02,54.000000000,56.000000000,2.000000000,0.338604036,0.000000000,0.000000000
QV-C02-006-A0029,QV-C02-006,DS00,quebrada_verde,CAMPAIGN_02,56.000000000,58.000000000,2.000000000,0.357849599,0.000000000,0.000000000
QV-C02-006-A0030,QV-C02-006,DS00,quebrada_verde,CAMPAIGN_02,58.000000000,60.000000000,2.000000000,0.355969261,0.000000000,0.000000000
QV-C02-006-A0031,QV-C02-006,DS00,quebrada_verde,CAMPAIGN_02,60.000000000,62.000000000,2.000000000,0.374431592,0.000000000,0.000000000
QV-C02-006-A0032,QV-C02-006,DS00,quebrada_verde,CAMPAIGN_02,62.000000000,64.000000000,2.000000000,0.354510705,0.000000000,0.000000000
QV-C02-006-A0033,QV-C02-006,DS00,quebrada_verde,CAMPAIGN_02,64.000000000,66.000000000,2.000000000,0.364484579,0.000000000,0.000000000
QV-C02-006-A0034,QV-C02-006,DS00,quebrada_verde,CAMPAIGN_02,66.000000000,68.000000000,2.000000000,0.411062158,0.000000000,0.000000000
QV-C02-006-A0035,QV-C02-006,DS00,quebrada_verde,CAMPAIGN_02,68.000000000,70.000000000,2.000000000,0.375951718,0.000000000,0.000000000
QV-C02-006-A0036,QV-C02-006,DS00,quebrada_verde,CAMPAIGN_02,70.000000000,72.000000000,2.000000000,0.377463242,0.000000000,0.000000000
QV-C02-006-A0037,QV-C02-006,DS00,quebrada_verde,CAMPAIGN_02,72.000000000,74.000000000,2.000000000,0.397214344,0.000000000,0.000000000
QV-C02-006-A0038,QV-C02-006,DS00,quebrada_verde,CAMPAIGN_02,74.000000000,76.000000000,2.000000000,0.411772430,0.000000000,0.000000000
QV-C02-006-A0039,QV-C02-006,DS00,quebrada_verde,CAMPAIGN_02,76.000000000,78.000000000,2.000000000,0.391962039,0.000000000,0.000000000
QV-C02-006-A0040,QV-C02-006,DS00,quebrada_verde,CAMPAIGN_02,78.000000000,80.000000000,2.000000000,0.410962046,0.000000000,0.000000000
QV-C02-006-A0041,QV-C02-006,DS00,quebrada_verde,CAMPAIGN_02,80.000000000,82.000000000,2.000000000,0.433429554,0.000000000,0.000000000
QV-C02-006-A0042,QV-C02-006,DS00,quebrada_verde,CAMPAIGN_02,82.000000000,84.000000000,2.000000000,0.425883855,0.000000000,0.000000000
QV-C02-006-A0043,QV-C02-006,DS00,quebrada_verde,CAMPAIGN_02,84.000000000,86.000000000,2.000000000,0.430589978,0.000000000,0.000000000
QV-C02-006-A0044,QV-C02-006,DS00,quebrada_verde,CAMPAIGN_02,86.000000000,88.000000000,2.000000000,0.460398418,0.000000000,0.000000000
QV-C02-006-A0045,QV-C02-006,DS00,quebrada_verde,CAMPAIGN_02,88.000000000,90.000000000,2.000000000,0.437003276,0.000000000,0.000000000
QV-C02-006-A0046,QV-C02-006,DS00,quebrada_verde,CAMPAIGN_02,90.000000000,92.000000000,2.000000000,0.448235614,0.000000000,0.000000000
QV-C02-006-A0047,QV-C02-006,DS00,quebrada_verde,CAMPAIGN_02,92.000000000,94.000000000,2.000000000,0.516911399,0.000000000,0.000000000
QV-C02-006-A0048,QV-C02-006,DS00,quebrada_verde,CAMPAIGN_02,94.000000000,96.000000000,2.000000000,0.510469446,0.000000000,0.000000000
QV-C02-006-A0049,QV-C02-006,DS00,quebrada_verde,CAMPAIGN_02,96.000000000,98.000000000,2.000000000,0.488384636,0.000000000,0.000000000
QV-C02-006-A0050,QV-C02-006,DS00,quebrada_verde,CAMPAIGN_02,98.000000000,100.000000000,2.000000000,0.488125574,0.000000000,0.000000000
QV-C02-006-A0051,QV-C02-006,DS00,quebrada_verde,CAMPAIGN_02,100.000000000,102.000000000,2.000000000,0.482251332,0.000000000,0.000000000
QV-C02-006-A0052,QV-C02-006,DS00,quebrada_verde,CAMPAIGN_02,102.000000000,104.000000000,2.000000000,0.517007579,0.000000000,0.000000000
QV-C02-006-A0053,QV-C02-006,DS00,quebrada_verde,CAMPAIGN_02,104.000000000,106.000000000,2.000000000,0.543531666,0.000000000,0.000000000
QV-C02-006-A0054,QV-C02-006,DS00,quebrada_verde,CAMPAIGN_02,106.000000000,108.000000000,2.000000000,0.554196427,0.000000000,0.000000000
QV-C02-006-A0055,QV-C02-006,DS00,quebrada_verde,CAMPAIGN_02,108.000000000,110.000000000,2.000000000,0.511497196,0.000000000,0.000000000
QV-C02-006-A0056,QV-C02-006,DS00,quebrada_verde,CAMPAIGN_02,110.000000000,112.000000000,2.000000000,0.558461743,0.000000000,0.000000000
QV-C02-006-A0057,QV-C02-006,DS00,quebrada_verde,CAMPAIGN_02,112.000000000,114.000000000,2.000000000,0.553408878,0.000000000,0.000000000
QV-C02-006-A0058,QV-C02-006,DS00,quebrada_verde,CAMPAIGN_02,114.000000000,116.000000000,2.000000000,0.545043912,0.000000000,0.000000000
QV-C02-006-A0059,QV-C02-006,DS00,quebrada_verde,CAMPAIGN_02,116.000000000,118.000000000,2.000000000,0.581671038,0.000000000,0.000000000
QV-C02-006-A0060,QV-C02-006,DS00,quebrada_verde,CAMPAIGN_02,118.000000000,120.000000000,2.000000000,0.574308330,0.000000000,0.000000000
QV-C02-006-A0061,QV-C02-006,DS00,quebrada_verde,CAMPAIGN_02,120.000000000,122.000000000,2.000000000,0.569671305,0.000000000,0.000000000
QV-C02-006-A0062,QV-C02-006,DS00,quebrada_verde,CAMPAIGN_02,122.000000000,124.000000000,2.000000000,0.570527019,0.000000000,0.000000000
QV-C02-006-A0063,QV-C02-006,DS00,quebrada_verde,CAMPAIGN_02,124.000000000,126.000000000,2.000000000,0.570951444,0.000000000,0.000000000
QV-C02-006-A0064,QV-C02-006,DS00,quebrada_verde,CAMPAIGN_02,126.000000000,128.000000000,2.000000000,0.619735250,0.000000000,0.000000000
QV-C02-006-A0065,QV-C02-006,DS00,quebrada_verde,CAMPAIGN_02,128.000000000,130.000000000,2.000000000,0.594107859,0.000000000,0.000000000
QV-C02-006-A0066,QV-C02-006,DS00,quebrada_verde,CAMPAIGN_02,130.000000000,132.000000000,2.000000000,0.636464425,0.000000000,0.000000000
QV-C02-006-A0067,QV-C02-006,DS00,quebrada_verde,CAMPAIGN_02,132.000000000,134.000000000,2.000000000,0.589240598,0.000000000,0.000000000
QV-C02-006-A0068,QV-C02-006,DS00,quebrada_verde,CAMPAIGN_02,134.000000000,136.000000000,2.000000000,0.622643897,0.000000000,0.000000000
QV-C02-006-A0069,QV-C02-006,DS00,quebrada_verde,CAMPAIGN_02,136.000000000,138.000000000,2.000000000,0.601392601,0.000000000,0.000000000
QV-C02-006-A0070,QV-C02-006,DS00,quebrada_verde,CAMPAIGN_02,138.000000000,140.000000000,2.000000000,0.625848770,0.000000000,0.000000000
QV-C02-006-A0071,QV-C02-006,DS00,quebrada_verde,CAMPAIGN_02,140.000000000,142.000000000,2.000000000,0.656219528,0.000000000,0.000000000
QV-C02-006-A0072,QV-C02-006,DS00,quebrada_verde,CAMPAIGN_02,142.000000000,144.000000000,2.000000000,0.661227264,0.000000000,0.000000000
QV-C02-006-A0073,QV-C02-006,DS00,quebrada_verde,CAMPAIGN_02,144.000000000,146.000000000,2.000000000,0.672993374,0.000000000,0.000000000
QV-C02-006-A0074,QV-C02-006,DS00,quebrada_verde,CAMPAIGN_02,146.000000000,148.000000000,2.000000000,0.636012822,0.000000000,0.000000000
QV-C02-006-A0075,QV-C02-006,DS00,quebrada_verde,CAMPAIGN_02,148.000000000,150.000000000,2.000000000,0.673329447,0.000000000,0.000000000
QV-C02-006-A0076,QV-C02-006,DS00,quebrada_verde,CAMPAIGN_02,150.000000000,152.000000000,2.000000000,0.656267923,0.000000000,0.000000000
QV-C02-006-A0077,QV-C02-006,DS00,quebrada_verde,CAMPAIGN_02,152.000000000,154.000000000,2.000000000,0.626378174,0.000000000,0.000000000
QV-C02-006-A0078,QV-C02-006,DS00,quebrada_verde,CAMPAIGN_02,154.000000000,156.000000000,2.000000000,0.647803274,0.000000000,0.000000000
QV-C02-006-A0079,QV-C02-006,DS00,quebrada_verde,CAMPAIGN_02,156.000000000,158.000000000,2.000000000,0.689773897,0.000000000,0.000000000
QV-C02-006-A0080,QV-C02-006,DS00,quebrada_verde,CAMPAIGN_02,158.000000000,160.000000000,2.000000000,0.713248351,0.000000000,0.000000000
QV-C02-006-A0081,QV-C02-006,DS00,quebrada_verde,CAMPAIGN_02,160.000000000,162.000000000,2.000000000,0.633793887,0.000000000,0.000000000
QV-C02-006-A0082,QV-C02-006,DS00,quebrada_verde,CAMPAIGN_02,162.000000000,164.000000000,2.000000000,0.659702116,0.000000000,0.000000000
QV-C02-006-A0083,QV-C02-006,DS00,quebrada_verde,CAMPAIGN_02,164.000000000,166.000000000,2.000000000,0.704548905,0.000000000,0.000000000
QV-C02-006-A0084,QV-C02-006,DS00,quebrada_verde,CAMPAIGN_02,166.000000000,168.000000000,2.000000000,0.683682516,0.000000000,0.000000000
QV-C02-006-A0085,QV-C02-006,DS00,quebrada_verde,CAMPAIGN_02,168.000000000,170.000000000,2.000000000,0.690422787,0.000000000,0.000000000
QV-C02-006-A0086,QV-C02-006,DS00,quebrada_verde,CAMPAIGN_02,170.000000000,172.000000000,2.000000000,0.698837278,0.000000000,0.000000000
QV-C02-006-A0087,QV-C02-006,DS00,quebrada_verde,CAMPAIGN_02,172.000000000,174.000000000,2.000000000,0.729160476,0.000000000,0.000000000
QV-C02-006-A0088,QV-C02-006,DS00,quebrada_verde,CAMPAIGN_02,174.000000000,176.000000000,2.000000000,0.701009910,0.000000000,0.000000000
QV-C02-006-A0089,QV-C02-006,DS00,quebrada_verde,CAMPAIGN_02,176.000000000,178.000000000,2.000000000,0.675115297,0.000000000,0.000000000
QV-C02-006-A0090,QV-C02-006,DS00,quebrada_verde,CAMPAIGN_02,178.000000000,180.000000000,2.000000000,0.718678457,0.000000000,0.000000000
QV-C02-006-A0091,QV-C02-006,DS00,quebrada_verde,CAMPAIGN_02,180.000000000,182.000000000,2.000000000,0.718043294,0.000000000,0.000000000
QV-C02-006-A0092,QV-C02-006,DS00,quebrada_verde,CAMPAIGN_02,182.000000000,184.000000000,2.000000000,0.686642482,0.000000000,0.000000000
QV-C02-006-A0093,QV-C02-006,DS00,quebrada_verde,CAMPAIGN_02,184.000000000,186.000000000,2.000000000,0.683574843,0.000000000,0.000000000
QV-C02-006-A0094,QV-C02-006,DS00,quebrada_verde,CAMPAIGN_02,186.000000000,188.000000000,2.000000000,0.703118076,0.000000000,0.000000000
QV-C02-006-A0095,QV-C02-006,DS00,quebrada_verde,CAMPAIGN_02,188.000000000,190.000000000,2.000000000,0.645324555,0.000000000,0.000000000
QV-C02-006-A0096,QV-C02-006,DS00,quebrada_verde,CAMPAIGN_02,190.000000000,192.000000000,2.000000000,0.722247099,0.000000000,0.000000000
QV-C02-006-A0097,QV-C02-006,DS00,quebrada_verde,CAMPAIGN_02,192.000000000,194.000000000,2.000000000,0.709632949,0.000000000,0.000000000
QV-C02-006-A0098,QV-C02-006,DS00,quebrada_verde,CAMPAIGN_02,194.000000000,196.000000000,2.000000000,0.678402096,0.000000000,0.000000000
QV-C02-006-A0099,QV-C02-006,DS00,quebrada_verde,CAMPAIGN_02,196.000000000,198.000000000,2.000000000,0.709338276,0.000000000,0.000000000
QV-C02-006-A0100,QV-C02-006,DS00,quebrada_verde,CAMPAIGN_02,198.000000000,200.000000000,2.000000000,0.631257753,0.000000000,0.000000000
QV-C02-006-A0101,QV-C02-006,DS00,quebrada_verde,CAMPAIGN_02,200.000000000,202.000000000,2.000000000,0.700068350,0.000000000,0.000000000
QV-C02-006-A0102,QV-C02-006,DS00,quebrada_verde,CAMPAIGN_02,202.000000000,204.000000000,2.000000000,0.699602875,0.000000000,0.000000000
QV-C02-006-A0103,QV-C02-006,DS00,quebrada_verde,CAMPAIGN_02,204.000000000,206.000000000,2.000000000,0.724975682,0.000000000,0.000000000
QV-C02-006-A0104,QV-C02-006,DS00,quebrada_verde,CAMPAIGN_02,206.000000000,208.000000000,2.000000000,0.706896847,0.000000000,0.000000000
QV-C02-006-A0105,QV-C02-006,DS00,quebrada_verde,CAMPAIGN_02,208.000000000,210.000000000,2.000000000,0.672320285,0.000000000,0.000000000
QV-C02-006-A0106,QV-C02-006,DS00,quebrada_verde,CAMPAIGN_02,210.000000000,212.000000000,2.000000000,0.644731039,0.000000000,0.000000000
QV-C02-006-A0107,QV-C02-006,DS00,quebrada_verde,CAMPAIGN_02,212.000000000,214.000000000,2.000000000,0.647033165,0.000000000,0.000000000
QV-C02-006-A0108,QV-C02-006,DS00,quebrada_verde,CAMPAIGN_02,214.000000000,216.000000000,2.000000000,0.733948360,0.000000000,0.000000000
QV-C02-006-A0109,QV-C02-006,DS00,quebrada_verde,CAMPAIGN_02,216.000000000,218.000000000,2.000000000,0.676054650,0.000000000,0.000000000
QV-C02-006-A0110,QV-C02-006,DS00,quebrada_verde,CAMPAIGN_02,218.000000000,220.000000000,2.000000000,0.691715753,0.000000000,0.000000000
QV-C02-007-A0001,QV-C02-007,DS00,quebrada_verde,CAMPAIGN_02,0.000000000,2.000000000,2.000000000,0.257582756,0.000000000,0.000000000
QV-C02-007-A0002,QV-C02-007,DS00,quebrada_verde,CAMPAIGN_02,2.000000000,4.000000000,2.000000000,0.255142718,0.000000000,0.000000000
QV-C02-007-A0003,QV-C02-007,DS00,quebrada_verde,CAMPAIGN_02,4.000000000,6.000000000,2.000000000,0.255537680,0.000000000,0.000000000
QV-C02-007-A0004,QV-C02-007,DS00,quebrada_verde,CAMPAIGN_02,6.000000000,8.000000000,2.000000000,0.286242730,0.000000000,0.000000000
QV-C02-007-A0005,QV-C02-007,DS00,quebrada_verde,CAMPAIGN_02,8.000000000,10.000000000,2.000000000,0.276131924,0.000000000,0.000000000
QV-C02-007-A0006,QV-C02-007,DS00,quebrada_verde,CAMPAIGN_02,10.000000000,12.000000000,2.000000000,0.299083950,0.000000000,0.000000000
QV-C02-007-A0007,QV-C02-007,DS00,quebrada_verde,CAMPAIGN_02,12.000000000,14.000000000,2.000000000,0.297186953,0.000000000,0.000000000
QV-C02-007-A0008,QV-C02-007,DS00,quebrada_verde,CAMPAIGN_02,14.000000000,16.000000000,2.000000000,0.303017157,0.000000000,0.000000000
QV-C02-007-A0009,QV-C02-007,DS00,quebrada_verde,CAMPAIGN_02,16.000000000,18.000000000,2.000000000,0.316473150,0.000000000,0.000000000
QV-C02-007-A0010,QV-C02-007,DS00,quebrada_verde,CAMPAIGN_02,18.000000000,20.000000000,2.000000000,0.305541278,0.000000000,0.000000000
QV-C02-007-A0011,QV-C02-007,DS00,quebrada_verde,CAMPAIGN_02,20.000000000,22.000000000,2.000000000,0.308226570,0.000000000,0.000000000
QV-C02-007-A0012,QV-C02-007,DS00,quebrada_verde,CAMPAIGN_02,22.000000000,24.000000000,2.000000000,0.325466172,0.000000000,0.000000000
QV-C02-007-A0013,QV-C02-007,DS00,quebrada_verde,CAMPAIGN_02,24.000000000,26.000000000,2.000000000,0.336927589,0.000000000,0.000000000
QV-C02-007-A0014,QV-C02-007,DS00,quebrada_verde,CAMPAIGN_02,26.000000000,28.000000000,2.000000000,0.359228771,0.000000000,0.000000000
QV-C02-007-A0015,QV-C02-007,DS00,quebrada_verde,CAMPAIGN_02,28.000000000,30.000000000,2.000000000,0.370236619,0.000000000,0.000000000
QV-C02-007-A0016,QV-C02-007,DS00,quebrada_verde,CAMPAIGN_02,30.000000000,32.000000000,2.000000000,0.360550420,0.000000000,0.000000000
QV-C02-007-A0017,QV-C02-007,DS00,quebrada_verde,CAMPAIGN_02,32.000000000,34.000000000,2.000000000,0.375877765,0.000000000,0.000000000
QV-C02-007-A0018,QV-C02-007,DS00,quebrada_verde,CAMPAIGN_02,34.000000000,36.000000000,2.000000000,0.366980096,0.000000000,0.000000000
QV-C02-007-A0019,QV-C02-007,DS00,quebrada_verde,CAMPAIGN_02,36.000000000,38.000000000,2.000000000,0.419182767,0.000000000,0.000000000
QV-C02-007-A0020,QV-C02-007,DS00,quebrada_verde,CAMPAIGN_02,38.000000000,40.000000000,2.000000000,0.426286889,0.000000000,0.000000000
QV-C02-007-A0021,QV-C02-007,DS00,quebrada_verde,CAMPAIGN_02,40.000000000,42.000000000,2.000000000,0.423640680,0.000000000,0.000000000
QV-C02-007-A0022,QV-C02-007,DS00,quebrada_verde,CAMPAIGN_02,42.000000000,44.000000000,2.000000000,0.421191014,0.000000000,0.000000000
QV-C02-007-A0023,QV-C02-007,DS00,quebrada_verde,CAMPAIGN_02,44.000000000,46.000000000,2.000000000,0.418248339,0.000000000,0.000000000
QV-C02-007-A0024,QV-C02-007,DS00,quebrada_verde,CAMPAIGN_02,46.000000000,48.000000000,2.000000000,0.442052755,0.000000000,0.000000000
QV-C02-007-A0025,QV-C02-007,DS00,quebrada_verde,CAMPAIGN_02,48.000000000,50.000000000,2.000000000,0.444980535,0.000000000,0.000000000
QV-C02-007-A0026,QV-C02-007,DS00,quebrada_verde,CAMPAIGN_02,50.000000000,52.000000000,2.000000000,0.430073389,0.000000000,0.000000000
QV-C02-007-A0027,QV-C02-007,DS00,quebrada_verde,CAMPAIGN_02,52.000000000,54.000000000,2.000000000,0.427431818,0.000000000,0.000000000
QV-C02-007-A0028,QV-C02-007,DS00,quebrada_verde,CAMPAIGN_02,54.000000000,56.000000000,2.000000000,0.485233892,0.000000000,0.000000000
QV-C02-007-A0029,QV-C02-007,DS00,quebrada_verde,CAMPAIGN_02,56.000000000,58.000000000,2.000000000,0.476950646,0.000000000,0.000000000
QV-C02-007-A0030,QV-C02-007,DS00,quebrada_verde,CAMPAIGN_02,58.000000000,60.000000000,2.000000000,0.479169708,0.000000000,0.000000000
QV-C02-007-A0031,QV-C02-007,DS00,quebrada_verde,CAMPAIGN_02,60.000000000,62.000000000,2.000000000,0.470372496,0.000000000,0.000000000
QV-C02-007-A0032,QV-C02-007,DS00,quebrada_verde,CAMPAIGN_02,62.000000000,64.000000000,2.000000000,0.506570811,0.000000000,0.000000000
QV-C02-007-A0033,QV-C02-007,DS00,quebrada_verde,CAMPAIGN_02,64.000000000,66.000000000,2.000000000,0.486492057,0.000000000,0.000000000
QV-C02-007-A0034,QV-C02-007,DS00,quebrada_verde,CAMPAIGN_02,66.000000000,68.000000000,2.000000000,0.541426733,0.000000000,0.000000000
QV-C02-007-A0035,QV-C02-007,DS00,quebrada_verde,CAMPAIGN_02,68.000000000,70.000000000,2.000000000,0.529685870,0.000000000,0.000000000
QV-C02-007-A0036,QV-C02-007,DS00,quebrada_verde,CAMPAIGN_02,70.000000000,72.000000000,2.000000000,0.500054229,0.000000000,0.000000000
QV-C02-007-A0037,QV-C02-007,DS00,quebrada_verde,CAMPAIGN_02,72.000000000,74.000000000,2.000000000,0.522800779,0.000000000,0.000000000
QV-C02-007-A0038,QV-C02-007,DS00,quebrada_verde,CAMPAIGN_02,74.000000000,76.000000000,2.000000000,0.563576216,0.000000000,0.000000000
QV-C02-007-A0039,QV-C02-007,DS00,quebrada_verde,CAMPAIGN_02,76.000000000,78.000000000,2.000000000,0.539703760,0.000000000,0.000000000
QV-C02-007-A0040,QV-C02-007,DS00,quebrada_verde,CAMPAIGN_02,78.000000000,80.000000000,2.000000000,0.586849116,0.000000000,0.000000000
QV-C02-007-A0041,QV-C02-007,DS00,quebrada_verde,CAMPAIGN_02,80.000000000,82.000000000,2.000000000,0.599757054,0.000000000,0.000000000
QV-C02-007-A0042,QV-C02-007,DS00,quebrada_verde,CAMPAIGN_02,82.000000000,84.000000000,2.000000000,0.604057663,0.000000000,0.000000000
QV-C02-007-A0043,QV-C02-007,DS00,quebrada_verde,CAMPAIGN_02,84.000000000,86.000000000,2.000000000,0.616090277,0.000000000,0.000000000
QV-C02-007-A0044,QV-C02-007,DS00,quebrada_verde,CAMPAIGN_02,86.000000000,88.000000000,2.000000000,0.631208341,0.000000000,0.000000000
QV-C02-007-A0045,QV-C02-007,DS00,quebrada_verde,CAMPAIGN_02,88.000000000,90.000000000,2.000000000,0.647195039,0.000000000,0.000000000
QV-C02-007-A0046,QV-C02-007,DS00,quebrada_verde,CAMPAIGN_02,90.000000000,92.000000000,2.000000000,0.638204215,0.000000000,0.000000000
QV-C02-007-A0047,QV-C02-007,DS00,quebrada_verde,CAMPAIGN_02,92.000000000,94.000000000,2.000000000,0.678916021,0.000000000,0.000000000
QV-C02-007-A0048,QV-C02-007,DS00,quebrada_verde,CAMPAIGN_02,94.000000000,96.000000000,2.000000000,0.645260062,0.000000000,0.000000000
QV-C02-007-A0049,QV-C02-007,DS00,quebrada_verde,CAMPAIGN_02,96.000000000,98.000000000,2.000000000,0.689834269,0.000000000,0.000000000
QV-C02-007-A0050,QV-C02-007,DS00,quebrada_verde,CAMPAIGN_02,98.000000000,100.000000000,2.000000000,0.640579759,0.000000000,0.000000000
QV-C02-007-A0051,QV-C02-007,DS00,quebrada_verde,CAMPAIGN_02,100.000000000,102.000000000,2.000000000,0.622149005,0.000000000,0.000000000
QV-C02-007-A0052,QV-C02-007,DS00,quebrada_verde,CAMPAIGN_02,102.000000000,104.000000000,2.000000000,0.704007437,0.000000000,0.000000000
QV-C02-007-A0053,QV-C02-007,DS00,quebrada_verde,CAMPAIGN_02,104.000000000,106.000000000,2.000000000,0.701210717,0.000000000,0.000000000
QV-C02-007-A0054,QV-C02-007,DS00,quebrada_verde,CAMPAIGN_02,106.000000000,108.000000000,2.000000000,0.687382098,0.000000000,0.000000000
QV-C02-007-A0055,QV-C02-007,DS00,quebrada_verde,CAMPAIGN_02,108.000000000,110.000000000,2.000000000,0.733068054,0.000000000,0.000000000
QV-C02-007-A0056,QV-C02-007,DS00,quebrada_verde,CAMPAIGN_02,110.000000000,112.000000000,2.000000000,0.777122133,0.000000000,0.000000000
QV-C02-007-A0057,QV-C02-007,DS00,quebrada_verde,CAMPAIGN_02,112.000000000,114.000000000,2.000000000,0.699041139,0.000000000,0.000000000
QV-C02-007-A0058,QV-C02-007,DS00,quebrada_verde,CAMPAIGN_02,114.000000000,116.000000000,2.000000000,0.734232228,0.000000000,0.000000000
QV-C02-007-A0059,QV-C02-007,DS00,quebrada_verde,CAMPAIGN_02,116.000000000,118.000000000,2.000000000,0.754971158,0.000000000,0.000000000
QV-C02-007-A0060,QV-C02-007,DS00,quebrada_verde,CAMPAIGN_02,118.000000000,120.000000000,2.000000000,0.790833129,0.000000000,0.000000000
QV-C02-007-A0061,QV-C02-007,DS00,quebrada_verde,CAMPAIGN_02,120.000000000,122.000000000,2.000000000,0.759520562,0.000000000,0.000000000
QV-C02-007-A0062,QV-C02-007,DS00,quebrada_verde,CAMPAIGN_02,122.000000000,124.000000000,2.000000000,0.733102195,0.000000000,0.000000000
QV-C02-007-A0063,QV-C02-007,DS00,quebrada_verde,CAMPAIGN_02,124.000000000,126.000000000,2.000000000,0.754656433,0.000000000,0.000000000
QV-C02-007-A0064,QV-C02-007,DS00,quebrada_verde,CAMPAIGN_02,126.000000000,128.000000000,2.000000000,0.782397113,0.000000000,0.000000000
QV-C02-007-A0065,QV-C02-007,DS00,quebrada_verde,CAMPAIGN_02,128.000000000,130.000000000,2.000000000,0.734367854,0.000000000,0.000000000
QV-C02-007-A0066,QV-C02-007,DS00,quebrada_verde,CAMPAIGN_02,130.000000000,132.000000000,2.000000000,0.761389657,0.000000000,0.000000000
QV-C02-007-A0067,QV-C02-007,DS00,quebrada_verde,CAMPAIGN_02,132.000000000,134.000000000,2.000000000,0.831634278,0.000000000,0.000000000
QV-C02-007-A0068,QV-C02-007,DS00,quebrada_verde,CAMPAIGN_02,134.000000000,136.000000000,2.000000000,0.761682771,0.000000000,0.000000000
QV-C02-007-A0069,QV-C02-007,DS00,quebrada_verde,CAMPAIGN_02,136.000000000,138.000000000,2.000000000,0.822946938,0.000000000,0.000000000
QV-C02-007-A0070,QV-C02-007,DS00,quebrada_verde,CAMPAIGN_02,138.000000000,140.000000000,2.000000000,0.812339914,0.000000000,0.000000000
QV-C02-007-A0071,QV-C02-007,DS00,quebrada_verde,CAMPAIGN_02,140.000000000,142.000000000,2.000000000,0.888856698,0.000000000,0.000000000
QV-C02-007-A0072,QV-C02-007,DS00,quebrada_verde,CAMPAIGN_02,142.000000000,144.000000000,2.000000000,0.877574305,0.000000000,0.000000000
QV-C02-007-A0073,QV-C02-007,DS00,quebrada_verde,CAMPAIGN_02,144.000000000,146.000000000,2.000000000,0.867205358,0.000000000,0.000000000
QV-C02-007-A0074,QV-C02-007,DS00,quebrada_verde,CAMPAIGN_02,146.000000000,148.000000000,2.000000000,0.896605136,0.000000000,0.000000000
QV-C02-007-A0075,QV-C02-007,DS00,quebrada_verde,CAMPAIGN_02,148.000000000,150.000000000,2.000000000,0.810759060,0.000000000,0.000000000
QV-C02-007-A0076,QV-C02-007,DS00,quebrada_verde,CAMPAIGN_02,150.000000000,152.000000000,2.000000000,0.875920001,0.000000000,0.000000000
QV-C02-007-A0077,QV-C02-007,DS00,quebrada_verde,CAMPAIGN_02,152.000000000,154.000000000,2.000000000,0.908507165,0.000000000,0.000000000
QV-C02-007-A0078,QV-C02-007,DS00,quebrada_verde,CAMPAIGN_02,154.000000000,156.000000000,2.000000000,0.848900229,0.000000000,0.000000000
QV-C02-007-A0079,QV-C02-007,DS00,quebrada_verde,CAMPAIGN_02,156.000000000,158.000000000,2.000000000,0.838692155,0.000000000,0.000000000
QV-C02-007-A0080,QV-C02-007,DS00,quebrada_verde,CAMPAIGN_02,158.000000000,160.000000000,2.000000000,0.881885899,0.000000000,0.000000000
QV-C02-007-A0081,QV-C02-007,DS00,quebrada_verde,CAMPAIGN_02,160.000000000,162.000000000,2.000000000,0.814825995,0.000000000,0.000000000
QV-C02-007-A0082,QV-C02-007,DS00,quebrada_verde,CAMPAIGN_02,162.000000000,164.000000000,2.000000000,0.876971351,0.000000000,0.000000000
QV-C02-007-A0083,QV-C02-007,DS00,quebrada_verde,CAMPAIGN_02,164.000000000,166.000000000,2.000000000,0.847107085,0.000000000,0.000000000
QV-C02-007-A0084,QV-C02-007,DS00,quebrada_verde,CAMPAIGN_02,166.000000000,168.000000000,2.000000000,0.889134515,0.000000000,0.000000000
QV-C02-007-A0085,QV-C02-007,DS00,quebrada_verde,CAMPAIGN_02,168.000000000,170.000000000,2.000000000,0.900637923,0.000000000,0.000000000
QV-C02-007-A0086,QV-C02-007,DS00,quebrada_verde,CAMPAIGN_02,170.000000000,172.000000000,2.000000000,0.874468154,0.000000000,0.000000000
QV-C02-007-A0087,QV-C02-007,DS00,quebrada_verde,CAMPAIGN_02,172.000000000,174.000000000,2.000000000,0.862059956,0.000000000,0.000000000
QV-C02-007-A0088,QV-C02-007,DS00,quebrada_verde,CAMPAIGN_02,174.000000000,176.000000000,2.000000000,0.893790872,0.000000000,0.000000000
QV-C02-007-A0089,QV-C02-007,DS00,quebrada_verde,CAMPAIGN_02,176.000000000,178.000000000,2.000000000,0.912373665,0.000000000,0.000000000
QV-C02-007-A0090,QV-C02-007,DS00,quebrada_verde,CAMPAIGN_02,178.000000000,180.000000000,2.000000000,0.894585720,0.000000000,0.000000000
QV-C02-007-A0091,QV-C02-007,DS00,quebrada_verde,CAMPAIGN_02,180.000000000,182.000000000,2.000000000,0.892480608,0.000000000,0.000000000
QV-C02-007-A0092,QV-C02-007,DS00,quebrada_verde,CAMPAIGN_02,182.000000000,184.000000000,2.000000000,0.934507709,0.000000000,0.000000000
QV-C02-007-A0093,QV-C02-007,DS00,quebrada_verde,CAMPAIGN_02,184.000000000,186.000000000,2.000000000,0.945435341,0.000000000,0.000000000
QV-C02-007-A0094,QV-C02-007,DS00,quebrada_verde,CAMPAIGN_02,186.000000000,188.000000000,2.000000000,0.901258479,0.000000000,0.000000000
QV-C02-007-A0095,QV-C02-007,DS00,quebrada_verde,CAMPAIGN_02,188.000000000,190.000000000,2.000000000,0.862098100,0.000000000,0.000000000
QV-C02-007-A0096,QV-C02-007,DS00,quebrada_verde,CAMPAIGN_02,190.000000000,192.000000000,2.000000000,0.877142008,0.000000000,0.000000000
QV-C02-007-A0097,QV-C02-007,DS00,quebrada_verde,CAMPAIGN_02,192.000000000,194.000000000,2.000000000,0.870219710,0.000000000,0.000000000
QV-C02-007-A0098,QV-C02-007,DS00,quebrada_verde,CAMPAIGN_02,194.000000000,196.000000000,2.000000000,0.897849053,0.000000000,0.000000000
QV-C02-007-A0099,QV-C02-007,DS00,quebrada_verde,CAMPAIGN_02,196.000000000,198.000000000,2.000000000,0.855567949,0.000000000,0.000000000
QV-C02-007-A0100,QV-C02-007,DS00,quebrada_verde,CAMPAIGN_02,198.000000000,200.000000000,2.000000000,0.846991706,0.000000000,0.000000000
QV-C02-007-A0101,QV-C02-007,DS00,quebrada_verde,CAMPAIGN_02,200.000000000,202.000000000,2.000000000,0.860702806,0.000000000,0.000000000
QV-C02-007-A0102,QV-C02-007,DS00,quebrada_verde,CAMPAIGN_02,202.000000000,204.000000000,2.000000000,0.859821990,0.000000000,0.000000000
QV-C02-007-A0103,QV-C02-007,DS00,quebrada_verde,CAMPAIGN_02,204.000000000,206.000000000,2.000000000,0.843154379,0.000000000,0.000000000
QV-C02-007-A0104,QV-C02-007,DS00,quebrada_verde,CAMPAIGN_02,206.000000000,208.000000000,2.000000000,0.847338917,0.000000000,0.000000000
QV-C02-007-A0105,QV-C02-007,DS00,quebrada_verde,CAMPAIGN_02,208.000000000,210.000000000,2.000000000,0.816997226,0.000000000,0.000000000
QV-C02-007-A0106,QV-C02-007,DS00,quebrada_verde,CAMPAIGN_02,210.000000000,212.000000000,2.000000000,0.841608758,0.000000000,0.000000000
QV-C02-007-A0107,QV-C02-007,DS00,quebrada_verde,CAMPAIGN_02,212.000000000,214.000000000,2.000000000,0.855489096,0.000000000,0.000000000
QV-C02-007-A0108,QV-C02-007,DS00,quebrada_verde,CAMPAIGN_02,214.000000000,216.000000000,2.000000000,0.833439703,0.000000000,0.000000000
QV-C02-007-A0109,QV-C02-007,DS00,quebrada_verde,CAMPAIGN_02,216.000000000,218.000000000,2.000000000,0.796178639,0.000000000,0.000000000
QV-C02-007-A0110,QV-C02-007,DS00,quebrada_verde,CAMPAIGN_02,218.000000000,220.000000000,2.000000000,0.859530529,0.000000000,0.000000000
QV-C02-007-A0111,QV-C02-007,DS00,quebrada_verde,CAMPAIGN_02,220.000000000,222.000000000,2.000000000,0.780740765,0.000000000,0.000000000
QV-C02-007-A0112,QV-C02-007,DS00,quebrada_verde,CAMPAIGN_02,222.000000000,224.000000000,2.000000000,0.801749761,0.000000000,0.000000000
QV-C02-007-A0113,QV-C02-007,DS00,quebrada_verde,CAMPAIGN_02,224.000000000,226.000000000,2.000000000,0.756088432,0.000000000,0.000000000
QV-C02-007-A0114,QV-C02-007,DS00,quebrada_verde,CAMPAIGN_02,226.000000000,228.000000000,2.000000000,0.720263540,0.000000000,0.000000000
QV-C02-007-A0115,QV-C02-007,DS00,quebrada_verde,CAMPAIGN_02,228.000000000,230.000000000,2.000000000,0.762305372,0.000000000,0.000000000
QV-C02-007-A0116,QV-C02-007,DS00,quebrada_verde,CAMPAIGN_02,230.000000000,231.209298878,1.209298878,0.857134689,0.000000000,0.000000000
QV-C02-008-A0001,QV-C02-008,DS00,quebrada_verde,CAMPAIGN_02,0.000000000,2.000000000,2.000000000,0.149386539,0.000000000,0.000000000
QV-C02-008-A0002,QV-C02-008,DS00,quebrada_verde,CAMPAIGN_02,2.000000000,4.000000000,2.000000000,0.151378598,0.000000000,0.000000000
QV-C02-008-A0003,QV-C02-008,DS00,quebrada_verde,CAMPAIGN_02,4.000000000,6.000000000,2.000000000,0.145512618,0.000000000,0.000000000
QV-C02-008-A0004,QV-C02-008,DS00,quebrada_verde,CAMPAIGN_02,6.000000000,8.000000000,2.000000000,0.157472798,0.000000000,0.000000000
QV-C02-008-A0005,QV-C02-008,DS00,quebrada_verde,CAMPAIGN_02,8.000000000,10.000000000,2.000000000,0.161939490,0.000000000,0.000000000
QV-C02-008-A0006,QV-C02-008,DS00,quebrada_verde,CAMPAIGN_02,10.000000000,12.000000000,2.000000000,0.172545193,0.000000000,0.000000000
QV-C02-008-A0007,QV-C02-008,DS00,quebrada_verde,CAMPAIGN_02,12.000000000,14.000000000,2.000000000,0.185470706,0.000000000,0.000000000
QV-C02-008-A0008,QV-C02-008,DS00,quebrada_verde,CAMPAIGN_02,14.000000000,16.000000000,2.000000000,0.173896772,0.000000000,0.000000000
QV-C02-008-A0009,QV-C02-008,DS00,quebrada_verde,CAMPAIGN_02,16.000000000,18.000000000,2.000000000,0.189961553,0.000000000,0.000000000
QV-C02-008-A0010,QV-C02-008,DS00,quebrada_verde,CAMPAIGN_02,18.000000000,20.000000000,2.000000000,0.188743573,0.000000000,0.000000000
QV-C02-008-A0011,QV-C02-008,DS00,quebrada_verde,CAMPAIGN_02,20.000000000,22.000000000,2.000000000,0.212417618,0.000000000,0.000000000
QV-C02-008-A0012,QV-C02-008,DS00,quebrada_verde,CAMPAIGN_02,22.000000000,24.000000000,2.000000000,0.210776347,0.000000000,0.000000000
QV-C02-008-A0013,QV-C02-008,DS00,quebrada_verde,CAMPAIGN_02,24.000000000,26.000000000,2.000000000,0.211522637,0.000000000,0.000000000
QV-C02-008-A0014,QV-C02-008,DS00,quebrada_verde,CAMPAIGN_02,26.000000000,28.000000000,2.000000000,0.215530078,0.000000000,0.000000000
QV-C02-008-A0015,QV-C02-008,DS00,quebrada_verde,CAMPAIGN_02,28.000000000,30.000000000,2.000000000,0.216073596,0.000000000,0.000000000
QV-C02-008-A0016,QV-C02-008,DS00,quebrada_verde,CAMPAIGN_02,30.000000000,32.000000000,2.000000000,0.242880763,0.000000000,0.000000000
QV-C02-008-A0017,QV-C02-008,DS00,quebrada_verde,CAMPAIGN_02,32.000000000,34.000000000,2.000000000,0.257623153,0.000000000,0.000000000
QV-C02-008-A0018,QV-C02-008,DS00,quebrada_verde,CAMPAIGN_02,34.000000000,36.000000000,2.000000000,0.261154788,0.000000000,0.000000000
QV-C02-008-A0019,QV-C02-008,DS00,quebrada_verde,CAMPAIGN_02,36.000000000,38.000000000,2.000000000,0.243690238,0.000000000,0.000000000
QV-C02-008-A0020,QV-C02-008,DS00,quebrada_verde,CAMPAIGN_02,38.000000000,40.000000000,2.000000000,0.266101895,0.000000000,0.000000000
QV-C02-008-A0021,QV-C02-008,DS00,quebrada_verde,CAMPAIGN_02,40.000000000,42.000000000,2.000000000,0.259450975,0.000000000,0.000000000
QV-C02-008-A0022,QV-C02-008,DS00,quebrada_verde,CAMPAIGN_02,42.000000000,44.000000000,2.000000000,0.255216350,0.000000000,0.000000000
QV-C02-008-A0023,QV-C02-008,DS00,quebrada_verde,CAMPAIGN_02,44.000000000,46.000000000,2.000000000,0.278591086,0.000000000,0.000000000
QV-C02-008-A0024,QV-C02-008,DS00,quebrada_verde,CAMPAIGN_02,46.000000000,48.000000000,2.000000000,0.295859678,0.000000000,0.000000000
QV-C02-008-A0025,QV-C02-008,DS00,quebrada_verde,CAMPAIGN_02,48.000000000,50.000000000,2.000000000,0.295194249,0.000000000,0.000000000
QV-C02-008-A0026,QV-C02-008,DS00,quebrada_verde,CAMPAIGN_02,50.000000000,52.000000000,2.000000000,0.292825265,0.000000000,0.000000000
QV-C02-008-A0027,QV-C02-008,DS00,quebrada_verde,CAMPAIGN_02,52.000000000,54.000000000,2.000000000,0.309525527,0.000000000,0.000000000
QV-C02-008-A0028,QV-C02-008,DS00,quebrada_verde,CAMPAIGN_02,54.000000000,56.000000000,2.000000000,0.288561138,0.000000000,0.000000000
QV-C02-008-A0029,QV-C02-008,DS00,quebrada_verde,CAMPAIGN_02,56.000000000,58.000000000,2.000000000,0.313836755,0.000000000,0.000000000
QV-C02-008-A0030,QV-C02-008,DS00,quebrada_verde,CAMPAIGN_02,58.000000000,60.000000000,2.000000000,0.324092657,0.000000000,0.000000000
QV-C02-008-A0031,QV-C02-008,DS00,quebrada_verde,CAMPAIGN_02,60.000000000,62.000000000,2.000000000,0.336342887,0.000000000,0.000000000
QV-C02-008-A0032,QV-C02-008,DS00,quebrada_verde,CAMPAIGN_02,62.000000000,64.000000000,2.000000000,0.342483572,0.000000000,0.000000000
QV-C02-008-A0033,QV-C02-008,DS00,quebrada_verde,CAMPAIGN_02,64.000000000,66.000000000,2.000000000,0.375138184,0.000000000,0.000000000
QV-C02-008-A0034,QV-C02-008,DS00,quebrada_verde,CAMPAIGN_02,66.000000000,68.000000000,2.000000000,0.359781206,0.000000000,0.000000000
QV-C02-008-A0035,QV-C02-008,DS00,quebrada_verde,CAMPAIGN_02,68.000000000,70.000000000,2.000000000,0.377304456,0.000000000,0.000000000
QV-C02-008-A0036,QV-C02-008,DS00,quebrada_verde,CAMPAIGN_02,70.000000000,72.000000000,2.000000000,0.382861930,0.000000000,0.000000000
QV-C02-008-A0037,QV-C02-008,DS00,quebrada_verde,CAMPAIGN_02,72.000000000,74.000000000,2.000000000,0.368377512,0.000000000,0.000000000
QV-C02-008-A0038,QV-C02-008,DS00,quebrada_verde,CAMPAIGN_02,74.000000000,76.000000000,2.000000000,0.378631389,0.000000000,0.000000000
QV-C02-008-A0039,QV-C02-008,DS00,quebrada_verde,CAMPAIGN_02,76.000000000,78.000000000,2.000000000,0.438843049,0.000000000,0.000000000
QV-C02-008-A0040,QV-C02-008,DS00,quebrada_verde,CAMPAIGN_02,78.000000000,80.000000000,2.000000000,0.424760379,0.000000000,0.000000000
QV-C02-008-A0041,QV-C02-008,DS00,quebrada_verde,CAMPAIGN_02,80.000000000,82.000000000,2.000000000,0.383944115,0.000000000,0.000000000
QV-C02-008-A0042,QV-C02-008,DS00,quebrada_verde,CAMPAIGN_02,82.000000000,84.000000000,2.000000000,0.458204013,0.000000000,0.000000000
QV-C02-008-A0043,QV-C02-008,DS00,quebrada_verde,CAMPAIGN_02,84.000000000,86.000000000,2.000000000,0.420430229,0.000000000,0.000000000
QV-C02-008-A0044,QV-C02-008,DS00,quebrada_verde,CAMPAIGN_02,86.000000000,88.000000000,2.000000000,0.483998840,0.000000000,0.000000000
QV-C02-008-A0045,QV-C02-008,DS00,quebrada_verde,CAMPAIGN_02,88.000000000,90.000000000,2.000000000,0.495689621,0.000000000,0.000000000
QV-C02-008-A0046,QV-C02-008,DS00,quebrada_verde,CAMPAIGN_02,90.000000000,92.000000000,2.000000000,0.477493380,0.000000000,0.000000000
QV-C02-008-A0047,QV-C02-008,DS00,quebrada_verde,CAMPAIGN_02,92.000000000,94.000000000,2.000000000,0.452000903,0.000000000,0.000000000
QV-C02-008-A0048,QV-C02-008,DS00,quebrada_verde,CAMPAIGN_02,94.000000000,96.000000000,2.000000000,0.485755312,0.000000000,0.000000000
QV-C02-008-A0049,QV-C02-008,DS00,quebrada_verde,CAMPAIGN_02,96.000000000,98.000000000,2.000000000,0.486920129,0.000000000,0.000000000
QV-C02-008-A0050,QV-C02-008,DS00,quebrada_verde,CAMPAIGN_02,98.000000000,100.000000000,2.000000000,0.518659495,0.000000000,0.000000000
QV-C02-008-A0051,QV-C02-008,DS00,quebrada_verde,CAMPAIGN_02,100.000000000,102.000000000,2.000000000,0.525091779,0.000000000,0.000000000
QV-C02-008-A0052,QV-C02-008,DS00,quebrada_verde,CAMPAIGN_02,102.000000000,104.000000000,2.000000000,0.569866858,0.000000000,0.000000000
QV-C02-008-A0053,QV-C02-008,DS00,quebrada_verde,CAMPAIGN_02,104.000000000,106.000000000,2.000000000,0.530812045,0.000000000,0.000000000
QV-C02-008-A0054,QV-C02-008,DS00,quebrada_verde,CAMPAIGN_02,106.000000000,108.000000000,2.000000000,0.574660830,0.000000000,0.000000000
QV-C02-008-A0055,QV-C02-008,DS00,quebrada_verde,CAMPAIGN_02,108.000000000,110.000000000,2.000000000,0.577235505,0.000000000,0.000000000
QV-C02-008-A0056,QV-C02-008,DS00,quebrada_verde,CAMPAIGN_02,110.000000000,112.000000000,2.000000000,0.627573013,0.000000000,0.000000000
QV-C02-008-A0057,QV-C02-008,DS00,quebrada_verde,CAMPAIGN_02,112.000000000,114.000000000,2.000000000,0.600434044,0.000000000,0.000000000
QV-C02-008-A0058,QV-C02-008,DS00,quebrada_verde,CAMPAIGN_02,114.000000000,116.000000000,2.000000000,0.561112546,0.000000000,0.000000000
QV-C02-008-A0059,QV-C02-008,DS00,quebrada_verde,CAMPAIGN_02,116.000000000,118.000000000,2.000000000,0.594017915,0.000000000,0.000000000
QV-C02-008-A0060,QV-C02-008,DS00,quebrada_verde,CAMPAIGN_02,118.000000000,120.000000000,2.000000000,0.603798347,0.000000000,0.000000000
QV-C02-008-A0061,QV-C02-008,DS00,quebrada_verde,CAMPAIGN_02,120.000000000,122.000000000,2.000000000,0.606001334,0.000000000,0.000000000
QV-C02-008-A0062,QV-C02-008,DS00,quebrada_verde,CAMPAIGN_02,122.000000000,124.000000000,2.000000000,0.607889084,0.000000000,0.000000000
QV-C02-008-A0063,QV-C02-008,DS00,quebrada_verde,CAMPAIGN_02,124.000000000,126.000000000,2.000000000,0.654808956,0.000000000,0.000000000
QV-C02-008-A0064,QV-C02-008,DS00,quebrada_verde,CAMPAIGN_02,126.000000000,128.000000000,2.000000000,0.629504759,0.000000000,0.000000000
QV-C02-008-A0065,QV-C02-008,DS00,quebrada_verde,CAMPAIGN_02,128.000000000,130.000000000,2.000000000,0.651359294,0.000000000,0.000000000
QV-C02-008-A0066,QV-C02-008,DS00,quebrada_verde,CAMPAIGN_02,130.000000000,132.000000000,2.000000000,0.704367586,0.000000000,0.000000000
QV-C02-008-A0067,QV-C02-008,DS00,quebrada_verde,CAMPAIGN_02,132.000000000,134.000000000,2.000000000,0.676414346,0.000000000,0.000000000
QV-C02-008-A0068,QV-C02-008,DS00,quebrada_verde,CAMPAIGN_02,134.000000000,136.000000000,2.000000000,0.659968308,0.000000000,0.000000000
QV-C02-008-A0069,QV-C02-008,DS00,quebrada_verde,CAMPAIGN_02,136.000000000,138.000000000,2.000000000,0.662905652,0.000000000,0.000000000
QV-C02-008-A0070,QV-C02-008,DS00,quebrada_verde,CAMPAIGN_02,138.000000000,140.000000000,2.000000000,0.690741426,0.000000000,0.000000000
QV-C02-008-A0071,QV-C02-008,DS00,quebrada_verde,CAMPAIGN_02,140.000000000,142.000000000,2.000000000,0.730117937,0.000000000,0.000000000
QV-C02-008-A0072,QV-C02-008,DS00,quebrada_verde,CAMPAIGN_02,142.000000000,144.000000000,2.000000000,0.691990373,0.000000000,0.000000000
QV-C02-008-A0073,QV-C02-008,DS00,quebrada_verde,CAMPAIGN_02,144.000000000,146.000000000,2.000000000,0.735512082,0.000000000,0.000000000
QV-C02-008-A0074,QV-C02-008,DS00,quebrada_verde,CAMPAIGN_02,146.000000000,148.000000000,2.000000000,0.738420194,0.000000000,0.000000000
QV-C02-008-A0075,QV-C02-008,DS00,quebrada_verde,CAMPAIGN_02,148.000000000,150.000000000,2.000000000,0.761479833,0.000000000,0.000000000
QV-C02-008-A0076,QV-C02-008,DS00,quebrada_verde,CAMPAIGN_02,150.000000000,152.000000000,2.000000000,0.691607296,0.000000000,0.000000000
QV-C02-008-A0077,QV-C02-008,DS00,quebrada_verde,CAMPAIGN_02,152.000000000,154.000000000,2.000000000,0.738733950,0.000000000,0.000000000
QV-C02-008-A0078,QV-C02-008,DS00,quebrada_verde,CAMPAIGN_02,154.000000000,156.000000000,2.000000000,0.772352101,0.000000000,0.000000000
QV-C02-008-A0079,QV-C02-008,DS00,quebrada_verde,CAMPAIGN_02,156.000000000,158.000000000,2.000000000,0.737998705,0.000000000,0.000000000
QV-C02-008-A0080,QV-C02-008,DS00,quebrada_verde,CAMPAIGN_02,158.000000000,160.000000000,2.000000000,0.790906757,0.000000000,0.000000000
QV-C02-008-A0081,QV-C02-008,DS00,quebrada_verde,CAMPAIGN_02,160.000000000,162.000000000,2.000000000,0.794408535,0.000000000,0.000000000
QV-C02-008-A0082,QV-C02-008,DS00,quebrada_verde,CAMPAIGN_02,162.000000000,164.000000000,2.000000000,0.779747840,0.000000000,0.000000000
QV-C02-008-A0083,QV-C02-008,DS00,quebrada_verde,CAMPAIGN_02,164.000000000,166.000000000,2.000000000,0.791170351,0.000000000,0.000000000
QV-C02-008-A0084,QV-C02-008,DS00,quebrada_verde,CAMPAIGN_02,166.000000000,168.000000000,2.000000000,0.794202460,0.000000000,0.000000000
QV-C02-008-A0085,QV-C02-008,DS00,quebrada_verde,CAMPAIGN_02,168.000000000,170.000000000,2.000000000,0.755589856,0.000000000,0.000000000
QV-C02-008-A0086,QV-C02-008,DS00,quebrada_verde,CAMPAIGN_02,170.000000000,172.000000000,2.000000000,0.868996047,0.000000000,0.000000000
QV-C02-008-A0087,QV-C02-008,DS00,quebrada_verde,CAMPAIGN_02,172.000000000,174.000000000,2.000000000,0.802951638,0.000000000,0.000000000
QV-C02-008-A0088,QV-C02-008,DS00,quebrada_verde,CAMPAIGN_02,174.000000000,176.000000000,2.000000000,0.779360327,0.000000000,0.000000000
QV-C02-008-A0089,QV-C02-008,DS00,quebrada_verde,CAMPAIGN_02,176.000000000,178.000000000,2.000000000,0.777080436,0.000000000,0.000000000
QV-C02-008-A0090,QV-C02-008,DS00,quebrada_verde,CAMPAIGN_02,178.000000000,180.000000000,2.000000000,0.848582589,0.000000000,0.000000000
QV-C02-008-A0091,QV-C02-008,DS00,quebrada_verde,CAMPAIGN_02,180.000000000,182.000000000,2.000000000,0.833084684,0.000000000,0.000000000
QV-C02-008-A0092,QV-C02-008,DS00,quebrada_verde,CAMPAIGN_02,182.000000000,184.000000000,2.000000000,0.824264391,0.000000000,0.000000000
QV-C02-008-A0093,QV-C02-008,DS00,quebrada_verde,CAMPAIGN_02,184.000000000,186.000000000,2.000000000,0.863229075,0.000000000,0.000000000
QV-C02-008-A0094,QV-C02-008,DS00,quebrada_verde,CAMPAIGN_02,186.000000000,188.000000000,2.000000000,0.837851564,0.000000000,0.000000000
QV-C02-008-A0095,QV-C02-008,DS00,quebrada_verde,CAMPAIGN_02,188.000000000,190.000000000,2.000000000,0.859533933,0.000000000,0.000000000
QV-C02-008-A0096,QV-C02-008,DS00,quebrada_verde,CAMPAIGN_02,190.000000000,192.000000000,2.000000000,0.891818781,0.000000000,0.000000000
QV-C02-008-A0097,QV-C02-008,DS00,quebrada_verde,CAMPAIGN_02,192.000000000,194.000000000,2.000000000,0.853120318,0.000000000,0.000000000
QV-C02-008-A0098,QV-C02-008,DS00,quebrada_verde,CAMPAIGN_02,194.000000000,196.000000000,2.000000000,0.926264626,0.000000000,0.000000000
QV-C02-008-A0099,QV-C02-008,DS00,quebrada_verde,CAMPAIGN_02,196.000000000,198.000000000,2.000000000,0.876748759,0.000000000,0.000000000
QV-C02-008-A0100,QV-C02-008,DS00,quebrada_verde,CAMPAIGN_02,198.000000000,200.000000000,2.000000000,0.958324767,0.000000000,0.000000000
QV-C02-008-A0101,QV-C02-008,DS00,quebrada_verde,CAMPAIGN_02,200.000000000,202.000000000,2.000000000,0.837018779,0.000000000,0.000000000
QV-C02-008-A0102,QV-C02-008,DS00,quebrada_verde,CAMPAIGN_02,202.000000000,204.000000000,2.000000000,0.873137330,0.000000000,0.000000000
QV-C02-008-A0103,QV-C02-008,DS00,quebrada_verde,CAMPAIGN_02,204.000000000,206.000000000,2.000000000,0.895145654,0.000000000,0.000000000
QV-C02-008-A0104,QV-C02-008,DS00,quebrada_verde,CAMPAIGN_02,206.000000000,208.000000000,2.000000000,0.972595725,0.000000000,0.000000000
QV-C02-008-A0105,QV-C02-008,DS00,quebrada_verde,CAMPAIGN_02,208.000000000,210.000000000,2.000000000,0.891025158,0.000000000,0.000000000
QV-C02-008-A0106,QV-C02-008,DS00,quebrada_verde,CAMPAIGN_02,210.000000000,212.000000000,2.000000000,0.928389762,0.000000000,0.000000000
QV-C02-008-A0107,QV-C02-008,DS00,quebrada_verde,CAMPAIGN_02,212.000000000,214.000000000,2.000000000,0.926114441,0.000000000,0.000000000
QV-C02-008-A0108,QV-C02-008,DS00,quebrada_verde,CAMPAIGN_02,214.000000000,216.000000000,2.000000000,0.910499558,0.000000000,0.000000000
QV-C02-008-A0109,QV-C02-008,DS00,quebrada_verde,CAMPAIGN_02,216.000000000,218.000000000,2.000000000,0.866838497,0.000000000,0.000000000
QV-C02-008-A0110,QV-C02-008,DS00,quebrada_verde,CAMPAIGN_02,218.000000000,220.000000000,2.000000000,0.889110744,0.000000000,0.000000000
QV-C02-008-A0111,QV-C02-008,DS00,quebrada_verde,CAMPAIGN_02,220.000000000,222.000000000,2.000000000,0.834908772,0.000000000,0.000000000
QV-C02-008-A0112,QV-C02-008,DS00,quebrada_verde,CAMPAIGN_02,222.000000000,224.000000000,2.000000000,0.899260679,0.000000000,0.000000000
QV-C02-008-A0113,QV-C02-008,DS00,quebrada_verde,CAMPAIGN_02,224.000000000,226.000000000,2.000000000,0.858177351,0.000000000,0.000000000
QV-C02-008-A0114,QV-C02-008,DS00,quebrada_verde,CAMPAIGN_02,226.000000000,228.000000000,2.000000000,0.925728165,0.000000000,0.000000000
QV-C02-008-A0115,QV-C02-008,DS00,quebrada_verde,CAMPAIGN_02,228.000000000,230.000000000,2.000000000,0.877317361,0.000000000,0.000000000
QV-C02-008-A0116,QV-C02-008,DS00,quebrada_verde,CAMPAIGN_02,230.000000000,232.000000000,2.000000000,0.871929630,0.000000000,0.000000000
QV-C02-008-A0117,QV-C02-008,DS00,quebrada_verde,CAMPAIGN_02,232.000000000,234.000000000,2.000000000,0.812615877,0.000000000,0.000000000
QV-C02-008-A0118,QV-C02-008,DS00,quebrada_verde,CAMPAIGN_02,234.000000000,236.000000000,2.000000000,0.856029439,0.000000000,0.000000000
QV-C02-008-A0119,QV-C02-008,DS00,quebrada_verde,CAMPAIGN_02,236.000000000,238.000000000,2.000000000,0.881866551,0.000000000,0.000000000
QV-C02-008-A0120,QV-C02-008,DS00,quebrada_verde,CAMPAIGN_02,238.000000000,240.000000000,2.000000000,0.780471652,0.000000000,0.000000000
QV-C02-008-A0121,QV-C02-008,DS00,quebrada_verde,CAMPAIGN_02,240.000000000,242.000000000,2.000000000,0.839283253,0.000000000,0.000000000
QV-C02-008-A0122,QV-C02-008,DS00,quebrada_verde,CAMPAIGN_02,242.000000000,244.000000000,2.000000000,0.819650980,0.000000000,0.000000000
QV-C02-008-A0123,QV-C02-008,DS00,quebrada_verde,CAMPAIGN_02,244.000000000,246.000000000,2.000000000,0.839962842,0.000000000,0.000000000
QV-C02-008-A0124,QV-C02-008,DS00,quebrada_verde,CAMPAIGN_02,246.000000000,248.000000000,2.000000000,0.853211142,0.000000000,0.000000000
QV-C02-008-A0125,QV-C02-008,DS00,quebrada_verde,CAMPAIGN_02,248.000000000,250.000000000,2.000000000,0.866091866,0.000000000,0.000000000
QV-C02-008-A0126,QV-C02-008,DS00,quebrada_verde,CAMPAIGN_02,250.000000000,252.000000000,2.000000000,0.870359908,0.000000000,0.000000000
QV-C02-008-A0127,QV-C02-008,DS00,quebrada_verde,CAMPAIGN_02,252.000000000,254.000000000,2.000000000,0.833816739,0.000000000,0.000000000
QV-C02-008-A0128,QV-C02-008,DS00,quebrada_verde,CAMPAIGN_02,254.000000000,256.000000000,2.000000000,0.774183385,0.000000000,0.000000000
QV-C02-008-A0129,QV-C02-008,DS00,quebrada_verde,CAMPAIGN_02,256.000000000,258.000000000,2.000000000,0.835641616,0.000000000,0.000000000
QV-C02-008-A0130,QV-C02-008,DS00,quebrada_verde,CAMPAIGN_02,258.000000000,260.000000000,2.000000000,0.775664998,0.000000000,0.000000000
QV-C02-008-A0131,QV-C02-008,DS00,quebrada_verde,CAMPAIGN_02,260.000000000,262.000000000,2.000000000,0.768250164,0.000000000,0.000000000
QV-C02-008-A0132,QV-C02-008,DS00,quebrada_verde,CAMPAIGN_02,262.000000000,264.000000000,2.000000000,0.852817924,0.000000000,0.000000000
QV-C02-008-A0133,QV-C02-008,DS00,quebrada_verde,CAMPAIGN_02,264.000000000,266.000000000,2.000000000,0.827517484,0.000000000,0.000000000
QV-C02-008-A0134,QV-C02-008,DS00,quebrada_verde,CAMPAIGN_02,266.000000000,268.000000000,2.000000000,0.815028226,0.000000000,0.000000000
QV-C02-008-A0135,QV-C02-008,DS00,quebrada_verde,CAMPAIGN_02,268.000000000,268.999566210,0.999566210,0.765126045,0.000000000,0.000000000
QV-C02-009-A0001,QV-C02-009,DS00,quebrada_verde,CAMPAIGN_02,0.000000000,2.000000000,2.000000000,0.048608692,0.000000000,0.000000000
QV-C02-009-A0002,QV-C02-009,DS00,quebrada_verde,CAMPAIGN_02,2.000000000,4.000000000,2.000000000,0.051295343,0.000000000,0.000000000
QV-C02-009-A0003,QV-C02-009,DS00,quebrada_verde,CAMPAIGN_02,4.000000000,6.000000000,2.000000000,0.048906763,0.000000000,0.000000000
QV-C02-009-A0004,QV-C02-009,DS00,quebrada_verde,CAMPAIGN_02,6.000000000,8.000000000,2.000000000,0.052820727,0.000000000,0.000000000
QV-C02-009-A0005,QV-C02-009,DS00,quebrada_verde,CAMPAIGN_02,8.000000000,10.000000000,2.000000000,0.048517898,0.000000000,0.000000000
QV-C02-009-A0006,QV-C02-009,DS00,quebrada_verde,CAMPAIGN_02,10.000000000,12.000000000,2.000000000,0.052866635,0.000000000,0.000000000
QV-C02-009-A0007,QV-C02-009,DS00,quebrada_verde,CAMPAIGN_02,12.000000000,14.000000000,2.000000000,0.052811693,0.000000000,0.000000000
QV-C02-009-A0008,QV-C02-009,DS00,quebrada_verde,CAMPAIGN_02,14.000000000,16.000000000,2.000000000,0.060026298,0.000000000,0.000000000
QV-C02-009-A0009,QV-C02-009,DS00,quebrada_verde,CAMPAIGN_02,16.000000000,18.000000000,2.000000000,0.060406342,0.000000000,0.000000000
QV-C02-009-A0010,QV-C02-009,DS00,quebrada_verde,CAMPAIGN_02,18.000000000,20.000000000,2.000000000,0.055523848,0.000000000,0.000000000
QV-C02-009-A0011,QV-C02-009,DS00,quebrada_verde,CAMPAIGN_02,20.000000000,22.000000000,2.000000000,0.059151042,0.000000000,0.000000000
QV-C02-009-A0012,QV-C02-009,DS00,quebrada_verde,CAMPAIGN_02,22.000000000,24.000000000,2.000000000,0.067603180,0.000000000,0.000000000
QV-C02-009-A0013,QV-C02-009,DS00,quebrada_verde,CAMPAIGN_02,24.000000000,26.000000000,2.000000000,0.063224265,0.000000000,0.000000000
QV-C02-009-A0014,QV-C02-009,DS00,quebrada_verde,CAMPAIGN_02,26.000000000,28.000000000,2.000000000,0.062399595,0.000000000,0.000000000
QV-C02-009-A0015,QV-C02-009,DS00,quebrada_verde,CAMPAIGN_02,28.000000000,30.000000000,2.000000000,0.065481266,0.000000000,0.000000000
QV-C02-009-A0016,QV-C02-009,DS00,quebrada_verde,CAMPAIGN_02,30.000000000,32.000000000,2.000000000,0.069721604,0.000000000,0.000000000
QV-C02-009-A0017,QV-C02-009,DS00,quebrada_verde,CAMPAIGN_02,32.000000000,34.000000000,2.000000000,0.076301357,0.000000000,0.000000000
QV-C02-009-A0018,QV-C02-009,DS00,quebrada_verde,CAMPAIGN_02,34.000000000,36.000000000,2.000000000,0.072257944,0.000000000,0.000000000
QV-C02-009-A0019,QV-C02-009,DS00,quebrada_verde,CAMPAIGN_02,36.000000000,38.000000000,2.000000000,0.072977826,0.000000000,0.000000000
QV-C02-009-A0020,QV-C02-009,DS00,quebrada_verde,CAMPAIGN_02,38.000000000,40.000000000,2.000000000,0.076362167,0.000000000,0.000000000
QV-C02-009-A0021,QV-C02-009,DS00,quebrada_verde,CAMPAIGN_02,40.000000000,42.000000000,2.000000000,0.081343876,0.000000000,0.000000000
QV-C02-009-A0022,QV-C02-009,DS00,quebrada_verde,CAMPAIGN_02,42.000000000,44.000000000,2.000000000,0.082121575,0.000000000,0.000000000
QV-C02-009-A0023,QV-C02-009,DS00,quebrada_verde,CAMPAIGN_02,44.000000000,46.000000000,2.000000000,0.085290371,0.000000000,0.000000000
QV-C02-009-A0024,QV-C02-009,DS00,quebrada_verde,CAMPAIGN_02,46.000000000,48.000000000,2.000000000,0.083040918,0.000000000,0.000000000
QV-C02-009-A0025,QV-C02-009,DS00,quebrada_verde,CAMPAIGN_02,48.000000000,50.000000000,2.000000000,0.092435938,0.000000000,0.000000000
QV-C02-009-A0026,QV-C02-009,DS00,quebrada_verde,CAMPAIGN_02,50.000000000,52.000000000,2.000000000,0.094157967,0.000000000,0.000000000
QV-C02-009-A0027,QV-C02-009,DS00,quebrada_verde,CAMPAIGN_02,52.000000000,54.000000000,2.000000000,0.096043340,0.000000000,0.000000000
QV-C02-009-A0028,QV-C02-009,DS00,quebrada_verde,CAMPAIGN_02,54.000000000,56.000000000,2.000000000,0.100382205,0.000000000,0.000000000
QV-C02-009-A0029,QV-C02-009,DS00,quebrada_verde,CAMPAIGN_02,56.000000000,58.000000000,2.000000000,0.108036661,0.000000000,0.000000000
QV-C02-009-A0030,QV-C02-009,DS00,quebrada_verde,CAMPAIGN_02,58.000000000,60.000000000,2.000000000,0.097838593,0.000000000,0.000000000
QV-C02-009-A0031,QV-C02-009,DS00,quebrada_verde,CAMPAIGN_02,60.000000000,62.000000000,2.000000000,0.099706384,0.000000000,0.000000000
QV-C02-009-A0032,QV-C02-009,DS00,quebrada_verde,CAMPAIGN_02,62.000000000,64.000000000,2.000000000,0.113419314,0.000000000,0.000000000
QV-C02-009-A0033,QV-C02-009,DS00,quebrada_verde,CAMPAIGN_02,64.000000000,66.000000000,2.000000000,0.115023332,0.000000000,0.000000000
QV-C02-009-A0034,QV-C02-009,DS00,quebrada_verde,CAMPAIGN_02,66.000000000,68.000000000,2.000000000,0.123662645,0.000000000,0.000000000
QV-C02-009-A0035,QV-C02-009,DS00,quebrada_verde,CAMPAIGN_02,68.000000000,70.000000000,2.000000000,0.123491520,0.000000000,0.000000000
QV-C02-009-A0036,QV-C02-009,DS00,quebrada_verde,CAMPAIGN_02,70.000000000,72.000000000,2.000000000,0.121643976,0.000000000,0.000000000
QV-C02-009-A0037,QV-C02-009,DS00,quebrada_verde,CAMPAIGN_02,72.000000000,74.000000000,2.000000000,0.127280382,0.000000000,0.000000000
QV-C02-009-A0038,QV-C02-009,DS00,quebrada_verde,CAMPAIGN_02,74.000000000,76.000000000,2.000000000,0.130010003,0.000000000,0.000000000
QV-C02-009-A0039,QV-C02-009,DS00,quebrada_verde,CAMPAIGN_02,76.000000000,78.000000000,2.000000000,0.138829793,0.000000000,0.000000000
QV-C02-009-A0040,QV-C02-009,DS00,quebrada_verde,CAMPAIGN_02,78.000000000,80.000000000,2.000000000,0.143740619,0.000000000,0.000000000
QV-C02-009-A0041,QV-C02-009,DS00,quebrada_verde,CAMPAIGN_02,80.000000000,82.000000000,2.000000000,0.145416246,0.000000000,0.000000000
QV-C02-009-A0042,QV-C02-009,DS00,quebrada_verde,CAMPAIGN_02,82.000000000,84.000000000,2.000000000,0.155458431,0.000000000,0.000000000
QV-C02-009-A0043,QV-C02-009,DS00,quebrada_verde,CAMPAIGN_02,84.000000000,86.000000000,2.000000000,0.162872462,0.000000000,0.000000000
QV-C02-009-A0044,QV-C02-009,DS00,quebrada_verde,CAMPAIGN_02,86.000000000,88.000000000,2.000000000,0.163161412,0.000000000,0.000000000
QV-C02-009-A0045,QV-C02-009,DS00,quebrada_verde,CAMPAIGN_02,88.000000000,90.000000000,2.000000000,0.169512228,0.000000000,0.000000000
QV-C02-009-A0046,QV-C02-009,DS00,quebrada_verde,CAMPAIGN_02,90.000000000,92.000000000,2.000000000,0.178201365,0.000000000,0.000000000
QV-C02-009-A0047,QV-C02-009,DS00,quebrada_verde,CAMPAIGN_02,92.000000000,94.000000000,2.000000000,0.172546850,0.000000000,0.000000000
QV-C02-009-A0048,QV-C02-009,DS00,quebrada_verde,CAMPAIGN_02,94.000000000,96.000000000,2.000000000,0.179969508,0.000000000,0.000000000
QV-C02-009-A0049,QV-C02-009,DS00,quebrada_verde,CAMPAIGN_02,96.000000000,98.000000000,2.000000000,0.183850287,0.000000000,0.000000000
QV-C02-009-A0050,QV-C02-009,DS00,quebrada_verde,CAMPAIGN_02,98.000000000,100.000000000,2.000000000,0.193350196,0.000000000,0.000000000
QV-C02-009-A0051,QV-C02-009,DS00,quebrada_verde,CAMPAIGN_02,100.000000000,102.000000000,2.000000000,0.188878833,0.000000000,0.000000000
QV-C02-009-A0052,QV-C02-009,DS00,quebrada_verde,CAMPAIGN_02,102.000000000,104.000000000,2.000000000,0.207845780,0.000000000,0.000000000
QV-C02-009-A0053,QV-C02-009,DS00,quebrada_verde,CAMPAIGN_02,104.000000000,106.000000000,2.000000000,0.203417380,0.000000000,0.000000000
QV-C02-009-A0054,QV-C02-009,DS00,quebrada_verde,CAMPAIGN_02,106.000000000,108.000000000,2.000000000,0.215325072,0.000000000,0.000000000
QV-C02-009-A0055,QV-C02-009,DS00,quebrada_verde,CAMPAIGN_02,108.000000000,110.000000000,2.000000000,0.203766635,0.000000000,0.000000000
QV-C02-009-A0056,QV-C02-009,DS00,quebrada_verde,CAMPAIGN_02,110.000000000,112.000000000,2.000000000,0.214041297,0.000000000,0.000000000
QV-C02-009-A0057,QV-C02-009,DS00,quebrada_verde,CAMPAIGN_02,112.000000000,114.000000000,2.000000000,0.224281464,0.000000000,0.000000000
QV-C02-009-A0058,QV-C02-009,DS00,quebrada_verde,CAMPAIGN_02,114.000000000,116.000000000,2.000000000,0.237415150,0.000000000,0.000000000
QV-C02-009-A0059,QV-C02-009,DS00,quebrada_verde,CAMPAIGN_02,116.000000000,118.000000000,2.000000000,0.235711807,0.000000000,0.000000000
QV-C02-009-A0060,QV-C02-009,DS00,quebrada_verde,CAMPAIGN_02,118.000000000,120.000000000,2.000000000,0.232345509,0.000000000,0.000000000
QV-C02-009-A0061,QV-C02-009,DS00,quebrada_verde,CAMPAIGN_02,120.000000000,122.000000000,2.000000000,0.245529394,0.000000000,0.000000000
QV-C02-009-A0062,QV-C02-009,DS00,quebrada_verde,CAMPAIGN_02,122.000000000,124.000000000,2.000000000,0.244322906,0.000000000,0.000000000
QV-C02-009-A0063,QV-C02-009,DS00,quebrada_verde,CAMPAIGN_02,124.000000000,126.000000000,2.000000000,0.245731192,0.000000000,0.000000000
QV-C02-009-A0064,QV-C02-009,DS00,quebrada_verde,CAMPAIGN_02,126.000000000,128.000000000,2.000000000,0.269032246,0.000000000,0.000000000
QV-C02-009-A0065,QV-C02-009,DS00,quebrada_verde,CAMPAIGN_02,128.000000000,130.000000000,2.000000000,0.280802882,0.000000000,0.000000000
QV-C02-009-A0066,QV-C02-009,DS00,quebrada_verde,CAMPAIGN_02,130.000000000,132.000000000,2.000000000,0.282952075,0.000000000,0.000000000
QV-C02-009-A0067,QV-C02-009,DS00,quebrada_verde,CAMPAIGN_02,132.000000000,134.000000000,2.000000000,0.294283086,0.000000000,0.000000000
QV-C02-009-A0068,QV-C02-009,DS00,quebrada_verde,CAMPAIGN_02,134.000000000,136.000000000,2.000000000,0.289873732,0.000000000,0.000000000
QV-C02-009-A0069,QV-C02-009,DS00,quebrada_verde,CAMPAIGN_02,136.000000000,138.000000000,2.000000000,0.301885487,0.000000000,0.000000000
QV-C02-009-A0070,QV-C02-009,DS00,quebrada_verde,CAMPAIGN_02,138.000000000,140.000000000,2.000000000,0.302857523,0.000000000,0.000000000
QV-C02-009-A0071,QV-C02-009,DS00,quebrada_verde,CAMPAIGN_02,140.000000000,142.000000000,2.000000000,0.304216860,0.000000000,0.000000000
QV-C02-009-A0072,QV-C02-009,DS00,quebrada_verde,CAMPAIGN_02,142.000000000,144.000000000,2.000000000,0.318577402,0.000000000,0.000000000
QV-C02-009-A0073,QV-C02-009,DS00,quebrada_verde,CAMPAIGN_02,144.000000000,146.000000000,2.000000000,0.331579455,0.000000000,0.000000000
QV-C02-009-A0074,QV-C02-009,DS00,quebrada_verde,CAMPAIGN_02,146.000000000,148.000000000,2.000000000,0.341192787,0.000000000,0.000000000
QV-C02-009-A0075,QV-C02-009,DS00,quebrada_verde,CAMPAIGN_02,148.000000000,150.000000000,2.000000000,0.360462449,0.000000000,0.000000000
QV-C02-009-A0076,QV-C02-009,DS00,quebrada_verde,CAMPAIGN_02,150.000000000,152.000000000,2.000000000,0.356437613,0.000000000,0.000000000
QV-C02-009-A0077,QV-C02-009,DS00,quebrada_verde,CAMPAIGN_02,152.000000000,154.000000000,2.000000000,0.353509053,0.000000000,0.000000000
QV-C02-009-A0078,QV-C02-009,DS00,quebrada_verde,CAMPAIGN_02,154.000000000,156.000000000,2.000000000,0.351474656,0.000000000,0.000000000
QV-C02-009-A0079,QV-C02-009,DS00,quebrada_verde,CAMPAIGN_02,156.000000000,158.000000000,2.000000000,0.383526503,0.000000000,0.000000000
QV-C02-009-A0080,QV-C02-009,DS00,quebrada_verde,CAMPAIGN_02,158.000000000,160.000000000,2.000000000,0.363091625,0.000000000,0.000000000
QV-C02-009-A0081,QV-C02-009,DS00,quebrada_verde,CAMPAIGN_02,160.000000000,162.000000000,2.000000000,0.386164332,0.000000000,0.000000000
QV-C02-009-A0082,QV-C02-009,DS00,quebrada_verde,CAMPAIGN_02,162.000000000,164.000000000,2.000000000,0.426891127,0.000000000,0.000000000
QV-C02-009-A0083,QV-C02-009,DS00,quebrada_verde,CAMPAIGN_02,164.000000000,166.000000000,2.000000000,0.391351136,0.000000000,0.000000000
QV-C02-009-A0084,QV-C02-009,DS00,quebrada_verde,CAMPAIGN_02,166.000000000,168.000000000,2.000000000,0.424059852,0.000000000,0.000000000
QV-C02-009-A0085,QV-C02-009,DS00,quebrada_verde,CAMPAIGN_02,168.000000000,170.000000000,2.000000000,0.402090973,0.000000000,0.000000000
QV-C02-009-A0086,QV-C02-009,DS00,quebrada_verde,CAMPAIGN_02,170.000000000,172.000000000,2.000000000,0.445047181,0.000000000,0.000000000
QV-C02-009-A0087,QV-C02-009,DS00,quebrada_verde,CAMPAIGN_02,172.000000000,174.000000000,2.000000000,0.447453221,0.000000000,0.000000000
QV-C02-009-A0088,QV-C02-009,DS00,quebrada_verde,CAMPAIGN_02,174.000000000,176.000000000,2.000000000,0.432483544,0.000000000,0.000000000
QV-C02-009-A0089,QV-C02-009,DS00,quebrada_verde,CAMPAIGN_02,176.000000000,178.000000000,2.000000000,0.432675374,0.000000000,0.000000000
QV-C02-009-A0090,QV-C02-009,DS00,quebrada_verde,CAMPAIGN_02,178.000000000,180.000000000,2.000000000,0.465623215,0.000000000,0.000000000
QV-C02-009-A0091,QV-C02-009,DS00,quebrada_verde,CAMPAIGN_02,180.000000000,182.000000000,2.000000000,0.429244312,0.000000000,0.000000000
QV-C02-009-A0092,QV-C02-009,DS00,quebrada_verde,CAMPAIGN_02,182.000000000,184.000000000,2.000000000,0.478879543,0.000000000,0.000000000
QV-C02-009-A0093,QV-C02-009,DS00,quebrada_verde,CAMPAIGN_02,184.000000000,186.000000000,2.000000000,0.465390947,0.000000000,0.000000000
QV-C02-009-A0094,QV-C02-009,DS00,quebrada_verde,CAMPAIGN_02,186.000000000,188.000000000,2.000000000,0.447444907,0.000000000,0.000000000
QV-C02-009-A0095,QV-C02-009,DS00,quebrada_verde,CAMPAIGN_02,188.000000000,190.000000000,2.000000000,0.455273250,0.000000000,0.000000000
QV-C02-009-A0096,QV-C02-009,DS00,quebrada_verde,CAMPAIGN_02,190.000000000,192.000000000,2.000000000,0.537136142,0.000000000,0.000000000
QV-C02-009-A0097,QV-C02-009,DS00,quebrada_verde,CAMPAIGN_02,192.000000000,194.000000000,2.000000000,0.519991743,0.000000000,0.000000000
QV-C02-009-A0098,QV-C02-009,DS00,quebrada_verde,CAMPAIGN_02,194.000000000,196.000000000,2.000000000,0.522046529,0.000000000,0.000000000
QV-C02-009-A0099,QV-C02-009,DS00,quebrada_verde,CAMPAIGN_02,196.000000000,198.000000000,2.000000000,0.505823020,0.000000000,0.000000000
QV-C02-009-A0100,QV-C02-009,DS00,quebrada_verde,CAMPAIGN_02,198.000000000,200.000000000,2.000000000,0.516533398,0.000000000,0.000000000
QV-C02-009-A0101,QV-C02-009,DS00,quebrada_verde,CAMPAIGN_02,200.000000000,202.000000000,2.000000000,0.557090568,0.000000000,0.000000000
QV-C02-009-A0102,QV-C02-009,DS00,quebrada_verde,CAMPAIGN_02,202.000000000,204.000000000,2.000000000,0.586295570,0.000000000,0.000000000
QV-C02-009-A0103,QV-C02-009,DS00,quebrada_verde,CAMPAIGN_02,204.000000000,206.000000000,2.000000000,0.577741384,0.000000000,0.000000000
QV-C02-009-A0104,QV-C02-009,DS00,quebrada_verde,CAMPAIGN_02,206.000000000,208.000000000,2.000000000,0.565683296,0.000000000,0.000000000
QV-C02-009-A0105,QV-C02-009,DS00,quebrada_verde,CAMPAIGN_02,208.000000000,210.000000000,2.000000000,0.592612699,0.000000000,0.000000000
QV-C02-009-A0106,QV-C02-009,DS00,quebrada_verde,CAMPAIGN_02,210.000000000,212.000000000,2.000000000,0.585934257,0.000000000,0.000000000
QV-C02-009-A0107,QV-C02-009,DS00,quebrada_verde,CAMPAIGN_02,212.000000000,214.000000000,2.000000000,0.582895264,0.000000000,0.000000000
QV-C02-009-A0108,QV-C02-009,DS00,quebrada_verde,CAMPAIGN_02,214.000000000,216.000000000,2.000000000,0.604076487,0.000000000,0.000000000
QV-C02-009-A0109,QV-C02-009,DS00,quebrada_verde,CAMPAIGN_02,216.000000000,218.000000000,2.000000000,0.545457083,0.000000000,0.000000000
QV-C02-009-A0110,QV-C02-009,DS00,quebrada_verde,CAMPAIGN_02,218.000000000,220.000000000,2.000000000,0.563694076,0.000000000,0.000000000
QV-C02-009-A0111,QV-C02-009,DS00,quebrada_verde,CAMPAIGN_02,220.000000000,222.000000000,2.000000000,0.570638077,0.000000000,0.000000000
QV-C02-009-A0112,QV-C02-009,DS00,quebrada_verde,CAMPAIGN_02,222.000000000,224.000000000,2.000000000,0.629924259,0.000000000,0.000000000
QV-C02-009-A0113,QV-C02-009,DS00,quebrada_verde,CAMPAIGN_02,224.000000000,226.000000000,2.000000000,0.570216723,0.000000000,0.000000000
QV-C02-009-A0114,QV-C02-009,DS00,quebrada_verde,CAMPAIGN_02,226.000000000,228.000000000,2.000000000,0.568919761,0.000000000,0.000000000
QV-C02-009-A0115,QV-C02-009,DS00,quebrada_verde,CAMPAIGN_02,228.000000000,230.000000000,2.000000000,0.598285812,0.000000000,0.000000000
QV-C02-009-A0116,QV-C02-009,DS00,quebrada_verde,CAMPAIGN_02,230.000000000,232.000000000,2.000000000,0.601735781,0.000000000,0.000000000
QV-C02-009-A0117,QV-C02-009,DS00,quebrada_verde,CAMPAIGN_02,232.000000000,234.000000000,2.000000000,0.595414647,0.000000000,0.000000000
QV-C02-009-A0118,QV-C02-009,DS00,quebrada_verde,CAMPAIGN_02,234.000000000,236.000000000,2.000000000,0.665600087,0.000000000,0.000000000
QV-C02-009-A0119,QV-C02-009,DS00,quebrada_verde,CAMPAIGN_02,236.000000000,238.000000000,2.000000000,0.625228232,0.000000000,0.000000000
QV-C02-009-A0120,QV-C02-009,DS00,quebrada_verde,CAMPAIGN_02,238.000000000,240.000000000,2.000000000,0.605734600,0.000000000,0.000000000
QV-C02-009-A0121,QV-C02-009,DS00,quebrada_verde,CAMPAIGN_02,240.000000000,242.000000000,2.000000000,0.621960902,0.000000000,0.000000000
QV-C02-009-A0122,QV-C02-009,DS00,quebrada_verde,CAMPAIGN_02,242.000000000,244.000000000,2.000000000,0.625581678,0.000000000,0.000000000
QV-C02-009-A0123,QV-C02-009,DS00,quebrada_verde,CAMPAIGN_02,244.000000000,246.000000000,2.000000000,0.659134272,0.000000000,0.000000000
QV-C02-009-A0124,QV-C02-009,DS00,quebrada_verde,CAMPAIGN_02,246.000000000,248.000000000,2.000000000,0.649500585,0.000000000,0.000000000
QV-C02-009-A0125,QV-C02-009,DS00,quebrada_verde,CAMPAIGN_02,248.000000000,250.000000000,2.000000000,0.600154754,0.000000000,0.000000000
QV-C02-009-A0126,QV-C02-009,DS00,quebrada_verde,CAMPAIGN_02,250.000000000,252.000000000,2.000000000,0.634250669,0.000000000,0.000000000
QV-C02-009-A0127,QV-C02-009,DS00,quebrada_verde,CAMPAIGN_02,252.000000000,254.000000000,2.000000000,0.672198142,0.000000000,0.000000000
QV-C02-009-A0128,QV-C02-009,DS00,quebrada_verde,CAMPAIGN_02,254.000000000,256.000000000,2.000000000,0.663274503,0.000000000,0.000000000
QV-C02-009-A0129,QV-C02-009,DS00,quebrada_verde,CAMPAIGN_02,256.000000000,258.000000000,2.000000000,0.650146841,0.000000000,0.000000000
QV-C02-009-A0130,QV-C02-009,DS00,quebrada_verde,CAMPAIGN_02,258.000000000,260.000000000,2.000000000,0.644891400,0.000000000,0.000000000
QV-C02-009-A0131,QV-C02-009,DS00,quebrada_verde,CAMPAIGN_02,260.000000000,262.000000000,2.000000000,0.640825380,0.000000000,0.000000000
QV-C02-009-A0132,QV-C02-009,DS00,quebrada_verde,CAMPAIGN_02,262.000000000,264.000000000,2.000000000,0.707048765,0.000000000,0.000000000
QV-C02-009-A0133,QV-C02-009,DS00,quebrada_verde,CAMPAIGN_02,264.000000000,266.000000000,2.000000000,0.663136050,0.000000000,0.000000000
QV-C02-009-A0134,QV-C02-009,DS00,quebrada_verde,CAMPAIGN_02,266.000000000,268.000000000,2.000000000,0.683716048,0.000000000,0.000000000
QV-C02-009-A0135,QV-C02-009,DS00,quebrada_verde,CAMPAIGN_02,268.000000000,270.000000000,2.000000000,0.641031454,0.000000000,0.000000000
QV-C02-009-A0136,QV-C02-009,DS00,quebrada_verde,CAMPAIGN_02,270.000000000,272.000000000,2.000000000,0.695247483,0.000000000,0.000000000
QV-C02-009-A0137,QV-C02-009,DS00,quebrada_verde,CAMPAIGN_02,272.000000000,274.000000000,2.000000000,0.645911565,0.000000000,0.000000000
QV-C02-009-A0138,QV-C02-009,DS00,quebrada_verde,CAMPAIGN_02,274.000000000,276.000000000,2.000000000,0.675184535,0.000000000,0.000000000
QV-C02-009-A0139,QV-C02-009,DS00,quebrada_verde,CAMPAIGN_02,276.000000000,278.000000000,2.000000000,0.714673817,0.000000000,0.000000000
QV-C02-009-A0140,QV-C02-009,DS00,quebrada_verde,CAMPAIGN_02,278.000000000,280.000000000,2.000000000,0.660239348,0.000000000,0.000000000
QV-C02-009-A0141,QV-C02-009,DS00,quebrada_verde,CAMPAIGN_02,280.000000000,282.000000000,2.000000000,0.668994032,0.000000000,0.000000000
QV-C02-009-A0142,QV-C02-009,DS00,quebrada_verde,CAMPAIGN_02,282.000000000,284.000000000,2.000000000,0.695169993,0.000000000,0.000000000
QV-C02-009-A0143,QV-C02-009,DS00,quebrada_verde,CAMPAIGN_02,284.000000000,286.000000000,2.000000000,0.657449497,0.000000000,0.000000000
QV-C02-009-A0144,QV-C02-009,DS00,quebrada_verde,CAMPAIGN_02,286.000000000,288.000000000,2.000000000,0.644885102,0.000000000,0.000000000
QV-C02-009-A0145,QV-C02-009,DS00,quebrada_verde,CAMPAIGN_02,288.000000000,290.000000000,2.000000000,0.616792968,0.000000000,0.000000000
QV-C02-009-A0146,QV-C02-009,DS00,quebrada_verde,CAMPAIGN_02,290.000000000,292.000000000,2.000000000,0.642501139,0.000000000,0.000000000
QV-C02-009-A0147,QV-C02-009,DS00,quebrada_verde,CAMPAIGN_02,292.000000000,294.000000000,2.000000000,0.693862882,0.000000000,0.000000000
QV-C02-009-A0148,QV-C02-009,DS00,quebrada_verde,CAMPAIGN_02,294.000000000,296.000000000,2.000000000,0.667295920,0.000000000,0.000000000
QV-C02-009-A0149,QV-C02-009,DS00,quebrada_verde,CAMPAIGN_02,296.000000000,298.000000000,2.000000000,0.666939510,0.000000000,0.000000000
QV-C02-009-A0150,QV-C02-009,DS00,quebrada_verde,CAMPAIGN_02,298.000000000,300.000000000,2.000000000,0.625041907,0.000000000,0.000000000
QV-C02-009-A0151,QV-C02-009,DS00,quebrada_verde,CAMPAIGN_02,300.000000000,302.000000000,2.000000000,0.660980024,0.000000000,0.000000000
QV-C02-009-A0152,QV-C02-009,DS00,quebrada_verde,CAMPAIGN_02,302.000000000,304.000000000,2.000000000,0.645808538,0.000000000,0.000000000
QV-C02-009-A0153,QV-C02-009,DS00,quebrada_verde,CAMPAIGN_02,304.000000000,306.000000000,2.000000000,0.672865915,0.000000000,0.000000000
QV-C02-009-A0154,QV-C02-009,DS00,quebrada_verde,CAMPAIGN_02,306.000000000,308.000000000,2.000000000,0.634198826,0.000000000,0.000000000
QV-C02-009-A0155,QV-C02-009,DS00,quebrada_verde,CAMPAIGN_02,308.000000000,310.000000000,2.000000000,0.636592432,0.000000000,0.000000000
QV-C02-009-A0156,QV-C02-009,DS00,quebrada_verde,CAMPAIGN_02,310.000000000,312.000000000,2.000000000,0.621662957,0.000000000,0.000000000
QV-C02-009-A0157,QV-C02-009,DS00,quebrada_verde,CAMPAIGN_02,312.000000000,314.000000000,2.000000000,0.629041894,0.000000000,0.000000000
QV-C02-009-A0158,QV-C02-009,DS00,quebrada_verde,CAMPAIGN_02,314.000000000,316.000000000,2.000000000,0.628509273,0.000000000,0.000000000
QV-C02-009-A0159,QV-C02-009,DS00,quebrada_verde,CAMPAIGN_02,316.000000000,318.000000000,2.000000000,0.662047636,0.000000000,0.000000000
QV-C02-009-A0160,QV-C02-009,DS00,quebrada_verde,CAMPAIGN_02,318.000000000,320.000000000,2.000000000,0.620919544,0.000000000,0.000000000
QV-C02-009-A0161,QV-C02-009,DS00,quebrada_verde,CAMPAIGN_02,320.000000000,322.000000000,2.000000000,0.592300398,0.000000000,0.000000000
QV-C02-009-A0162,QV-C02-009,DS00,quebrada_verde,CAMPAIGN_02,322.000000000,323.289754656,1.289754656,0.599210516,0.000000000,0.000000000
QV-C02-010-A0001,QV-C02-010,DS00,quebrada_verde,CAMPAIGN_02,0.000000000,2.000000000,2.000000000,0.004360622,0.000000000,0.000000000
QV-C02-010-A0002,QV-C02-010,DS00,quebrada_verde,CAMPAIGN_02,2.000000000,4.000000000,2.000000000,0.022129692,0.000000000,0.000000000
QV-C02-010-A0003,QV-C02-010,DS00,quebrada_verde,CAMPAIGN_02,4.000000000,6.000000000,2.000000000,0.023615737,0.000000000,0.000000000
QV-C02-010-A0004,QV-C02-010,DS00,quebrada_verde,CAMPAIGN_02,6.000000000,8.000000000,2.000000000,0.020898177,0.000000000,0.000000000
QV-C02-010-A0005,QV-C02-010,DS00,quebrada_verde,CAMPAIGN_02,8.000000000,10.000000000,2.000000000,0.020830823,0.000000000,0.000000000
QV-C02-010-A0006,QV-C02-010,DS00,quebrada_verde,CAMPAIGN_02,10.000000000,12.000000000,2.000000000,0.021581233,0.000000000,0.000000000
QV-C02-010-A0007,QV-C02-010,DS00,quebrada_verde,CAMPAIGN_02,12.000000000,14.000000000,2.000000000,0.018043984,0.000000000,0.000000000
QV-C02-010-A0008,QV-C02-010,DS00,quebrada_verde,CAMPAIGN_02,14.000000000,16.000000000,2.000000000,0.019959723,0.000000000,0.000000000
QV-C02-010-A0009,QV-C02-010,DS00,quebrada_verde,CAMPAIGN_02,16.000000000,18.000000000,2.000000000,0.024732907,0.000000000,0.000000000
QV-C02-010-A0010,QV-C02-010,DS00,quebrada_verde,CAMPAIGN_02,18.000000000,20.000000000,2.000000000,0.024023221,0.000000000,0.000000000
QV-C02-010-A0011,QV-C02-010,DS00,quebrada_verde,CAMPAIGN_02,20.000000000,22.000000000,2.000000000,0.025525047,0.000000000,0.000000000
QV-C02-010-A0012,QV-C02-010,DS00,quebrada_verde,CAMPAIGN_02,22.000000000,24.000000000,2.000000000,0.022040752,0.000000000,0.000000000
QV-C02-010-A0013,QV-C02-010,DS00,quebrada_verde,CAMPAIGN_02,24.000000000,26.000000000,2.000000000,0.026321165,0.000000000,0.000000000
QV-C02-010-A0014,QV-C02-010,DS00,quebrada_verde,CAMPAIGN_02,26.000000000,28.000000000,2.000000000,0.021148134,0.000000000,0.000000000
QV-C02-010-A0015,QV-C02-010,DS00,quebrada_verde,CAMPAIGN_02,28.000000000,30.000000000,2.000000000,0.024335982,0.000000000,0.000000000
QV-C02-010-A0016,QV-C02-010,DS00,quebrada_verde,CAMPAIGN_02,30.000000000,32.000000000,2.000000000,0.023825280,0.000000000,0.000000000
QV-C02-010-A0017,QV-C02-010,DS00,quebrada_verde,CAMPAIGN_02,32.000000000,34.000000000,2.000000000,0.022907060,0.000000000,0.000000000
QV-C02-010-A0018,QV-C02-010,DS00,quebrada_verde,CAMPAIGN_02,34.000000000,36.000000000,2.000000000,0.023247737,0.000000000,0.000000000
QV-C02-010-A0019,QV-C02-010,DS00,quebrada_verde,CAMPAIGN_02,36.000000000,38.000000000,2.000000000,0.024763716,0.000000000,0.000000000
QV-C02-010-A0020,QV-C02-010,DS00,quebrada_verde,CAMPAIGN_02,38.000000000,40.000000000,2.000000000,0.023270227,0.000000000,0.000000000
QV-C02-010-A0021,QV-C02-010,DS00,quebrada_verde,CAMPAIGN_02,40.000000000,42.000000000,2.000000000,0.028406905,0.000000000,0.000000000
QV-C02-010-A0022,QV-C02-010,DS00,quebrada_verde,CAMPAIGN_02,42.000000000,44.000000000,2.000000000,0.028627582,0.000000000,0.000000000
QV-C02-010-A0023,QV-C02-010,DS00,quebrada_verde,CAMPAIGN_02,44.000000000,46.000000000,2.000000000,0.027281651,0.000000000,0.000000000
QV-C02-010-A0024,QV-C02-010,DS00,quebrada_verde,CAMPAIGN_02,46.000000000,48.000000000,2.000000000,0.026990494,0.000000000,0.000000000
QV-C02-010-A0025,QV-C02-010,DS00,quebrada_verde,CAMPAIGN_02,48.000000000,50.000000000,2.000000000,0.027144357,0.000000000,0.000000000
QV-C02-010-A0026,QV-C02-010,DS00,quebrada_verde,CAMPAIGN_02,50.000000000,52.000000000,2.000000000,0.027253928,0.000000000,0.000000000
QV-C02-010-A0027,QV-C02-010,DS00,quebrada_verde,CAMPAIGN_02,52.000000000,54.000000000,2.000000000,0.025180837,0.000000000,0.000000000
QV-C02-010-A0028,QV-C02-010,DS00,quebrada_verde,CAMPAIGN_02,54.000000000,56.000000000,2.000000000,0.024020659,0.000000000,0.000000000
QV-C02-010-A0029,QV-C02-010,DS00,quebrada_verde,CAMPAIGN_02,56.000000000,58.000000000,2.000000000,0.031097739,0.000000000,0.000000000
QV-C02-010-A0030,QV-C02-010,DS00,quebrada_verde,CAMPAIGN_02,58.000000000,60.000000000,2.000000000,0.026701734,0.000000000,0.000000000
QV-C02-010-A0031,QV-C02-010,DS00,quebrada_verde,CAMPAIGN_02,60.000000000,62.000000000,2.000000000,0.029736903,0.000000000,0.000000000
QV-C02-010-A0032,QV-C02-010,DS00,quebrada_verde,CAMPAIGN_02,62.000000000,64.000000000,2.000000000,0.031452968,0.000000000,0.000000000
QV-C02-010-A0033,QV-C02-010,DS00,quebrada_verde,CAMPAIGN_02,64.000000000,66.000000000,2.000000000,0.032350210,0.000000000,0.000000000
QV-C02-010-A0034,QV-C02-010,DS00,quebrada_verde,CAMPAIGN_02,66.000000000,68.000000000,2.000000000,0.031430924,0.000000000,0.000000000
QV-C02-010-A0035,QV-C02-010,DS00,quebrada_verde,CAMPAIGN_02,68.000000000,70.000000000,2.000000000,0.033384012,0.000000000,0.000000000
QV-C02-010-A0036,QV-C02-010,DS00,quebrada_verde,CAMPAIGN_02,70.000000000,72.000000000,2.000000000,0.033678765,0.000000000,0.000000000
QV-C02-010-A0037,QV-C02-010,DS00,quebrada_verde,CAMPAIGN_02,72.000000000,74.000000000,2.000000000,0.031584134,0.000000000,0.000000000
QV-C02-010-A0038,QV-C02-010,DS00,quebrada_verde,CAMPAIGN_02,74.000000000,76.000000000,2.000000000,0.037788397,0.000000000,0.000000000
QV-C02-010-A0039,QV-C02-010,DS00,quebrada_verde,CAMPAIGN_02,76.000000000,78.000000000,2.000000000,0.032921857,0.000000000,0.000000000
QV-C02-010-A0040,QV-C02-010,DS00,quebrada_verde,CAMPAIGN_02,78.000000000,80.000000000,2.000000000,0.032574193,0.000000000,0.000000000
QV-C02-010-A0041,QV-C02-010,DS00,quebrada_verde,CAMPAIGN_02,80.000000000,82.000000000,2.000000000,0.037628577,0.000000000,0.000000000
QV-C02-010-A0042,QV-C02-010,DS00,quebrada_verde,CAMPAIGN_02,82.000000000,84.000000000,2.000000000,0.034683455,0.000000000,0.000000000
QV-C02-010-A0043,QV-C02-010,DS00,quebrada_verde,CAMPAIGN_02,84.000000000,86.000000000,2.000000000,0.040720249,0.000000000,0.000000000
QV-C02-010-A0044,QV-C02-010,DS00,quebrada_verde,CAMPAIGN_02,86.000000000,88.000000000,2.000000000,0.038542241,0.000000000,0.000000000
QV-C02-010-A0045,QV-C02-010,DS00,quebrada_verde,CAMPAIGN_02,88.000000000,90.000000000,2.000000000,0.036584283,0.000000000,0.000000000
QV-C02-010-A0046,QV-C02-010,DS00,quebrada_verde,CAMPAIGN_02,90.000000000,92.000000000,2.000000000,0.035463747,0.000000000,0.000000000
QV-C02-010-A0047,QV-C02-010,DS00,quebrada_verde,CAMPAIGN_02,92.000000000,94.000000000,2.000000000,0.038344607,0.000000000,0.000000000
QV-C02-010-A0048,QV-C02-010,DS00,quebrada_verde,CAMPAIGN_02,94.000000000,96.000000000,2.000000000,0.043707251,0.000000000,0.000000000
QV-C02-010-A0049,QV-C02-010,DS00,quebrada_verde,CAMPAIGN_02,96.000000000,98.000000000,2.000000000,0.042198426,0.000000000,0.000000000
QV-C02-010-A0050,QV-C02-010,DS00,quebrada_verde,CAMPAIGN_02,98.000000000,100.000000000,2.000000000,0.046315038,0.000000000,0.000000000
QV-C02-010-A0051,QV-C02-010,DS00,quebrada_verde,CAMPAIGN_02,100.000000000,102.000000000,2.000000000,0.040980463,0.000000000,0.000000000
QV-C02-010-A0052,QV-C02-010,DS00,quebrada_verde,CAMPAIGN_02,102.000000000,104.000000000,2.000000000,0.044234369,0.000000000,0.000000000
QV-C02-010-A0053,QV-C02-010,DS00,quebrada_verde,CAMPAIGN_02,104.000000000,106.000000000,2.000000000,0.043739574,0.000000000,0.000000000
QV-C02-010-A0054,QV-C02-010,DS00,quebrada_verde,CAMPAIGN_02,106.000000000,108.000000000,2.000000000,0.045682231,0.000000000,0.000000000
QV-C02-010-A0055,QV-C02-010,DS00,quebrada_verde,CAMPAIGN_02,108.000000000,110.000000000,2.000000000,0.048219414,0.000000000,0.000000000
QV-C02-010-A0056,QV-C02-010,DS00,quebrada_verde,CAMPAIGN_02,110.000000000,112.000000000,2.000000000,0.048613822,0.000000000,0.000000000
QV-C02-010-A0057,QV-C02-010,DS00,quebrada_verde,CAMPAIGN_02,112.000000000,114.000000000,2.000000000,0.049011310,0.000000000,0.000000000
QV-C02-010-A0058,QV-C02-010,DS00,quebrada_verde,CAMPAIGN_02,114.000000000,116.000000000,2.000000000,0.050962327,0.000000000,0.000000000
QV-C02-010-A0059,QV-C02-010,DS00,quebrada_verde,CAMPAIGN_02,116.000000000,118.000000000,2.000000000,0.054992368,0.000000000,0.000000000
QV-C02-010-A0060,QV-C02-010,DS00,quebrada_verde,CAMPAIGN_02,118.000000000,120.000000000,2.000000000,0.056260945,0.000000000,0.000000000
QV-C02-010-A0061,QV-C02-010,DS00,quebrada_verde,CAMPAIGN_02,120.000000000,122.000000000,2.000000000,0.054544900,0.000000000,0.000000000
QV-C02-010-A0062,QV-C02-010,DS00,quebrada_verde,CAMPAIGN_02,122.000000000,124.000000000,2.000000000,0.059302217,0.000000000,0.000000000
QV-C02-010-A0063,QV-C02-010,DS00,quebrada_verde,CAMPAIGN_02,124.000000000,126.000000000,2.000000000,0.056343206,0.000000000,0.000000000
QV-C02-010-A0064,QV-C02-010,DS00,quebrada_verde,CAMPAIGN_02,126.000000000,128.000000000,2.000000000,0.055770212,0.000000000,0.000000000
QV-C02-010-A0065,QV-C02-010,DS00,quebrada_verde,CAMPAIGN_02,128.000000000,130.000000000,2.000000000,0.065954229,0.000000000,0.000000000
QV-C02-010-A0066,QV-C02-010,DS00,quebrada_verde,CAMPAIGN_02,130.000000000,132.000000000,2.000000000,0.060921512,0.000000000,0.000000000
QV-C02-010-A0067,QV-C02-010,DS00,quebrada_verde,CAMPAIGN_02,132.000000000,134.000000000,2.000000000,0.070304594,0.000000000,0.000000000
QV-C02-010-A0068,QV-C02-010,DS00,quebrada_verde,CAMPAIGN_02,134.000000000,136.000000000,2.000000000,0.067383028,0.000000000,0.000000000
QV-C02-010-A0069,QV-C02-010,DS00,quebrada_verde,CAMPAIGN_02,136.000000000,138.000000000,2.000000000,0.068001367,0.000000000,0.000000000
QV-C02-010-A0070,QV-C02-010,DS00,quebrada_verde,CAMPAIGN_02,138.000000000,140.000000000,2.000000000,0.070019942,0.000000000,0.000000000
QV-C02-010-A0071,QV-C02-010,DS00,quebrada_verde,CAMPAIGN_02,140.000000000,142.000000000,2.000000000,0.072464444,0.000000000,0.000000000
QV-C02-010-A0072,QV-C02-010,DS00,quebrada_verde,CAMPAIGN_02,142.000000000,144.000000000,2.000000000,0.077617015,0.000000000,0.000000000
QV-C02-010-A0073,QV-C02-010,DS00,quebrada_verde,CAMPAIGN_02,144.000000000,146.000000000,2.000000000,0.070530230,0.000000000,0.000000000
QV-C02-010-A0074,QV-C02-010,DS00,quebrada_verde,CAMPAIGN_02,146.000000000,148.000000000,2.000000000,0.073156449,0.000000000,0.000000000
QV-C02-010-A0075,QV-C02-010,DS00,quebrada_verde,CAMPAIGN_02,148.000000000,150.000000000,2.000000000,0.076393766,0.000000000,0.000000000
QV-C02-010-A0076,QV-C02-010,DS00,quebrada_verde,CAMPAIGN_02,150.000000000,152.000000000,2.000000000,0.078846722,0.000000000,0.000000000
QV-C02-010-A0077,QV-C02-010,DS00,quebrada_verde,CAMPAIGN_02,152.000000000,154.000000000,2.000000000,0.077670151,0.000000000,0.000000000
QV-C02-010-A0078,QV-C02-010,DS00,quebrada_verde,CAMPAIGN_02,154.000000000,156.000000000,2.000000000,0.087905930,0.000000000,0.000000000
QV-C02-010-A0079,QV-C02-010,DS00,quebrada_verde,CAMPAIGN_02,156.000000000,158.000000000,2.000000000,0.081250087,0.000000000,0.000000000
QV-C02-010-A0080,QV-C02-010,DS00,quebrada_verde,CAMPAIGN_02,158.000000000,160.000000000,2.000000000,0.096356395,0.000000000,0.000000000
QV-C02-010-A0081,QV-C02-010,DS00,quebrada_verde,CAMPAIGN_02,160.000000000,162.000000000,2.000000000,0.089635434,0.000000000,0.000000000
QV-C02-010-A0082,QV-C02-010,DS00,quebrada_verde,CAMPAIGN_02,162.000000000,164.000000000,2.000000000,0.100332671,0.000000000,0.000000000
QV-C02-010-A0083,QV-C02-010,DS00,quebrada_verde,CAMPAIGN_02,164.000000000,166.000000000,2.000000000,0.100509152,0.000000000,0.000000000
QV-C02-010-A0084,QV-C02-010,DS00,quebrada_verde,CAMPAIGN_02,166.000000000,168.000000000,2.000000000,0.094917168,0.000000000,0.000000000
QV-C02-010-A0085,QV-C02-010,DS00,quebrada_verde,CAMPAIGN_02,168.000000000,170.000000000,2.000000000,0.097575067,0.000000000,0.000000000
QV-C02-010-A0086,QV-C02-010,DS00,quebrada_verde,CAMPAIGN_02,170.000000000,172.000000000,2.000000000,0.111966575,0.000000000,0.000000000
QV-C02-010-A0087,QV-C02-010,DS00,quebrada_verde,CAMPAIGN_02,172.000000000,174.000000000,2.000000000,0.109700353,0.000000000,0.000000000
QV-C02-010-A0088,QV-C02-010,DS00,quebrada_verde,CAMPAIGN_02,174.000000000,176.000000000,2.000000000,0.116204868,0.000000000,0.000000000
QV-C02-010-A0089,QV-C02-010,DS00,quebrada_verde,CAMPAIGN_02,176.000000000,178.000000000,2.000000000,0.123062420,0.000000000,0.000000000
QV-C02-010-A0090,QV-C02-010,DS00,quebrada_verde,CAMPAIGN_02,178.000000000,180.000000000,2.000000000,0.119076450,0.000000000,0.000000000
QV-C02-010-A0091,QV-C02-010,DS00,quebrada_verde,CAMPAIGN_02,180.000000000,182.000000000,2.000000000,0.121642811,0.000000000,0.000000000
QV-C02-010-A0092,QV-C02-010,DS00,quebrada_verde,CAMPAIGN_02,182.000000000,184.000000000,2.000000000,0.125202319,0.000000000,0.000000000
QV-C02-010-A0093,QV-C02-010,DS00,quebrada_verde,CAMPAIGN_02,184.000000000,186.000000000,2.000000000,0.125493354,0.000000000,0.000000000
QV-C02-010-A0094,QV-C02-010,DS00,quebrada_verde,CAMPAIGN_02,186.000000000,188.000000000,2.000000000,0.134323169,0.000000000,0.000000000
QV-C02-010-A0095,QV-C02-010,DS00,quebrada_verde,CAMPAIGN_02,188.000000000,190.000000000,2.000000000,0.131437327,0.000000000,0.000000000
QV-C02-010-A0096,QV-C02-010,DS00,quebrada_verde,CAMPAIGN_02,190.000000000,192.000000000,2.000000000,0.138141757,0.000000000,0.000000000
QV-C02-010-A0097,QV-C02-010,DS00,quebrada_verde,CAMPAIGN_02,192.000000000,194.000000000,2.000000000,0.147409874,0.000000000,0.000000000
QV-C02-010-A0098,QV-C02-010,DS00,quebrada_verde,CAMPAIGN_02,194.000000000,196.000000000,2.000000000,0.139403680,0.000000000,0.000000000
QV-C02-010-A0099,QV-C02-010,DS00,quebrada_verde,CAMPAIGN_02,196.000000000,198.000000000,2.000000000,0.139935190,0.000000000,0.000000000
QV-C02-010-A0100,QV-C02-010,DS00,quebrada_verde,CAMPAIGN_02,198.000000000,200.000000000,2.000000000,0.136425096,0.000000000,0.000000000
QV-C02-010-A0101,QV-C02-010,DS00,quebrada_verde,CAMPAIGN_02,200.000000000,202.000000000,2.000000000,0.158664680,0.000000000,0.000000000
QV-C02-010-A0102,QV-C02-010,DS00,quebrada_verde,CAMPAIGN_02,202.000000000,204.000000000,2.000000000,0.152114181,0.000000000,0.000000000
QV-C02-010-A0103,QV-C02-010,DS00,quebrada_verde,CAMPAIGN_02,204.000000000,206.000000000,2.000000000,0.153805316,0.000000000,0.000000000
QV-C02-010-A0104,QV-C02-010,DS00,quebrada_verde,CAMPAIGN_02,206.000000000,208.000000000,2.000000000,0.164069221,0.000000000,0.000000000
QV-C02-010-A0105,QV-C02-010,DS00,quebrada_verde,CAMPAIGN_02,208.000000000,210.000000000,2.000000000,0.181160409,0.000000000,0.000000000
QV-C02-010-A0106,QV-C02-010,DS00,quebrada_verde,CAMPAIGN_02,210.000000000,212.000000000,2.000000000,0.172355264,0.000000000,0.000000000
QV-C02-010-A0107,QV-C02-010,DS00,quebrada_verde,CAMPAIGN_02,212.000000000,214.000000000,2.000000000,0.175530996,0.000000000,0.000000000
QV-C02-010-A0108,QV-C02-010,DS00,quebrada_verde,CAMPAIGN_02,214.000000000,216.000000000,2.000000000,0.187117686,0.000000000,0.000000000
QV-C02-010-A0109,QV-C02-010,DS00,quebrada_verde,CAMPAIGN_02,216.000000000,218.000000000,2.000000000,0.196911808,0.000000000,0.000000000
QV-C02-010-A0110,QV-C02-010,DS00,quebrada_verde,CAMPAIGN_02,218.000000000,220.000000000,2.000000000,0.189084967,0.000000000,0.000000000
QV-C02-010-A0111,QV-C02-010,DS00,quebrada_verde,CAMPAIGN_02,220.000000000,222.000000000,2.000000000,0.192131514,0.000000000,0.000000000
QV-C02-010-A0112,QV-C02-010,DS00,quebrada_verde,CAMPAIGN_02,222.000000000,224.000000000,2.000000000,0.203869955,0.000000000,0.000000000
QV-C02-010-A0113,QV-C02-010,DS00,quebrada_verde,CAMPAIGN_02,224.000000000,226.000000000,2.000000000,0.192815284,0.000000000,0.000000000
QV-C02-010-A0114,QV-C02-010,DS00,quebrada_verde,CAMPAIGN_02,226.000000000,228.000000000,2.000000000,0.204780826,0.000000000,0.000000000
QV-C02-010-A0115,QV-C02-010,DS00,quebrada_verde,CAMPAIGN_02,228.000000000,230.000000000,2.000000000,0.204324508,0.000000000,0.000000000
QV-C02-010-A0116,QV-C02-010,DS00,quebrada_verde,CAMPAIGN_02,230.000000000,232.000000000,2.000000000,0.214772086,0.000000000,0.000000000
QV-C02-010-A0117,QV-C02-010,DS00,quebrada_verde,CAMPAIGN_02,232.000000000,234.000000000,2.000000000,0.231637043,0.000000000,0.000000000
QV-C02-010-A0118,QV-C02-010,DS00,quebrada_verde,CAMPAIGN_02,234.000000000,236.000000000,2.000000000,0.214333162,0.000000000,0.000000000
QV-C02-010-A0119,QV-C02-010,DS00,quebrada_verde,CAMPAIGN_02,236.000000000,238.000000000,2.000000000,0.214500312,0.000000000,0.000000000
QV-C02-010-A0120,QV-C02-010,DS00,quebrada_verde,CAMPAIGN_02,238.000000000,240.000000000,2.000000000,0.230457622,0.000000000,0.000000000
QV-C02-010-A0121,QV-C02-010,DS00,quebrada_verde,CAMPAIGN_02,240.000000000,242.000000000,2.000000000,0.220928800,0.000000000,0.000000000
QV-C02-010-A0122,QV-C02-010,DS00,quebrada_verde,CAMPAIGN_02,242.000000000,244.000000000,2.000000000,0.252405036,0.000000000,0.000000000
QV-C02-010-A0123,QV-C02-010,DS00,quebrada_verde,CAMPAIGN_02,244.000000000,246.000000000,2.000000000,0.243954665,0.000000000,0.000000000
QV-C02-010-A0124,QV-C02-010,DS00,quebrada_verde,CAMPAIGN_02,246.000000000,248.000000000,2.000000000,0.241134555,0.000000000,0.000000000
QV-C02-010-A0125,QV-C02-010,DS00,quebrada_verde,CAMPAIGN_02,248.000000000,250.000000000,2.000000000,0.255088021,0.000000000,0.000000000
QV-C02-010-A0126,QV-C02-010,DS00,quebrada_verde,CAMPAIGN_02,250.000000000,252.000000000,2.000000000,0.273855641,0.000000000,0.000000000
QV-C02-010-A0127,QV-C02-010,DS00,quebrada_verde,CAMPAIGN_02,252.000000000,254.000000000,2.000000000,0.255962481,0.000000000,0.000000000
QV-C02-010-A0128,QV-C02-010,DS00,quebrada_verde,CAMPAIGN_02,254.000000000,256.000000000,2.000000000,0.264536843,0.000000000,0.000000000
QV-C02-010-A0129,QV-C02-010,DS00,quebrada_verde,CAMPAIGN_02,256.000000000,258.000000000,2.000000000,0.266552552,0.000000000,0.000000000
QV-C02-010-A0130,QV-C02-010,DS00,quebrada_verde,CAMPAIGN_02,258.000000000,260.000000000,2.000000000,0.281463899,0.000000000,0.000000000
QV-C02-010-A0131,QV-C02-010,DS00,quebrada_verde,CAMPAIGN_02,260.000000000,262.000000000,2.000000000,0.277754663,0.000000000,0.000000000
QV-C02-010-A0132,QV-C02-010,DS00,quebrada_verde,CAMPAIGN_02,262.000000000,264.000000000,2.000000000,0.271501654,0.000000000,0.000000000
QV-C02-010-A0133,QV-C02-010,DS00,quebrada_verde,CAMPAIGN_02,264.000000000,266.000000000,2.000000000,0.265369847,0.000000000,0.000000000
QV-C02-010-A0134,QV-C02-010,DS00,quebrada_verde,CAMPAIGN_02,266.000000000,268.000000000,2.000000000,0.293673917,0.000000000,0.000000000
QV-C02-010-A0135,QV-C02-010,DS00,quebrada_verde,CAMPAIGN_02,268.000000000,270.000000000,2.000000000,0.285251239,0.000000000,0.000000000
QV-C02-010-A0136,QV-C02-010,DS00,quebrada_verde,CAMPAIGN_02,270.000000000,272.000000000,2.000000000,0.267747794,0.000000000,0.000000000
QV-C02-010-A0137,QV-C02-010,DS00,quebrada_verde,CAMPAIGN_02,272.000000000,274.000000000,2.000000000,0.302049514,0.000000000,0.000000000
QV-C02-010-A0138,QV-C02-010,DS00,quebrada_verde,CAMPAIGN_02,274.000000000,276.000000000,2.000000000,0.315741924,0.000000000,0.000000000
QV-C02-010-A0139,QV-C02-010,DS00,quebrada_verde,CAMPAIGN_02,276.000000000,278.000000000,2.000000000,0.299668827,0.000000000,0.000000000
QV-C02-010-A0140,QV-C02-010,DS00,quebrada_verde,CAMPAIGN_02,278.000000000,280.000000000,2.000000000,0.306606551,0.000000000,0.000000000
QV-C02-010-A0141,QV-C02-010,DS00,quebrada_verde,CAMPAIGN_02,280.000000000,282.000000000,2.000000000,0.320648165,0.000000000,0.000000000
QV-C02-010-A0142,QV-C02-010,DS00,quebrada_verde,CAMPAIGN_02,282.000000000,284.000000000,2.000000000,0.314338972,0.000000000,0.000000000
QV-C02-010-A0143,QV-C02-010,DS00,quebrada_verde,CAMPAIGN_02,284.000000000,286.000000000,2.000000000,0.338026669,0.000000000,0.000000000
QV-C02-010-A0144,QV-C02-010,DS00,quebrada_verde,CAMPAIGN_02,286.000000000,288.000000000,2.000000000,0.316670222,0.000000000,0.000000000
QV-C02-010-A0145,QV-C02-010,DS00,quebrada_verde,CAMPAIGN_02,288.000000000,290.000000000,2.000000000,0.319428153,0.000000000,0.000000000
QV-C02-010-A0146,QV-C02-010,DS00,quebrada_verde,CAMPAIGN_02,290.000000000,292.000000000,2.000000000,0.332698407,0.000000000,0.000000000
QV-C02-010-A0147,QV-C02-010,DS00,quebrada_verde,CAMPAIGN_02,292.000000000,294.000000000,2.000000000,0.353831497,0.000000000,0.000000000
QV-C02-010-A0148,QV-C02-010,DS00,quebrada_verde,CAMPAIGN_02,294.000000000,296.000000000,2.000000000,0.350740229,0.000000000,0.000000000
QV-C02-010-A0149,QV-C02-010,DS00,quebrada_verde,CAMPAIGN_02,296.000000000,298.000000000,2.000000000,0.340189648,0.000000000,0.000000000
QV-C02-010-A0150,QV-C02-010,DS00,quebrada_verde,CAMPAIGN_02,298.000000000,300.000000000,2.000000000,0.369696241,0.000000000,0.000000000
QV-C02-010-A0151,QV-C02-010,DS00,quebrada_verde,CAMPAIGN_02,300.000000000,302.000000000,2.000000000,0.364254796,0.000000000,0.000000000
QV-C02-010-A0152,QV-C02-010,DS00,quebrada_verde,CAMPAIGN_02,302.000000000,304.000000000,2.000000000,0.367448012,0.000000000,0.000000000
QV-C02-010-A0153,QV-C02-010,DS00,quebrada_verde,CAMPAIGN_02,304.000000000,306.000000000,2.000000000,0.354161700,0.000000000,0.000000000
QV-C02-010-A0154,QV-C02-010,DS00,quebrada_verde,CAMPAIGN_02,306.000000000,308.000000000,2.000000000,0.362306148,0.000000000,0.000000000
QV-C02-010-A0155,QV-C02-010,DS00,quebrada_verde,CAMPAIGN_02,308.000000000,310.000000000,2.000000000,0.389672510,0.000000000,0.000000000
QV-C02-010-A0156,QV-C02-010,DS00,quebrada_verde,CAMPAIGN_02,310.000000000,312.000000000,2.000000000,0.371585677,0.000000000,0.000000000
QV-C02-010-A0157,QV-C02-010,DS00,quebrada_verde,CAMPAIGN_02,312.000000000,314.000000000,2.000000000,0.358019550,0.000000000,0.000000000
QV-C02-010-A0158,QV-C02-010,DS00,quebrada_verde,CAMPAIGN_02,314.000000000,316.000000000,2.000000000,0.387171912,0.000000000,0.000000000
QV-C02-010-A0159,QV-C02-010,DS00,quebrada_verde,CAMPAIGN_02,316.000000000,318.000000000,2.000000000,0.376890922,0.000000000,0.000000000
QV-C02-010-A0160,QV-C02-010,DS00,quebrada_verde,CAMPAIGN_02,318.000000000,320.000000000,2.000000000,0.387009490,0.000000000,0.000000000
QV-C02-010-A0161,QV-C02-010,DS00,quebrada_verde,CAMPAIGN_02,320.000000000,322.000000000,2.000000000,0.417277587,0.000000000,0.000000000
QV-C02-010-A0162,QV-C02-010,DS00,quebrada_verde,CAMPAIGN_02,322.000000000,324.000000000,2.000000000,0.393322688,0.000000000,0.000000000
QV-C02-010-A0163,QV-C02-010,DS00,quebrada_verde,CAMPAIGN_02,324.000000000,326.000000000,2.000000000,0.417715515,0.000000000,0.000000000
QV-C02-010-A0164,QV-C02-010,DS00,quebrada_verde,CAMPAIGN_02,326.000000000,328.000000000,2.000000000,0.376548036,0.000000000,0.000000000
QV-C02-010-A0165,QV-C02-010,DS00,quebrada_verde,CAMPAIGN_02,328.000000000,330.000000000,2.000000000,0.414848300,0.000000000,0.000000000
QV-C02-010-A0166,QV-C02-010,DS00,quebrada_verde,CAMPAIGN_02,330.000000000,332.000000000,2.000000000,0.387716259,0.000000000,0.000000000
QV-C02-010-A0167,QV-C02-010,DS00,quebrada_verde,CAMPAIGN_02,332.000000000,334.000000000,2.000000000,0.409266866,0.000000000,0.000000000
QV-C02-010-A0168,QV-C02-010,DS00,quebrada_verde,CAMPAIGN_02,334.000000000,336.000000000,2.000000000,0.381577598,0.000000000,0.000000000
QV-C02-010-A0169,QV-C02-010,DS00,quebrada_verde,CAMPAIGN_02,336.000000000,338.000000000,2.000000000,0.408292445,0.000000000,0.000000000
QV-C02-010-A0170,QV-C02-010,DS00,quebrada_verde,CAMPAIGN_02,338.000000000,340.000000000,2.000000000,0.404804547,0.000000000,0.000000000
QV-C02-010-A0171,QV-C02-010,DS00,quebrada_verde,CAMPAIGN_02,340.000000000,342.000000000,2.000000000,0.381705601,0.000000000,0.000000000
QV-C02-010-A0172,QV-C02-010,DS00,quebrada_verde,CAMPAIGN_02,342.000000000,344.000000000,2.000000000,0.394170615,0.000000000,0.000000000
QV-C02-010-A0173,QV-C02-010,DS00,quebrada_verde,CAMPAIGN_02,344.000000000,346.000000000,2.000000000,0.395893695,0.000000000,0.000000000
QV-C02-010-A0174,QV-C02-010,DS00,quebrada_verde,CAMPAIGN_02,346.000000000,348.000000000,2.000000000,0.448581463,0.000000000,0.000000000
QV-C02-010-A0175,QV-C02-010,DS00,quebrada_verde,CAMPAIGN_02,348.000000000,350.000000000,2.000000000,0.431171604,0.000000000,0.000000000
QV-C02-010-A0176,QV-C02-010,DS00,quebrada_verde,CAMPAIGN_02,350.000000000,352.000000000,2.000000000,0.420904074,0.000000000,0.000000000
QV-C02-010-A0177,QV-C02-010,DS00,quebrada_verde,CAMPAIGN_02,352.000000000,354.000000000,2.000000000,0.389865235,0.000000000,0.000000000
QV-C02-010-A0178,QV-C02-010,DS00,quebrada_verde,CAMPAIGN_02,354.000000000,356.000000000,2.000000000,0.411317389,0.000000000,0.000000000
QV-C02-010-A0179,QV-C02-010,DS00,quebrada_verde,CAMPAIGN_02,356.000000000,358.000000000,2.000000000,0.399965830,0.000000000,0.000000000
QV-C02-010-A0180,QV-C02-010,DS00,quebrada_verde,CAMPAIGN_02,358.000000000,360.000000000,2.000000000,0.383766641,0.000000000,0.000000000
QV-C02-010-A0181,QV-C02-010,DS00,quebrada_verde,CAMPAIGN_02,360.000000000,362.000000000,2.000000000,0.404502233,0.000000000,0.000000000
QV-C02-010-A0182,QV-C02-010,DS00,quebrada_verde,CAMPAIGN_02,362.000000000,364.000000000,2.000000000,0.406804602,0.000000000,0.000000000
QV-C02-010-A0183,QV-C02-010,DS00,quebrada_verde,CAMPAIGN_02,364.000000000,366.000000000,2.000000000,0.419422563,0.000000000,0.000000000
QV-C02-010-A0184,QV-C02-010,DS00,quebrada_verde,CAMPAIGN_02,366.000000000,368.000000000,2.000000000,0.391047666,0.000000000,0.000000000
QV-C02-010-A0185,QV-C02-010,DS00,quebrada_verde,CAMPAIGN_02,368.000000000,370.000000000,2.000000000,0.393921177,0.000000000,0.000000000
QV-C02-010-A0186,QV-C02-010,DS00,quebrada_verde,CAMPAIGN_02,370.000000000,372.000000000,2.000000000,0.373607141,0.000000000,0.000000000
QV-C02-010-A0187,QV-C02-010,DS00,quebrada_verde,CAMPAIGN_02,372.000000000,374.000000000,2.000000000,0.387965866,0.000000000,0.000000000
QV-C02-010-A0188,QV-C02-010,DS00,quebrada_verde,CAMPAIGN_02,374.000000000,376.000000000,2.000000000,0.405248165,0.000000000,0.000000000
QV-C02-010-A0189,QV-C02-010,DS00,quebrada_verde,CAMPAIGN_02,376.000000000,378.000000000,2.000000000,0.409910301,0.000000000,0.000000000
QV-C02-010-A0190,QV-C02-010,DS00,quebrada_verde,CAMPAIGN_02,378.000000000,380.000000000,2.000000000,0.419286482,0.000000000,0.000000000
QV-C02-010-A0191,QV-C02-010,DS00,quebrada_verde,CAMPAIGN_02,380.000000000,382.000000000,2.000000000,0.402926145,0.000000000,0.000000000
QV-C02-010-A0192,QV-C02-010,DS00,quebrada_verde,CAMPAIGN_02,382.000000000,384.000000000,2.000000000,0.416827064,0.000000000,0.000000000
QV-C02-010-A0193,QV-C02-010,DS00,quebrada_verde,CAMPAIGN_02,384.000000000,386.000000000,2.000000000,0.413143472,0.000000000,0.000000000
QV-C02-010-A0194,QV-C02-010,DS00,quebrada_verde,CAMPAIGN_02,386.000000000,386.630732406,0.630732406,0.408138253,0.000000000,0.000000000
QV-C02-011-A0001,QV-C02-011,DS00,quebrada_verde,CAMPAIGN_02,0.000000000,2.000000000,2.000000000,0.123868632,0.000000000,0.000000000
QV-C02-011-A0002,QV-C02-011,DS00,quebrada_verde,CAMPAIGN_02,2.000000000,4.000000000,2.000000000,0.131664284,0.000000000,0.000000000
QV-C02-011-A0003,QV-C02-011,DS00,quebrada_verde,CAMPAIGN_02,4.000000000,6.000000000,2.000000000,0.134067200,0.000000000,0.000000000
QV-C02-011-A0004,QV-C02-011,DS00,quebrada_verde,CAMPAIGN_02,6.000000000,8.000000000,2.000000000,0.141697747,0.000000000,0.000000000
QV-C02-011-A0005,QV-C02-011,DS00,quebrada_verde,CAMPAIGN_02,8.000000000,10.000000000,2.000000000,0.147055815,0.000000000,0.000000000
QV-C02-011-A0006,QV-C02-011,DS00,quebrada_verde,CAMPAIGN_02,10.000000000,12.000000000,2.000000000,0.147307084,0.000000000,0.000000000
QV-C02-011-A0007,QV-C02-011,DS00,quebrada_verde,CAMPAIGN_02,12.000000000,14.000000000,2.000000000,0.149162157,0.000000000,0.000000000
QV-C02-011-A0008,QV-C02-011,DS00,quebrada_verde,CAMPAIGN_02,14.000000000,16.000000000,2.000000000,0.159253593,0.000000000,0.000000000
QV-C02-011-A0009,QV-C02-011,DS00,quebrada_verde,CAMPAIGN_02,16.000000000,18.000000000,2.000000000,0.157365629,0.000000000,0.000000000
QV-C02-011-A0010,QV-C02-011,DS00,quebrada_verde,CAMPAIGN_02,18.000000000,20.000000000,2.000000000,0.156410808,0.000000000,0.000000000
QV-C02-011-A0011,QV-C02-011,DS00,quebrada_verde,CAMPAIGN_02,20.000000000,22.000000000,2.000000000,0.170368170,0.000000000,0.000000000
QV-C02-011-A0012,QV-C02-011,DS00,quebrada_verde,CAMPAIGN_02,22.000000000,24.000000000,2.000000000,0.167162279,0.000000000,0.000000000
QV-C02-011-A0013,QV-C02-011,DS00,quebrada_verde,CAMPAIGN_02,24.000000000,26.000000000,2.000000000,0.187494084,0.000000000,0.000000000
QV-C02-011-A0014,QV-C02-011,DS00,quebrada_verde,CAMPAIGN_02,26.000000000,28.000000000,2.000000000,0.195775639,0.000000000,0.000000000
QV-C02-011-A0015,QV-C02-011,DS00,quebrada_verde,CAMPAIGN_02,28.000000000,30.000000000,2.000000000,0.175552764,0.000000000,0.000000000
QV-C02-011-A0016,QV-C02-011,DS00,quebrada_verde,CAMPAIGN_02,30.000000000,32.000000000,2.000000000,0.187902694,0.000000000,0.000000000
QV-C02-011-A0017,QV-C02-011,DS00,quebrada_verde,CAMPAIGN_02,32.000000000,34.000000000,2.000000000,0.185025605,0.000000000,0.000000000
QV-C02-011-A0018,QV-C02-011,DS00,quebrada_verde,CAMPAIGN_02,34.000000000,36.000000000,2.000000000,0.214871166,0.000000000,0.000000000
QV-C02-011-A0019,QV-C02-011,DS00,quebrada_verde,CAMPAIGN_02,36.000000000,38.000000000,2.000000000,0.218372652,0.000000000,0.000000000
QV-C02-011-A0020,QV-C02-011,DS00,quebrada_verde,CAMPAIGN_02,38.000000000,40.000000000,2.000000000,0.201891982,0.000000000,0.000000000
QV-C02-011-A0021,QV-C02-011,DS00,quebrada_verde,CAMPAIGN_02,40.000000000,42.000000000,2.000000000,0.222237709,0.000000000,0.000000000
QV-C02-011-A0022,QV-C02-011,DS00,quebrada_verde,CAMPAIGN_02,42.000000000,44.000000000,2.000000000,0.223255554,0.000000000,0.000000000
QV-C02-011-A0023,QV-C02-011,DS00,quebrada_verde,CAMPAIGN_02,44.000000000,46.000000000,2.000000000,0.209267510,0.000000000,0.000000000
QV-C02-011-A0024,QV-C02-011,DS00,quebrada_verde,CAMPAIGN_02,46.000000000,48.000000000,2.000000000,0.228741424,0.000000000,0.000000000
QV-C02-011-A0025,QV-C02-011,DS00,quebrada_verde,CAMPAIGN_02,48.000000000,50.000000000,2.000000000,0.245875200,0.000000000,0.000000000
QV-C02-011-A0026,QV-C02-011,DS00,quebrada_verde,CAMPAIGN_02,50.000000000,52.000000000,2.000000000,0.245802666,0.000000000,0.000000000
QV-C02-011-A0027,QV-C02-011,DS00,quebrada_verde,CAMPAIGN_02,52.000000000,54.000000000,2.000000000,0.248740467,0.000000000,0.000000000
QV-C02-011-A0028,QV-C02-011,DS00,quebrada_verde,CAMPAIGN_02,54.000000000,56.000000000,2.000000000,0.245885532,0.000000000,0.000000000
QV-C02-011-A0029,QV-C02-011,DS00,quebrada_verde,CAMPAIGN_02,56.000000000,58.000000000,2.000000000,0.236441048,0.000000000,0.000000000
QV-C02-011-A0030,QV-C02-011,DS00,quebrada_verde,CAMPAIGN_02,58.000000000,60.000000000,2.000000000,0.272801146,0.000000000,0.000000000
QV-C02-011-A0031,QV-C02-011,DS00,quebrada_verde,CAMPAIGN_02,60.000000000,62.000000000,2.000000000,0.260253769,0.000000000,0.000000000
QV-C02-011-A0032,QV-C02-011,DS00,quebrada_verde,CAMPAIGN_02,62.000000000,64.000000000,2.000000000,0.264757847,0.000000000,0.000000000
QV-C02-011-A0033,QV-C02-011,DS00,quebrada_verde,CAMPAIGN_02,64.000000000,66.000000000,2.000000000,0.261866176,0.000000000,0.000000000
QV-C02-011-A0034,QV-C02-011,DS00,quebrada_verde,CAMPAIGN_02,66.000000000,68.000000000,2.000000000,0.265486320,0.000000000,0.000000000
QV-C02-011-A0035,QV-C02-011,DS00,quebrada_verde,CAMPAIGN_02,68.000000000,70.000000000,2.000000000,0.289337124,0.000000000,0.000000000
QV-C02-011-A0036,QV-C02-011,DS00,quebrada_verde,CAMPAIGN_02,70.000000000,72.000000000,2.000000000,0.294674174,0.000000000,0.000000000
QV-C02-011-A0037,QV-C02-011,DS00,quebrada_verde,CAMPAIGN_02,72.000000000,74.000000000,2.000000000,0.307123448,0.000000000,0.000000000
QV-C02-011-A0038,QV-C02-011,DS00,quebrada_verde,CAMPAIGN_02,74.000000000,76.000000000,2.000000000,0.296089481,0.000000000,0.000000000
QV-C02-011-A0039,QV-C02-011,DS00,quebrada_verde,CAMPAIGN_02,76.000000000,78.000000000,2.000000000,0.327649995,0.000000000,0.000000000
QV-C02-011-A0040,QV-C02-011,DS00,quebrada_verde,CAMPAIGN_02,78.000000000,80.000000000,2.000000000,0.341060097,0.000000000,0.000000000
QV-C02-011-A0041,QV-C02-011,DS00,quebrada_verde,CAMPAIGN_02,80.000000000,82.000000000,2.000000000,0.311265071,0.000000000,0.000000000
QV-C02-011-A0042,QV-C02-011,DS00,quebrada_verde,CAMPAIGN_02,82.000000000,84.000000000,2.000000000,0.333402335,0.000000000,0.000000000
QV-C02-011-A0043,QV-C02-011,DS00,quebrada_verde,CAMPAIGN_02,84.000000000,86.000000000,2.000000000,0.333719356,0.000000000,0.000000000
QV-C02-011-A0044,QV-C02-011,DS00,quebrada_verde,CAMPAIGN_02,86.000000000,88.000000000,2.000000000,0.335632957,0.000000000,0.000000000
QV-C02-011-A0045,QV-C02-011,DS00,quebrada_verde,CAMPAIGN_02,88.000000000,90.000000000,2.000000000,0.324819324,0.000000000,0.000000000
QV-C02-011-A0046,QV-C02-011,DS00,quebrada_verde,CAMPAIGN_02,90.000000000,92.000000000,2.000000000,0.367518486,0.000000000,0.000000000
QV-C02-011-A0047,QV-C02-011,DS00,quebrada_verde,CAMPAIGN_02,92.000000000,94.000000000,2.000000000,0.350571420,0.000000000,0.000000000
QV-C02-011-A0048,QV-C02-011,DS00,quebrada_verde,CAMPAIGN_02,94.000000000,96.000000000,2.000000000,0.352730993,0.000000000,0.000000000
QV-C02-011-A0049,QV-C02-011,DS00,quebrada_verde,CAMPAIGN_02,96.000000000,98.000000000,2.000000000,0.367072436,0.000000000,0.000000000
QV-C02-011-A0050,QV-C02-011,DS00,quebrada_verde,CAMPAIGN_02,98.000000000,100.000000000,2.000000000,0.377614312,0.000000000,0.000000000
QV-C02-011-A0051,QV-C02-011,DS00,quebrada_verde,CAMPAIGN_02,100.000000000,102.000000000,2.000000000,0.380888924,0.000000000,0.000000000
QV-C02-011-A0052,QV-C02-011,DS00,quebrada_verde,CAMPAIGN_02,102.000000000,104.000000000,2.000000000,0.406181423,0.000000000,0.000000000
QV-C02-011-A0053,QV-C02-011,DS00,quebrada_verde,CAMPAIGN_02,104.000000000,106.000000000,2.000000000,0.415987546,0.000000000,0.000000000
QV-C02-011-A0054,QV-C02-011,DS00,quebrada_verde,CAMPAIGN_02,106.000000000,108.000000000,2.000000000,0.396855495,0.000000000,0.000000000
QV-C02-011-A0055,QV-C02-011,DS00,quebrada_verde,CAMPAIGN_02,108.000000000,110.000000000,2.000000000,0.409338587,0.000000000,0.000000000
QV-C02-011-A0056,QV-C02-011,DS00,quebrada_verde,CAMPAIGN_02,110.000000000,112.000000000,2.000000000,0.458376480,0.000000000,0.000000000
QV-C02-011-A0057,QV-C02-011,DS00,quebrada_verde,CAMPAIGN_02,112.000000000,114.000000000,2.000000000,0.383801091,0.000000000,0.000000000
QV-C02-011-A0058,QV-C02-011,DS00,quebrada_verde,CAMPAIGN_02,114.000000000,116.000000000,2.000000000,0.448754804,0.000000000,0.000000000
QV-C02-011-A0059,QV-C02-011,DS00,quebrada_verde,CAMPAIGN_02,116.000000000,118.000000000,2.000000000,0.444628274,0.000000000,0.000000000
QV-C02-011-A0060,QV-C02-011,DS00,quebrada_verde,CAMPAIGN_02,118.000000000,120.000000000,2.000000000,0.434699594,0.000000000,0.000000000
QV-C02-011-A0061,QV-C02-011,DS00,quebrada_verde,CAMPAIGN_02,120.000000000,122.000000000,2.000000000,0.438264877,0.000000000,0.000000000
QV-C02-011-A0062,QV-C02-011,DS00,quebrada_verde,CAMPAIGN_02,122.000000000,124.000000000,2.000000000,0.450420636,0.000000000,0.000000000
QV-C02-011-A0063,QV-C02-011,DS00,quebrada_verde,CAMPAIGN_02,124.000000000,126.000000000,2.000000000,0.479388317,0.000000000,0.000000000
QV-C02-011-A0064,QV-C02-011,DS00,quebrada_verde,CAMPAIGN_02,126.000000000,128.000000000,2.000000000,0.450334471,0.000000000,0.000000000
QV-C02-011-A0065,QV-C02-011,DS00,quebrada_verde,CAMPAIGN_02,128.000000000,130.000000000,2.000000000,0.492975794,0.000000000,0.000000000
QV-C02-011-A0066,QV-C02-011,DS00,quebrada_verde,CAMPAIGN_02,130.000000000,132.000000000,2.000000000,0.460221116,0.000000000,0.000000000
QV-C02-011-A0067,QV-C02-011,DS00,quebrada_verde,CAMPAIGN_02,132.000000000,134.000000000,2.000000000,0.464404934,0.000000000,0.000000000
QV-C02-011-A0068,QV-C02-011,DS00,quebrada_verde,CAMPAIGN_02,134.000000000,136.000000000,2.000000000,0.462794579,0.000000000,0.000000000
QV-C02-011-A0069,QV-C02-011,DS00,quebrada_verde,CAMPAIGN_02,136.000000000,138.000000000,2.000000000,0.506925270,0.000000000,0.000000000
QV-C02-011-A0070,QV-C02-011,DS00,quebrada_verde,CAMPAIGN_02,138.000000000,140.000000000,2.000000000,0.497823259,0.000000000,0.000000000
QV-C02-011-A0071,QV-C02-011,DS00,quebrada_verde,CAMPAIGN_02,140.000000000,142.000000000,2.000000000,0.500148658,0.000000000,0.000000000
QV-C02-011-A0072,QV-C02-011,DS00,quebrada_verde,CAMPAIGN_02,142.000000000,144.000000000,2.000000000,0.525077172,0.000000000,0.000000000
QV-C02-011-A0073,QV-C02-011,DS00,quebrada_verde,CAMPAIGN_02,144.000000000,146.000000000,2.000000000,0.533454002,0.000000000,0.000000000
QV-C02-011-A0074,QV-C02-011,DS00,quebrada_verde,CAMPAIGN_02,146.000000000,148.000000000,2.000000000,0.497049344,0.000000000,0.000000000
QV-C02-011-A0075,QV-C02-011,DS00,quebrada_verde,CAMPAIGN_02,148.000000000,150.000000000,2.000000000,0.551836484,0.000000000,0.000000000
QV-C02-011-A0076,QV-C02-011,DS00,quebrada_verde,CAMPAIGN_02,150.000000000,152.000000000,2.000000000,0.574778271,0.000000000,0.000000000
QV-C02-011-A0077,QV-C02-011,DS00,quebrada_verde,CAMPAIGN_02,152.000000000,154.000000000,2.000000000,0.541870794,0.000000000,0.000000000
QV-C02-011-A0078,QV-C02-011,DS00,quebrada_verde,CAMPAIGN_02,154.000000000,156.000000000,2.000000000,0.555913001,0.000000000,0.000000000
QV-C02-011-A0079,QV-C02-011,DS00,quebrada_verde,CAMPAIGN_02,156.000000000,158.000000000,2.000000000,0.552957606,0.000000000,0.000000000
QV-C02-011-A0080,QV-C02-011,DS00,quebrada_verde,CAMPAIGN_02,158.000000000,160.000000000,2.000000000,0.547836132,0.000000000,0.000000000
QV-C02-011-A0081,QV-C02-011,DS00,quebrada_verde,CAMPAIGN_02,160.000000000,162.000000000,2.000000000,0.530326436,0.000000000,0.000000000
QV-C02-011-A0082,QV-C02-011,DS00,quebrada_verde,CAMPAIGN_02,162.000000000,164.000000000,2.000000000,0.539036443,0.000000000,0.000000000
QV-C02-011-A0083,QV-C02-011,DS00,quebrada_verde,CAMPAIGN_02,164.000000000,166.000000000,2.000000000,0.577865122,0.000000000,0.000000000
QV-C02-011-A0084,QV-C02-011,DS00,quebrada_verde,CAMPAIGN_02,166.000000000,168.000000000,2.000000000,0.568088862,0.000000000,0.000000000
QV-C02-011-A0085,QV-C02-011,DS00,quebrada_verde,CAMPAIGN_02,168.000000000,170.000000000,2.000000000,0.560254923,0.000000000,0.000000000
QV-C02-011-A0086,QV-C02-011,DS00,quebrada_verde,CAMPAIGN_02,170.000000000,172.000000000,2.000000000,0.566866319,0.000000000,0.000000000
QV-C02-011-A0087,QV-C02-011,DS00,quebrada_verde,CAMPAIGN_02,172.000000000,174.000000000,2.000000000,0.565934245,0.000000000,0.000000000
QV-C02-011-A0088,QV-C02-011,DS00,quebrada_verde,CAMPAIGN_02,174.000000000,176.000000000,2.000000000,0.541980492,0.000000000,0.000000000
QV-C02-011-A0089,QV-C02-011,DS00,quebrada_verde,CAMPAIGN_02,176.000000000,178.000000000,2.000000000,0.551443508,0.000000000,0.000000000
QV-C02-011-A0090,QV-C02-011,DS00,quebrada_verde,CAMPAIGN_02,178.000000000,180.000000000,2.000000000,0.604118870,0.000000000,0.000000000
QV-C02-011-A0091,QV-C02-011,DS00,quebrada_verde,CAMPAIGN_02,180.000000000,182.000000000,2.000000000,0.619512292,0.000000000,0.000000000
QV-C02-011-A0092,QV-C02-011,DS00,quebrada_verde,CAMPAIGN_02,182.000000000,184.000000000,2.000000000,0.587180258,0.000000000,0.000000000
QV-C02-011-A0093,QV-C02-011,DS00,quebrada_verde,CAMPAIGN_02,184.000000000,186.000000000,2.000000000,0.562011449,0.000000000,0.000000000
QV-C02-011-A0094,QV-C02-011,DS00,quebrada_verde,CAMPAIGN_02,186.000000000,188.000000000,2.000000000,0.604501944,0.000000000,0.000000000
QV-C02-011-A0095,QV-C02-011,DS00,quebrada_verde,CAMPAIGN_02,188.000000000,190.000000000,2.000000000,0.578494631,0.000000000,0.000000000
QV-C02-011-A0096,QV-C02-011,DS00,quebrada_verde,CAMPAIGN_02,190.000000000,192.000000000,2.000000000,0.596414588,0.000000000,0.000000000
QV-C02-011-A0097,QV-C02-011,DS00,quebrada_verde,CAMPAIGN_02,192.000000000,194.000000000,2.000000000,0.599511094,0.000000000,0.000000000
QV-C02-011-A0098,QV-C02-011,DS00,quebrada_verde,CAMPAIGN_02,194.000000000,196.000000000,2.000000000,0.605532370,0.000000000,0.000000000
QV-C02-011-A0099,QV-C02-011,DS00,quebrada_verde,CAMPAIGN_02,196.000000000,198.000000000,2.000000000,0.615127680,0.000000000,0.000000000
QV-C02-011-A0100,QV-C02-011,DS00,quebrada_verde,CAMPAIGN_02,198.000000000,200.000000000,2.000000000,0.596741238,0.000000000,0.000000000
QV-C02-011-A0101,QV-C02-011,DS00,quebrada_verde,CAMPAIGN_02,200.000000000,202.000000000,2.000000000,0.618069147,0.000000000,0.000000000
QV-C02-011-A0102,QV-C02-011,DS00,quebrada_verde,CAMPAIGN_02,202.000000000,204.000000000,2.000000000,0.571874168,0.000000000,0.000000000
QV-C02-011-A0103,QV-C02-011,DS00,quebrada_verde,CAMPAIGN_02,204.000000000,206.000000000,2.000000000,0.599249362,0.000000000,0.000000000
QV-C02-011-A0104,QV-C02-011,DS00,quebrada_verde,CAMPAIGN_02,206.000000000,208.000000000,2.000000000,0.594405749,0.000000000,0.000000000
QV-C02-011-A0105,QV-C02-011,DS00,quebrada_verde,CAMPAIGN_02,208.000000000,210.000000000,2.000000000,0.627072268,0.000000000,0.000000000
QV-C02-011-A0106,QV-C02-011,DS00,quebrada_verde,CAMPAIGN_02,210.000000000,212.000000000,2.000000000,0.637743507,0.000000000,0.000000000
QV-C02-011-A0107,QV-C02-011,DS00,quebrada_verde,CAMPAIGN_02,212.000000000,214.000000000,2.000000000,0.615694703,0.000000000,0.000000000
QV-C02-011-A0108,QV-C02-011,DS00,quebrada_verde,CAMPAIGN_02,214.000000000,216.000000000,2.000000000,0.650221528,0.000000000,0.000000000
QV-C02-011-A0109,QV-C02-011,DS00,quebrada_verde,CAMPAIGN_02,216.000000000,218.000000000,2.000000000,0.614791005,0.000000000,0.000000000
QV-C02-011-A0110,QV-C02-011,DS00,quebrada_verde,CAMPAIGN_02,218.000000000,220.000000000,2.000000000,0.600593095,0.000000000,0.000000000
QV-C02-012-A0001,QV-C02-012,DS00,quebrada_verde,CAMPAIGN_02,0.000000000,2.000000000,2.000000000,0.199990670,0.000000000,0.000000000
QV-C02-012-A0002,QV-C02-012,DS00,quebrada_verde,CAMPAIGN_02,2.000000000,4.000000000,2.000000000,0.213546838,0.000000000,0.000000000
QV-C02-012-A0003,QV-C02-012,DS00,quebrada_verde,CAMPAIGN_02,4.000000000,6.000000000,2.000000000,0.209824041,0.000000000,0.000000000
QV-C02-012-A0004,QV-C02-012,DS00,quebrada_verde,CAMPAIGN_02,6.000000000,8.000000000,2.000000000,0.215297357,0.000000000,0.000000000
QV-C02-012-A0005,QV-C02-012,DS00,quebrada_verde,CAMPAIGN_02,8.000000000,10.000000000,2.000000000,0.227408783,0.000000000,0.000000000
QV-C02-012-A0006,QV-C02-012,DS00,quebrada_verde,CAMPAIGN_02,10.000000000,12.000000000,2.000000000,0.237564930,0.000000000,0.000000000
QV-C02-012-A0007,QV-C02-012,DS00,quebrada_verde,CAMPAIGN_02,12.000000000,14.000000000,2.000000000,0.236759826,0.000000000,0.000000000
QV-C02-012-A0008,QV-C02-012,DS00,quebrada_verde,CAMPAIGN_02,14.000000000,16.000000000,2.000000000,0.241556614,0.000000000,0.000000000
QV-C02-012-A0009,QV-C02-012,DS00,quebrada_verde,CAMPAIGN_02,16.000000000,18.000000000,2.000000000,0.253952665,0.000000000,0.000000000
QV-C02-012-A0010,QV-C02-012,DS00,quebrada_verde,CAMPAIGN_02,18.000000000,20.000000000,2.000000000,0.272844410,0.000000000,0.000000000
QV-C02-012-A0011,QV-C02-012,DS00,quebrada_verde,CAMPAIGN_02,20.000000000,22.000000000,2.000000000,0.255895043,0.000000000,0.000000000
QV-C02-012-A0012,QV-C02-012,DS00,quebrada_verde,CAMPAIGN_02,22.000000000,24.000000000,2.000000000,0.266775712,0.000000000,0.000000000
QV-C02-012-A0013,QV-C02-012,DS00,quebrada_verde,CAMPAIGN_02,24.000000000,26.000000000,2.000000000,0.286505102,0.000000000,0.000000000
QV-C02-012-A0014,QV-C02-012,DS00,quebrada_verde,CAMPAIGN_02,26.000000000,28.000000000,2.000000000,0.285126687,0.000000000,0.000000000
QV-C02-012-A0015,QV-C02-012,DS00,quebrada_verde,CAMPAIGN_02,28.000000000,30.000000000,2.000000000,0.284917877,0.000000000,0.000000000
QV-C02-012-A0016,QV-C02-012,DS00,quebrada_verde,CAMPAIGN_02,30.000000000,32.000000000,2.000000000,0.284272604,0.000000000,0.000000000
QV-C02-012-A0017,QV-C02-012,DS00,quebrada_verde,CAMPAIGN_02,32.000000000,34.000000000,2.000000000,0.282412411,0.000000000,0.000000000
QV-C02-012-A0018,QV-C02-012,DS00,quebrada_verde,CAMPAIGN_02,34.000000000,36.000000000,2.000000000,0.324983879,0.000000000,0.000000000
QV-C02-012-A0019,QV-C02-012,DS00,quebrada_verde,CAMPAIGN_02,36.000000000,38.000000000,2.000000000,0.305631346,0.000000000,0.000000000
QV-C02-012-A0020,QV-C02-012,DS00,quebrada_verde,CAMPAIGN_02,38.000000000,40.000000000,2.000000000,0.321280565,0.000000000,0.000000000
QV-C02-012-A0021,QV-C02-012,DS00,quebrada_verde,CAMPAIGN_02,40.000000000,42.000000000,2.000000000,0.299649036,0.000000000,0.000000000
QV-C02-012-A0022,QV-C02-012,DS00,quebrada_verde,CAMPAIGN_02,42.000000000,44.000000000,2.000000000,0.310952254,0.000000000,0.000000000
QV-C02-012-A0023,QV-C02-012,DS00,quebrada_verde,CAMPAIGN_02,44.000000000,46.000000000,2.000000000,0.345753629,0.000000000,0.000000000
QV-C02-012-A0024,QV-C02-012,DS00,quebrada_verde,CAMPAIGN_02,46.000000000,48.000000000,2.000000000,0.352872826,0.000000000,0.000000000
QV-C02-012-A0025,QV-C02-012,DS00,quebrada_verde,CAMPAIGN_02,48.000000000,50.000000000,2.000000000,0.352430801,0.000000000,0.000000000
QV-C02-012-A0026,QV-C02-012,DS00,quebrada_verde,CAMPAIGN_02,50.000000000,52.000000000,2.000000000,0.370801675,0.000000000,0.000000000
QV-C02-012-A0027,QV-C02-012,DS00,quebrada_verde,CAMPAIGN_02,52.000000000,54.000000000,2.000000000,0.370697668,0.000000000,0.000000000
QV-C02-012-A0028,QV-C02-012,DS00,quebrada_verde,CAMPAIGN_02,54.000000000,56.000000000,2.000000000,0.386962216,0.000000000,0.000000000
QV-C02-012-A0029,QV-C02-012,DS00,quebrada_verde,CAMPAIGN_02,56.000000000,58.000000000,2.000000000,0.381649500,0.000000000,0.000000000
QV-C02-012-A0030,QV-C02-012,DS00,quebrada_verde,CAMPAIGN_02,58.000000000,60.000000000,2.000000000,0.397426957,0.000000000,0.000000000
QV-C02-012-A0031,QV-C02-012,DS00,quebrada_verde,CAMPAIGN_02,60.000000000,62.000000000,2.000000000,0.415753588,0.000000000,0.000000000
QV-C02-012-A0032,QV-C02-012,DS00,quebrada_verde,CAMPAIGN_02,62.000000000,64.000000000,2.000000000,0.401187311,0.000000000,0.000000000
QV-C02-012-A0033,QV-C02-012,DS00,quebrada_verde,CAMPAIGN_02,64.000000000,66.000000000,2.000000000,0.381535560,0.000000000,0.000000000
QV-C02-012-A0034,QV-C02-012,DS00,quebrada_verde,CAMPAIGN_02,66.000000000,68.000000000,2.000000000,0.420120156,0.000000000,0.000000000
QV-C02-012-A0035,QV-C02-012,DS00,quebrada_verde,CAMPAIGN_02,68.000000000,70.000000000,2.000000000,0.434012909,0.000000000,0.000000000
QV-C02-012-A0036,QV-C02-012,DS00,quebrada_verde,CAMPAIGN_02,70.000000000,72.000000000,2.000000000,0.426830721,0.000000000,0.000000000
QV-C02-012-A0037,QV-C02-012,DS00,quebrada_verde,CAMPAIGN_02,72.000000000,74.000000000,2.000000000,0.444756660,0.000000000,0.000000000
QV-C02-012-A0038,QV-C02-012,DS00,quebrada_verde,CAMPAIGN_02,74.000000000,76.000000000,2.000000000,0.440288355,0.000000000,0.000000000
QV-C02-012-A0039,QV-C02-012,DS00,quebrada_verde,CAMPAIGN_02,76.000000000,78.000000000,2.000000000,0.415940109,0.000000000,0.000000000
QV-C02-012-A0040,QV-C02-012,DS00,quebrada_verde,CAMPAIGN_02,78.000000000,80.000000000,2.000000000,0.418662988,0.000000000,0.000000000
QV-C02-012-A0041,QV-C02-012,DS00,quebrada_verde,CAMPAIGN_02,80.000000000,82.000000000,2.000000000,0.494445775,0.000000000,0.000000000
QV-C02-012-A0042,QV-C02-012,DS00,quebrada_verde,CAMPAIGN_02,82.000000000,84.000000000,2.000000000,0.445061018,0.000000000,0.000000000
QV-C02-012-A0043,QV-C02-012,DS00,quebrada_verde,CAMPAIGN_02,84.000000000,86.000000000,2.000000000,0.483270229,0.000000000,0.000000000
QV-C02-012-A0044,QV-C02-012,DS00,quebrada_verde,CAMPAIGN_02,86.000000000,88.000000000,2.000000000,0.478088330,0.000000000,0.000000000
QV-C02-012-A0045,QV-C02-012,DS00,quebrada_verde,CAMPAIGN_02,88.000000000,90.000000000,2.000000000,0.461164364,0.000000000,0.000000000
QV-C02-012-A0046,QV-C02-012,DS00,quebrada_verde,CAMPAIGN_02,90.000000000,92.000000000,2.000000000,0.538480856,0.000000000,0.000000000
QV-C02-012-A0047,QV-C02-012,DS00,quebrada_verde,CAMPAIGN_02,92.000000000,94.000000000,2.000000000,0.499712021,0.000000000,0.000000000
QV-C02-012-A0048,QV-C02-012,DS00,quebrada_verde,CAMPAIGN_02,94.000000000,96.000000000,2.000000000,0.549411929,0.000000000,0.000000000
QV-C02-012-A0049,QV-C02-012,DS00,quebrada_verde,CAMPAIGN_02,96.000000000,98.000000000,2.000000000,0.564905958,0.000000000,0.000000000
QV-C02-012-A0050,QV-C02-012,DS00,quebrada_verde,CAMPAIGN_02,98.000000000,100.000000000,2.000000000,0.525002988,0.000000000,0.000000000
QV-C02-012-A0051,QV-C02-012,DS00,quebrada_verde,CAMPAIGN_02,100.000000000,102.000000000,2.000000000,0.519268206,0.000000000,0.000000000
QV-C02-012-A0052,QV-C02-012,DS00,quebrada_verde,CAMPAIGN_02,102.000000000,104.000000000,2.000000000,0.565870215,0.000000000,0.000000000
QV-C02-012-A0053,QV-C02-012,DS00,quebrada_verde,CAMPAIGN_02,104.000000000,106.000000000,2.000000000,0.568748188,0.000000000,0.000000000
QV-C02-012-A0054,QV-C02-012,DS00,quebrada_verde,CAMPAIGN_02,106.000000000,108.000000000,2.000000000,0.532557762,0.000000000,0.000000000
QV-C02-012-A0055,QV-C02-012,DS00,quebrada_verde,CAMPAIGN_02,108.000000000,110.000000000,2.000000000,0.543439930,0.000000000,0.000000000
QV-C02-012-A0056,QV-C02-012,DS00,quebrada_verde,CAMPAIGN_02,110.000000000,112.000000000,2.000000000,0.563279959,0.000000000,0.000000000
QV-C02-012-A0057,QV-C02-012,DS00,quebrada_verde,CAMPAIGN_02,112.000000000,114.000000000,2.000000000,0.574967970,0.000000000,0.000000000
QV-C02-012-A0058,QV-C02-012,DS00,quebrada_verde,CAMPAIGN_02,114.000000000,116.000000000,2.000000000,0.584647250,0.000000000,0.000000000
QV-C02-012-A0059,QV-C02-012,DS00,quebrada_verde,CAMPAIGN_02,116.000000000,118.000000000,2.000000000,0.625736157,0.000000000,0.000000000
QV-C02-012-A0060,QV-C02-012,DS00,quebrada_verde,CAMPAIGN_02,118.000000000,120.000000000,2.000000000,0.577416544,0.000000000,0.000000000
QV-C02-012-A0061,QV-C02-012,DS00,quebrada_verde,CAMPAIGN_02,120.000000000,122.000000000,2.000000000,0.577211471,0.000000000,0.000000000
QV-C02-012-A0062,QV-C02-012,DS00,quebrada_verde,CAMPAIGN_02,122.000000000,124.000000000,2.000000000,0.591717834,0.000000000,0.000000000
QV-C02-012-A0063,QV-C02-012,DS00,quebrada_verde,CAMPAIGN_02,124.000000000,126.000000000,2.000000000,0.676940675,0.000000000,0.000000000
QV-C02-012-A0064,QV-C02-012,DS00,quebrada_verde,CAMPAIGN_02,126.000000000,128.000000000,2.000000000,0.584853319,0.000000000,0.000000000
QV-C02-012-A0065,QV-C02-012,DS00,quebrada_verde,CAMPAIGN_02,128.000000000,130.000000000,2.000000000,0.646646155,0.000000000,0.000000000
QV-C02-012-A0066,QV-C02-012,DS00,quebrada_verde,CAMPAIGN_02,130.000000000,132.000000000,2.000000000,0.599774221,0.000000000,0.000000000
QV-C02-012-A0067,QV-C02-012,DS00,quebrada_verde,CAMPAIGN_02,132.000000000,134.000000000,2.000000000,0.660012651,0.000000000,0.000000000
QV-C02-012-A0068,QV-C02-012,DS00,quebrada_verde,CAMPAIGN_02,134.000000000,136.000000000,2.000000000,0.717667718,0.000000000,0.000000000
QV-C02-012-A0069,QV-C02-012,DS00,quebrada_verde,CAMPAIGN_02,136.000000000,138.000000000,2.000000000,0.685604341,0.000000000,0.000000000
QV-C02-012-A0070,QV-C02-012,DS00,quebrada_verde,CAMPAIGN_02,138.000000000,140.000000000,2.000000000,0.663261712,0.000000000,0.000000000
QV-C02-012-A0071,QV-C02-012,DS00,quebrada_verde,CAMPAIGN_02,140.000000000,142.000000000,2.000000000,0.647601861,0.000000000,0.000000000
QV-C02-012-A0072,QV-C02-012,DS00,quebrada_verde,CAMPAIGN_02,142.000000000,144.000000000,2.000000000,0.665499147,0.000000000,0.000000000
QV-C02-012-A0073,QV-C02-012,DS00,quebrada_verde,CAMPAIGN_02,144.000000000,146.000000000,2.000000000,0.660156435,0.000000000,0.000000000
QV-C02-012-A0074,QV-C02-012,DS00,quebrada_verde,CAMPAIGN_02,146.000000000,148.000000000,2.000000000,0.713726047,0.000000000,0.000000000
QV-C02-012-A0075,QV-C02-012,DS00,quebrada_verde,CAMPAIGN_02,148.000000000,150.000000000,2.000000000,0.752410171,0.000000000,0.000000000
QV-C02-012-A0076,QV-C02-012,DS00,quebrada_verde,CAMPAIGN_02,150.000000000,152.000000000,2.000000000,0.708940312,0.000000000,0.000000000
QV-C02-012-A0077,QV-C02-012,DS00,quebrada_verde,CAMPAIGN_02,152.000000000,154.000000000,2.000000000,0.715770315,0.000000000,0.000000000
QV-C02-012-A0078,QV-C02-012,DS00,quebrada_verde,CAMPAIGN_02,154.000000000,156.000000000,2.000000000,0.680648178,0.000000000,0.000000000
QV-C02-012-A0079,QV-C02-012,DS00,quebrada_verde,CAMPAIGN_02,156.000000000,158.000000000,2.000000000,0.679317314,0.000000000,0.000000000
QV-C02-012-A0080,QV-C02-012,DS00,quebrada_verde,CAMPAIGN_02,158.000000000,160.000000000,2.000000000,0.707210278,0.000000000,0.000000000
QV-C02-012-A0081,QV-C02-012,DS00,quebrada_verde,CAMPAIGN_02,160.000000000,162.000000000,2.000000000,0.682849144,0.000000000,0.000000000
QV-C02-012-A0082,QV-C02-012,DS00,quebrada_verde,CAMPAIGN_02,162.000000000,164.000000000,2.000000000,0.670448332,0.000000000,0.000000000
QV-C02-012-A0083,QV-C02-012,DS00,quebrada_verde,CAMPAIGN_02,164.000000000,166.000000000,2.000000000,0.741526929,0.000000000,0.000000000
QV-C02-012-A0084,QV-C02-012,DS00,quebrada_verde,CAMPAIGN_02,166.000000000,168.000000000,2.000000000,0.700735517,0.000000000,0.000000000
QV-C02-012-A0085,QV-C02-012,DS00,quebrada_verde,CAMPAIGN_02,168.000000000,170.000000000,2.000000000,0.732603560,0.000000000,0.000000000
QV-C02-012-A0086,QV-C02-012,DS00,quebrada_verde,CAMPAIGN_02,170.000000000,172.000000000,2.000000000,0.693053677,0.000000000,0.000000000
QV-C02-012-A0087,QV-C02-012,DS00,quebrada_verde,CAMPAIGN_02,172.000000000,174.000000000,2.000000000,0.720719303,0.000000000,0.000000000
QV-C02-012-A0088,QV-C02-012,DS00,quebrada_verde,CAMPAIGN_02,174.000000000,176.000000000,2.000000000,0.688509789,0.000000000,0.000000000
QV-C02-012-A0089,QV-C02-012,DS00,quebrada_verde,CAMPAIGN_02,176.000000000,178.000000000,2.000000000,0.635410679,0.000000000,0.000000000
QV-C02-012-A0090,QV-C02-012,DS00,quebrada_verde,CAMPAIGN_02,178.000000000,180.000000000,2.000000000,0.696590255,0.000000000,0.000000000
QV-C02-012-A0091,QV-C02-012,DS00,quebrada_verde,CAMPAIGN_02,180.000000000,182.000000000,2.000000000,0.754748746,0.000000000,0.000000000
QV-C02-012-A0092,QV-C02-012,DS00,quebrada_verde,CAMPAIGN_02,182.000000000,184.000000000,2.000000000,0.638113732,0.000000000,0.000000000
QV-C02-012-A0093,QV-C02-012,DS00,quebrada_verde,CAMPAIGN_02,184.000000000,186.000000000,2.000000000,0.721902880,0.000000000,0.000000000
QV-C02-012-A0094,QV-C02-012,DS00,quebrada_verde,CAMPAIGN_02,186.000000000,188.000000000,2.000000000,0.720447797,0.000000000,0.000000000
QV-C02-012-A0095,QV-C02-012,DS00,quebrada_verde,CAMPAIGN_02,188.000000000,190.000000000,2.000000000,0.717429880,0.000000000,0.000000000
QV-C02-012-A0096,QV-C02-012,DS00,quebrada_verde,CAMPAIGN_02,190.000000000,192.000000000,2.000000000,0.705085513,0.000000000,0.000000000
QV-C02-012-A0097,QV-C02-012,DS00,quebrada_verde,CAMPAIGN_02,192.000000000,194.000000000,2.000000000,0.710150208,0.000000000,0.000000000
QV-C02-012-A0098,QV-C02-012,DS00,quebrada_verde,CAMPAIGN_02,194.000000000,196.000000000,2.000000000,0.658503767,0.000000000,0.000000000
QV-C02-012-A0099,QV-C02-012,DS00,quebrada_verde,CAMPAIGN_02,196.000000000,198.000000000,2.000000000,0.731390684,0.000000000,0.000000000
QV-C02-012-A0100,QV-C02-012,DS00,quebrada_verde,CAMPAIGN_02,198.000000000,200.000000000,2.000000000,0.690859242,0.000000000,0.000000000
QV-C02-012-A0101,QV-C02-012,DS00,quebrada_verde,CAMPAIGN_02,200.000000000,202.000000000,2.000000000,0.717221467,0.000000000,0.000000000
QV-C02-012-A0102,QV-C02-012,DS00,quebrada_verde,CAMPAIGN_02,202.000000000,204.000000000,2.000000000,0.691561930,0.000000000,0.000000000
QV-C02-012-A0103,QV-C02-012,DS00,quebrada_verde,CAMPAIGN_02,204.000000000,206.000000000,2.000000000,0.704576932,0.000000000,0.000000000
QV-C02-012-A0104,QV-C02-012,DS00,quebrada_verde,CAMPAIGN_02,206.000000000,208.000000000,2.000000000,0.695922778,0.000000000,0.000000000
QV-C02-012-A0105,QV-C02-012,DS00,quebrada_verde,CAMPAIGN_02,208.000000000,210.000000000,2.000000000,0.691076878,0.000000000,0.000000000
QV-C02-012-A0106,QV-C02-012,DS00,quebrada_verde,CAMPAIGN_02,210.000000000,212.000000000,2.000000000,0.681724469,0.000000000,0.000000000
QV-C02-012-A0107,QV-C02-012,DS00,quebrada_verde,CAMPAIGN_02,212.000000000,214.000000000,2.000000000,0.669365514,0.000000000,0.000000000
QV-C02-012-A0108,QV-C02-012,DS00,quebrada_verde,CAMPAIGN_02,214.000000000,216.000000000,2.000000000,0.703714971,0.000000000,0.000000000
QV-C02-012-A0109,QV-C02-012,DS00,quebrada_verde,CAMPAIGN_02,216.000000000,218.000000000,2.000000000,0.700778924,0.000000000,0.000000000
QV-C02-012-A0110,QV-C02-012,DS00,quebrada_verde,CAMPAIGN_02,218.000000000,220.000000000,2.000000000,0.696112847,0.000000000,0.000000000
QV-C02-013-A0001,QV-C02-013,DS00,quebrada_verde,CAMPAIGN_02,0.000000000,2.000000000,2.000000000,0.155582333,0.000000000,0.000000000
QV-C02-013-A0002,QV-C02-013,DS00,quebrada_verde,CAMPAIGN_02,2.000000000,4.000000000,2.000000000,0.160486811,0.000000000,0.000000000
QV-C02-013-A0003,QV-C02-013,DS00,quebrada_verde,CAMPAIGN_02,4.000000000,6.000000000,2.000000000,0.155672264,0.000000000,0.000000000
QV-C02-013-A0004,QV-C02-013,DS00,quebrada_verde,CAMPAIGN_02,6.000000000,8.000000000,2.000000000,0.165049568,0.000000000,0.000000000
QV-C02-013-A0005,QV-C02-013,DS00,quebrada_verde,CAMPAIGN_02,8.000000000,10.000000000,2.000000000,0.165026996,0.000000000,0.000000000
QV-C02-013-A0006,QV-C02-013,DS00,quebrada_verde,CAMPAIGN_02,10.000000000,12.000000000,2.000000000,0.177949639,0.000000000,0.000000000
QV-C02-013-A0007,QV-C02-013,DS00,quebrada_verde,CAMPAIGN_02,12.000000000,14.000000000,2.000000000,0.164156332,0.000000000,0.000000000
QV-C02-013-A0008,QV-C02-013,DS00,quebrada_verde,CAMPAIGN_02,14.000000000,16.000000000,2.000000000,0.182343397,0.000000000,0.000000000
QV-C02-013-A0009,QV-C02-013,DS00,quebrada_verde,CAMPAIGN_02,16.000000000,18.000000000,2.000000000,0.191955462,0.000000000,0.000000000
QV-C02-013-A0010,QV-C02-013,DS00,quebrada_verde,CAMPAIGN_02,18.000000000,20.000000000,2.000000000,0.188464320,0.000000000,0.000000000
QV-C02-013-A0011,QV-C02-013,DS00,quebrada_verde,CAMPAIGN_02,20.000000000,22.000000000,2.000000000,0.199255675,0.000000000,0.000000000
QV-C02-013-A0012,QV-C02-013,DS00,quebrada_verde,CAMPAIGN_02,22.000000000,24.000000000,2.000000000,0.211259732,0.000000000,0.000000000
QV-C02-013-A0013,QV-C02-013,DS00,quebrada_verde,CAMPAIGN_02,24.000000000,26.000000000,2.000000000,0.194284827,0.000000000,0.000000000
QV-C02-013-A0014,QV-C02-013,DS00,quebrada_verde,CAMPAIGN_02,26.000000000,28.000000000,2.000000000,0.197475152,0.000000000,0.000000000
QV-C02-013-A0015,QV-C02-013,DS00,quebrada_verde,CAMPAIGN_02,28.000000000,30.000000000,2.000000000,0.221122063,0.000000000,0.000000000
QV-C02-013-A0016,QV-C02-013,DS00,quebrada_verde,CAMPAIGN_02,30.000000000,32.000000000,2.000000000,0.235190326,0.000000000,0.000000000
QV-C02-013-A0017,QV-C02-013,DS00,quebrada_verde,CAMPAIGN_02,32.000000000,34.000000000,2.000000000,0.236348382,0.000000000,0.000000000
QV-C02-013-A0018,QV-C02-013,DS00,quebrada_verde,CAMPAIGN_02,34.000000000,36.000000000,2.000000000,0.234596974,0.000000000,0.000000000
QV-C02-013-A0019,QV-C02-013,DS00,quebrada_verde,CAMPAIGN_02,36.000000000,38.000000000,2.000000000,0.239611989,0.000000000,0.000000000
QV-C02-013-A0020,QV-C02-013,DS00,quebrada_verde,CAMPAIGN_02,38.000000000,40.000000000,2.000000000,0.254027702,0.000000000,0.000000000
QV-C02-013-A0021,QV-C02-013,DS00,quebrada_verde,CAMPAIGN_02,40.000000000,42.000000000,2.000000000,0.266847800,0.000000000,0.000000000
QV-C02-013-A0022,QV-C02-013,DS00,quebrada_verde,CAMPAIGN_02,42.000000000,44.000000000,2.000000000,0.257656517,0.000000000,0.000000000
QV-C02-013-A0023,QV-C02-013,DS00,quebrada_verde,CAMPAIGN_02,44.000000000,46.000000000,2.000000000,0.285442720,0.000000000,0.000000000
QV-C02-013-A0024,QV-C02-013,DS00,quebrada_verde,CAMPAIGN_02,46.000000000,48.000000000,2.000000000,0.262114793,0.000000000,0.000000000
QV-C02-013-A0025,QV-C02-013,DS00,quebrada_verde,CAMPAIGN_02,48.000000000,50.000000000,2.000000000,0.277558027,0.000000000,0.000000000
QV-C02-013-A0026,QV-C02-013,DS00,quebrada_verde,CAMPAIGN_02,50.000000000,52.000000000,2.000000000,0.279332367,0.000000000,0.000000000
QV-C02-013-A0027,QV-C02-013,DS00,quebrada_verde,CAMPAIGN_02,52.000000000,54.000000000,2.000000000,0.312152110,0.000000000,0.000000000
QV-C02-013-A0028,QV-C02-013,DS00,quebrada_verde,CAMPAIGN_02,54.000000000,56.000000000,2.000000000,0.303219736,0.000000000,0.000000000
QV-C02-013-A0029,QV-C02-013,DS00,quebrada_verde,CAMPAIGN_02,56.000000000,58.000000000,2.000000000,0.290279315,0.000000000,0.000000000
QV-C02-013-A0030,QV-C02-013,DS00,quebrada_verde,CAMPAIGN_02,58.000000000,60.000000000,2.000000000,0.324932411,0.000000000,0.000000000
QV-C02-013-A0031,QV-C02-013,DS00,quebrada_verde,CAMPAIGN_02,60.000000000,62.000000000,2.000000000,0.325682932,0.000000000,0.000000000
QV-C02-013-A0032,QV-C02-013,DS00,quebrada_verde,CAMPAIGN_02,62.000000000,64.000000000,2.000000000,0.345836173,0.000000000,0.000000000
QV-C02-013-A0033,QV-C02-013,DS00,quebrada_verde,CAMPAIGN_02,64.000000000,66.000000000,2.000000000,0.340422245,0.000000000,0.000000000
QV-C02-013-A0034,QV-C02-013,DS00,quebrada_verde,CAMPAIGN_02,66.000000000,68.000000000,2.000000000,0.355291388,0.000000000,0.000000000
QV-C02-013-A0035,QV-C02-013,DS00,quebrada_verde,CAMPAIGN_02,68.000000000,70.000000000,2.000000000,0.332326126,0.000000000,0.000000000
QV-C02-013-A0036,QV-C02-013,DS00,quebrada_verde,CAMPAIGN_02,70.000000000,72.000000000,2.000000000,0.367199580,0.000000000,0.000000000
QV-C02-013-A0037,QV-C02-013,DS00,quebrada_verde,CAMPAIGN_02,72.000000000,74.000000000,2.000000000,0.357070619,0.000000000,0.000000000
QV-C02-013-A0038,QV-C02-013,DS00,quebrada_verde,CAMPAIGN_02,74.000000000,76.000000000,2.000000000,0.380630480,0.000000000,0.000000000
QV-C02-013-A0039,QV-C02-013,DS00,quebrada_verde,CAMPAIGN_02,76.000000000,78.000000000,2.000000000,0.397942109,0.000000000,0.000000000
QV-C02-013-A0040,QV-C02-013,DS00,quebrada_verde,CAMPAIGN_02,78.000000000,80.000000000,2.000000000,0.378007293,0.000000000,0.000000000
QV-C02-013-A0041,QV-C02-013,DS00,quebrada_verde,CAMPAIGN_02,80.000000000,82.000000000,2.000000000,0.380171394,0.000000000,0.000000000
QV-C02-013-A0042,QV-C02-013,DS00,quebrada_verde,CAMPAIGN_02,82.000000000,84.000000000,2.000000000,0.393608063,0.000000000,0.000000000
QV-C02-013-A0043,QV-C02-013,DS00,quebrada_verde,CAMPAIGN_02,84.000000000,86.000000000,2.000000000,0.395379509,0.000000000,0.000000000
QV-C02-013-A0044,QV-C02-013,DS00,quebrada_verde,CAMPAIGN_02,86.000000000,88.000000000,2.000000000,0.384228810,0.000000000,0.000000000
QV-C02-013-A0045,QV-C02-013,DS00,quebrada_verde,CAMPAIGN_02,88.000000000,90.000000000,2.000000000,0.428397266,0.000000000,0.000000000
QV-C02-013-A0046,QV-C02-013,DS00,quebrada_verde,CAMPAIGN_02,90.000000000,92.000000000,2.000000000,0.408088312,0.000000000,0.000000000
QV-C02-013-A0047,QV-C02-013,DS00,quebrada_verde,CAMPAIGN_02,92.000000000,94.000000000,2.000000000,0.424557763,0.000000000,0.000000000
QV-C02-013-A0048,QV-C02-013,DS00,quebrada_verde,CAMPAIGN_02,94.000000000,96.000000000,2.000000000,0.443866218,0.000000000,0.000000000
QV-C02-013-A0049,QV-C02-013,DS00,quebrada_verde,CAMPAIGN_02,96.000000000,98.000000000,2.000000000,0.473343152,0.000000000,0.000000000
QV-C02-013-A0050,QV-C02-013,DS00,quebrada_verde,CAMPAIGN_02,98.000000000,100.000000000,2.000000000,0.454687363,0.000000000,0.000000000
QV-C02-013-A0051,QV-C02-013,DS00,quebrada_verde,CAMPAIGN_02,100.000000000,102.000000000,2.000000000,0.452516548,0.000000000,0.000000000
QV-C02-013-A0052,QV-C02-013,DS00,quebrada_verde,CAMPAIGN_02,102.000000000,104.000000000,2.000000000,0.464412479,0.000000000,0.000000000
QV-C02-013-A0053,QV-C02-013,DS00,quebrada_verde,CAMPAIGN_02,104.000000000,106.000000000,2.000000000,0.479959282,0.000000000,0.000000000
QV-C02-013-A0054,QV-C02-013,DS00,quebrada_verde,CAMPAIGN_02,106.000000000,108.000000000,2.000000000,0.490811846,0.000000000,0.000000000
QV-C02-013-A0055,QV-C02-013,DS00,quebrada_verde,CAMPAIGN_02,108.000000000,110.000000000,2.000000000,0.480090604,0.000000000,0.000000000
QV-C02-013-A0056,QV-C02-013,DS00,quebrada_verde,CAMPAIGN_02,110.000000000,112.000000000,2.000000000,0.512930139,0.000000000,0.000000000
QV-C02-013-A0057,QV-C02-013,DS00,quebrada_verde,CAMPAIGN_02,112.000000000,114.000000000,2.000000000,0.532667940,0.000000000,0.000000000
QV-C02-013-A0058,QV-C02-013,DS00,quebrada_verde,CAMPAIGN_02,114.000000000,116.000000000,2.000000000,0.484895886,0.000000000,0.000000000
QV-C02-013-A0059,QV-C02-013,DS00,quebrada_verde,CAMPAIGN_02,116.000000000,118.000000000,2.000000000,0.534574779,0.000000000,0.000000000
QV-C02-013-A0060,QV-C02-013,DS00,quebrada_verde,CAMPAIGN_02,118.000000000,120.000000000,2.000000000,0.537101596,0.000000000,0.000000000
QV-C02-013-A0061,QV-C02-013,DS00,quebrada_verde,CAMPAIGN_02,120.000000000,122.000000000,2.000000000,0.537578434,0.000000000,0.000000000
QV-C02-013-A0062,QV-C02-013,DS00,quebrada_verde,CAMPAIGN_02,122.000000000,124.000000000,2.000000000,0.551176165,0.000000000,0.000000000
QV-C02-013-A0063,QV-C02-013,DS00,quebrada_verde,CAMPAIGN_02,124.000000000,126.000000000,2.000000000,0.528767863,0.000000000,0.000000000
QV-C02-013-A0064,QV-C02-013,DS00,quebrada_verde,CAMPAIGN_02,126.000000000,128.000000000,2.000000000,0.628638859,0.000000000,0.000000000
QV-C02-013-A0065,QV-C02-013,DS00,quebrada_verde,CAMPAIGN_02,128.000000000,130.000000000,2.000000000,0.569334383,0.000000000,0.000000000
QV-C02-013-A0066,QV-C02-013,DS00,quebrada_verde,CAMPAIGN_02,130.000000000,132.000000000,2.000000000,0.558177673,0.000000000,0.000000000
QV-C02-013-A0067,QV-C02-013,DS00,quebrada_verde,CAMPAIGN_02,132.000000000,134.000000000,2.000000000,0.600319928,0.000000000,0.000000000
QV-C02-013-A0068,QV-C02-013,DS00,quebrada_verde,CAMPAIGN_02,134.000000000,136.000000000,2.000000000,0.603940125,0.000000000,0.000000000
QV-C02-013-A0069,QV-C02-013,DS00,quebrada_verde,CAMPAIGN_02,136.000000000,138.000000000,2.000000000,0.589624520,0.000000000,0.000000000
QV-C02-013-A0070,QV-C02-013,DS00,quebrada_verde,CAMPAIGN_02,138.000000000,140.000000000,2.000000000,0.573055319,0.000000000,0.000000000
QV-C02-013-A0071,QV-C02-013,DS00,quebrada_verde,CAMPAIGN_02,140.000000000,142.000000000,2.000000000,0.605100158,0.000000000,0.000000000
QV-C02-013-A0072,QV-C02-013,DS00,quebrada_verde,CAMPAIGN_02,142.000000000,144.000000000,2.000000000,0.662997361,0.000000000,0.000000000
QV-C02-013-A0073,QV-C02-013,DS00,quebrada_verde,CAMPAIGN_02,144.000000000,146.000000000,2.000000000,0.610047647,0.000000000,0.000000000
QV-C02-013-A0074,QV-C02-013,DS00,quebrada_verde,CAMPAIGN_02,146.000000000,148.000000000,2.000000000,0.615742004,0.000000000,0.000000000
QV-C02-013-A0075,QV-C02-013,DS00,quebrada_verde,CAMPAIGN_02,148.000000000,150.000000000,2.000000000,0.637442793,0.000000000,0.000000000
QV-C02-013-A0076,QV-C02-013,DS00,quebrada_verde,CAMPAIGN_02,150.000000000,152.000000000,2.000000000,0.650240241,0.000000000,0.000000000
QV-C02-013-A0077,QV-C02-013,DS00,quebrada_verde,CAMPAIGN_02,152.000000000,154.000000000,2.000000000,0.641016196,0.000000000,0.000000000
QV-C02-013-A0078,QV-C02-013,DS00,quebrada_verde,CAMPAIGN_02,154.000000000,156.000000000,2.000000000,0.644514602,0.000000000,0.000000000
QV-C02-013-A0079,QV-C02-013,DS00,quebrada_verde,CAMPAIGN_02,156.000000000,158.000000000,2.000000000,0.631618213,0.000000000,0.000000000
QV-C02-013-A0080,QV-C02-013,DS00,quebrada_verde,CAMPAIGN_02,158.000000000,160.000000000,2.000000000,0.672589757,0.000000000,0.000000000
QV-C02-013-A0081,QV-C02-013,DS00,quebrada_verde,CAMPAIGN_02,160.000000000,162.000000000,2.000000000,0.691595615,0.000000000,0.000000000
QV-C02-013-A0082,QV-C02-013,DS00,quebrada_verde,CAMPAIGN_02,162.000000000,164.000000000,2.000000000,0.684822283,0.000000000,0.000000000
QV-C02-013-A0083,QV-C02-013,DS00,quebrada_verde,CAMPAIGN_02,164.000000000,166.000000000,2.000000000,0.659791849,0.000000000,0.000000000
QV-C02-013-A0084,QV-C02-013,DS00,quebrada_verde,CAMPAIGN_02,166.000000000,168.000000000,2.000000000,0.665820515,0.000000000,0.000000000
QV-C02-013-A0085,QV-C02-013,DS00,quebrada_verde,CAMPAIGN_02,168.000000000,170.000000000,2.000000000,0.719860357,0.000000000,0.000000000
QV-C02-013-A0086,QV-C02-013,DS00,quebrada_verde,CAMPAIGN_02,170.000000000,172.000000000,2.000000000,0.671916193,0.000000000,0.000000000
QV-C02-013-A0087,QV-C02-013,DS00,quebrada_verde,CAMPAIGN_02,172.000000000,174.000000000,2.000000000,0.651359954,0.000000000,0.000000000
QV-C02-013-A0088,QV-C02-013,DS00,quebrada_verde,CAMPAIGN_02,174.000000000,176.000000000,2.000000000,0.684400231,0.000000000,0.000000000
QV-C02-013-A0089,QV-C02-013,DS00,quebrada_verde,CAMPAIGN_02,176.000000000,178.000000000,2.000000000,0.713010311,0.000000000,0.000000000
QV-C02-013-A0090,QV-C02-013,DS00,quebrada_verde,CAMPAIGN_02,178.000000000,180.000000000,2.000000000,0.660299506,0.000000000,0.000000000
QV-C02-013-A0091,QV-C02-013,DS00,quebrada_verde,CAMPAIGN_02,180.000000000,182.000000000,2.000000000,0.729150519,0.000000000,0.000000000
QV-C02-013-A0092,QV-C02-013,DS00,quebrada_verde,CAMPAIGN_02,182.000000000,184.000000000,2.000000000,0.724032092,0.000000000,0.000000000
QV-C02-013-A0093,QV-C02-013,DS00,quebrada_verde,CAMPAIGN_02,184.000000000,186.000000000,2.000000000,0.708582036,0.000000000,0.000000000
QV-C02-013-A0094,QV-C02-013,DS00,quebrada_verde,CAMPAIGN_02,186.000000000,188.000000000,2.000000000,0.744039462,0.000000000,0.000000000
QV-C02-013-A0095,QV-C02-013,DS00,quebrada_verde,CAMPAIGN_02,188.000000000,190.000000000,2.000000000,0.692917189,0.000000000,0.000000000
QV-C02-013-A0096,QV-C02-013,DS00,quebrada_verde,CAMPAIGN_02,190.000000000,192.000000000,2.000000000,0.746749173,0.000000000,0.000000000
QV-C02-013-A0097,QV-C02-013,DS00,quebrada_verde,CAMPAIGN_02,192.000000000,194.000000000,2.000000000,0.693982231,0.000000000,0.000000000
QV-C02-013-A0098,QV-C02-013,DS00,quebrada_verde,CAMPAIGN_02,194.000000000,196.000000000,2.000000000,0.698750719,0.000000000,0.000000000
QV-C02-013-A0099,QV-C02-013,DS00,quebrada_verde,CAMPAIGN_02,196.000000000,198.000000000,2.000000000,0.652795613,0.000000000,0.000000000
QV-C02-013-A0100,QV-C02-013,DS00,quebrada_verde,CAMPAIGN_02,198.000000000,200.000000000,2.000000000,0.695215254,0.000000000,0.000000000
QV-C02-013-A0101,QV-C02-013,DS00,quebrada_verde,CAMPAIGN_02,200.000000000,202.000000000,2.000000000,0.698689214,0.000000000,0.000000000
QV-C02-013-A0102,QV-C02-013,DS00,quebrada_verde,CAMPAIGN_02,202.000000000,204.000000000,2.000000000,0.730745328,0.000000000,0.000000000
QV-C02-013-A0103,QV-C02-013,DS00,quebrada_verde,CAMPAIGN_02,204.000000000,206.000000000,2.000000000,0.757572239,0.000000000,0.000000000
QV-C02-013-A0104,QV-C02-013,DS00,quebrada_verde,CAMPAIGN_02,206.000000000,208.000000000,2.000000000,0.712762423,0.000000000,0.000000000
QV-C02-013-A0105,QV-C02-013,DS00,quebrada_verde,CAMPAIGN_02,208.000000000,210.000000000,2.000000000,0.718264467,0.000000000,0.000000000
QV-C02-013-A0106,QV-C02-013,DS00,quebrada_verde,CAMPAIGN_02,210.000000000,212.000000000,2.000000000,0.731681277,0.000000000,0.000000000
QV-C02-013-A0107,QV-C02-013,DS00,quebrada_verde,CAMPAIGN_02,212.000000000,214.000000000,2.000000000,0.730871996,0.000000000,0.000000000
QV-C02-013-A0108,QV-C02-013,DS00,quebrada_verde,CAMPAIGN_02,214.000000000,216.000000000,2.000000000,0.680739005,0.000000000,0.000000000
QV-C02-013-A0109,QV-C02-013,DS00,quebrada_verde,CAMPAIGN_02,216.000000000,218.000000000,2.000000000,0.708862469,0.000000000,0.000000000
QV-C02-013-A0110,QV-C02-013,DS00,quebrada_verde,CAMPAIGN_02,218.000000000,220.000000000,2.000000000,0.692601563,0.000000000,0.000000000
QV-C02-013-A0111,QV-C02-013,DS00,quebrada_verde,CAMPAIGN_02,220.000000000,222.000000000,2.000000000,0.749302151,0.000000000,0.000000000
QV-C02-013-A0112,QV-C02-013,DS00,quebrada_verde,CAMPAIGN_02,222.000000000,224.000000000,2.000000000,0.694874720,0.000000000,0.000000000
QV-C02-013-A0113,QV-C02-013,DS00,quebrada_verde,CAMPAIGN_02,224.000000000,226.000000000,2.000000000,0.692772640,0.000000000,0.000000000
QV-C02-013-A0114,QV-C02-013,DS00,quebrada_verde,CAMPAIGN_02,226.000000000,228.000000000,2.000000000,0.653562524,0.000000000,0.000000000
QV-C02-013-A0115,QV-C02-013,DS00,quebrada_verde,CAMPAIGN_02,228.000000000,230.000000000,2.000000000,0.643081777,0.000000000,0.000000000
QV-C02-013-A0116,QV-C02-013,DS00,quebrada_verde,CAMPAIGN_02,230.000000000,232.000000000,2.000000000,0.675485380,0.000000000,0.000000000
QV-C02-013-A0117,QV-C02-013,DS00,quebrada_verde,CAMPAIGN_02,232.000000000,234.000000000,2.000000000,0.653331956,0.000000000,0.000000000
QV-C02-013-A0118,QV-C02-013,DS00,quebrada_verde,CAMPAIGN_02,234.000000000,236.000000000,2.000000000,0.731164969,0.000000000,0.000000000
QV-C02-013-A0119,QV-C02-013,DS00,quebrada_verde,CAMPAIGN_02,236.000000000,238.000000000,2.000000000,0.764617531,0.000000000,0.000000000
QV-C02-013-A0120,QV-C02-013,DS00,quebrada_verde,CAMPAIGN_02,238.000000000,240.000000000,2.000000000,0.650473962,0.000000000,0.000000000
QV-C02-013-A0121,QV-C02-013,DS00,quebrada_verde,CAMPAIGN_02,240.000000000,240.714891920,0.714891920,0.690261210,0.000000000,0.000000000
QV-C02-014-A0001,QV-C02-014,DS00,quebrada_verde,CAMPAIGN_02,0.000000000,2.000000000,2.000000000,0.066586998,0.000000000,0.000000000
QV-C02-014-A0002,QV-C02-014,DS00,quebrada_verde,CAMPAIGN_02,2.000000000,4.000000000,2.000000000,0.070029720,0.000000000,0.000000000
QV-C02-014-A0003,QV-C02-014,DS00,quebrada_verde,CAMPAIGN_02,4.000000000,6.000000000,2.000000000,0.066622346,0.000000000,0.000000000
QV-C02-014-A0004,QV-C02-014,DS00,quebrada_verde,CAMPAIGN_02,6.000000000,8.000000000,2.000000000,0.073535233,0.000000000,0.000000000
QV-C02-014-A0005,QV-C02-014,DS00,quebrada_verde,CAMPAIGN_02,8.000000000,10.000000000,2.000000000,0.076617409,0.000000000,0.000000000
QV-C02-014-A0006,QV-C02-014,DS00,quebrada_verde,CAMPAIGN_02,10.000000000,12.000000000,2.000000000,0.076841982,0.000000000,0.000000000
QV-C02-014-A0007,QV-C02-014,DS00,quebrada_verde,CAMPAIGN_02,12.000000000,14.000000000,2.000000000,0.074528985,0.000000000,0.000000000
QV-C02-014-A0008,QV-C02-014,DS00,quebrada_verde,CAMPAIGN_02,14.000000000,16.000000000,2.000000000,0.079355502,0.000000000,0.000000000
QV-C02-014-A0009,QV-C02-014,DS00,quebrada_verde,CAMPAIGN_02,16.000000000,18.000000000,2.000000000,0.086061675,0.000000000,0.000000000
QV-C02-014-A0010,QV-C02-014,DS00,quebrada_verde,CAMPAIGN_02,18.000000000,20.000000000,2.000000000,0.094492892,0.000000000,0.000000000
QV-C02-014-A0011,QV-C02-014,DS00,quebrada_verde,CAMPAIGN_02,20.000000000,22.000000000,2.000000000,0.084848813,0.000000000,0.000000000
QV-C02-014-A0012,QV-C02-014,DS00,quebrada_verde,CAMPAIGN_02,22.000000000,24.000000000,2.000000000,0.096716263,0.000000000,0.000000000
QV-C02-014-A0013,QV-C02-014,DS00,quebrada_verde,CAMPAIGN_02,24.000000000,26.000000000,2.000000000,0.087755576,0.000000000,0.000000000
QV-C02-014-A0014,QV-C02-014,DS00,quebrada_verde,CAMPAIGN_02,26.000000000,28.000000000,2.000000000,0.096888065,0.000000000,0.000000000
QV-C02-014-A0015,QV-C02-014,DS00,quebrada_verde,CAMPAIGN_02,28.000000000,30.000000000,2.000000000,0.100250462,0.000000000,0.000000000
QV-C02-014-A0016,QV-C02-014,DS00,quebrada_verde,CAMPAIGN_02,30.000000000,32.000000000,2.000000000,0.104812121,0.000000000,0.000000000
QV-C02-014-A0017,QV-C02-014,DS00,quebrada_verde,CAMPAIGN_02,32.000000000,34.000000000,2.000000000,0.105378673,0.000000000,0.000000000
QV-C02-014-A0018,QV-C02-014,DS00,quebrada_verde,CAMPAIGN_02,34.000000000,36.000000000,2.000000000,0.112766984,0.000000000,0.000000000
QV-C02-014-A0019,QV-C02-014,DS00,quebrada_verde,CAMPAIGN_02,36.000000000,38.000000000,2.000000000,0.111053422,0.000000000,0.000000000
QV-C02-014-A0020,QV-C02-014,DS00,quebrada_verde,CAMPAIGN_02,38.000000000,40.000000000,2.000000000,0.118973116,0.000000000,0.000000000
QV-C02-014-A0021,QV-C02-014,DS00,quebrada_verde,CAMPAIGN_02,40.000000000,42.000000000,2.000000000,0.111906402,0.000000000,0.000000000
QV-C02-014-A0022,QV-C02-014,DS00,quebrada_verde,CAMPAIGN_02,42.000000000,44.000000000,2.000000000,0.127306656,0.000000000,0.000000000
QV-C02-014-A0023,QV-C02-014,DS00,quebrada_verde,CAMPAIGN_02,44.000000000,46.000000000,2.000000000,0.132695979,0.000000000,0.000000000
QV-C02-014-A0024,QV-C02-014,DS00,quebrada_verde,CAMPAIGN_02,46.000000000,48.000000000,2.000000000,0.132756664,0.000000000,0.000000000
QV-C02-014-A0025,QV-C02-014,DS00,quebrada_verde,CAMPAIGN_02,48.000000000,50.000000000,2.000000000,0.131995886,0.000000000,0.000000000
QV-C02-014-A0026,QV-C02-014,DS00,quebrada_verde,CAMPAIGN_02,50.000000000,52.000000000,2.000000000,0.134952718,0.000000000,0.000000000
QV-C02-014-A0027,QV-C02-014,DS00,quebrada_verde,CAMPAIGN_02,52.000000000,54.000000000,2.000000000,0.134640575,0.000000000,0.000000000
QV-C02-014-A0028,QV-C02-014,DS00,quebrada_verde,CAMPAIGN_02,54.000000000,56.000000000,2.000000000,0.141842653,0.000000000,0.000000000
QV-C02-014-A0029,QV-C02-014,DS00,quebrada_verde,CAMPAIGN_02,56.000000000,58.000000000,2.000000000,0.137555075,0.000000000,0.000000000
QV-C02-014-A0030,QV-C02-014,DS00,quebrada_verde,CAMPAIGN_02,58.000000000,60.000000000,2.000000000,0.157123737,0.000000000,0.000000000
QV-C02-014-A0031,QV-C02-014,DS00,quebrada_verde,CAMPAIGN_02,60.000000000,62.000000000,2.000000000,0.158708226,0.000000000,0.000000000
QV-C02-014-A0032,QV-C02-014,DS00,quebrada_verde,CAMPAIGN_02,62.000000000,64.000000000,2.000000000,0.168619249,0.000000000,0.000000000
QV-C02-014-A0033,QV-C02-014,DS00,quebrada_verde,CAMPAIGN_02,64.000000000,66.000000000,2.000000000,0.174427786,0.000000000,0.000000000
QV-C02-014-A0034,QV-C02-014,DS00,quebrada_verde,CAMPAIGN_02,66.000000000,68.000000000,2.000000000,0.164818212,0.000000000,0.000000000
QV-C02-014-A0035,QV-C02-014,DS00,quebrada_verde,CAMPAIGN_02,68.000000000,70.000000000,2.000000000,0.176803674,0.000000000,0.000000000
QV-C02-014-A0036,QV-C02-014,DS00,quebrada_verde,CAMPAIGN_02,70.000000000,72.000000000,2.000000000,0.160938559,0.000000000,0.000000000
QV-C02-014-A0037,QV-C02-014,DS00,quebrada_verde,CAMPAIGN_02,72.000000000,74.000000000,2.000000000,0.188917629,0.000000000,0.000000000
QV-C02-014-A0038,QV-C02-014,DS00,quebrada_verde,CAMPAIGN_02,74.000000000,76.000000000,2.000000000,0.197648569,0.000000000,0.000000000
QV-C02-014-A0039,QV-C02-014,DS00,quebrada_verde,CAMPAIGN_02,76.000000000,78.000000000,2.000000000,0.182332177,0.000000000,0.000000000
QV-C02-014-A0040,QV-C02-014,DS00,quebrada_verde,CAMPAIGN_02,78.000000000,80.000000000,2.000000000,0.195508218,0.000000000,0.000000000
QV-C02-014-A0041,QV-C02-014,DS00,quebrada_verde,CAMPAIGN_02,80.000000000,82.000000000,2.000000000,0.186925881,0.000000000,0.000000000
QV-C02-014-A0042,QV-C02-014,DS00,quebrada_verde,CAMPAIGN_02,82.000000000,84.000000000,2.000000000,0.210386491,0.000000000,0.000000000
QV-C02-014-A0043,QV-C02-014,DS00,quebrada_verde,CAMPAIGN_02,84.000000000,86.000000000,2.000000000,0.203561091,0.000000000,0.000000000
QV-C02-014-A0044,QV-C02-014,DS00,quebrada_verde,CAMPAIGN_02,86.000000000,88.000000000,2.000000000,0.220750101,0.000000000,0.000000000
QV-C02-014-A0045,QV-C02-014,DS00,quebrada_verde,CAMPAIGN_02,88.000000000,90.000000000,2.000000000,0.227122021,0.000000000,0.000000000
QV-C02-014-A0046,QV-C02-014,DS00,quebrada_verde,CAMPAIGN_02,90.000000000,92.000000000,2.000000000,0.202038303,0.000000000,0.000000000
QV-C02-014-A0047,QV-C02-014,DS00,quebrada_verde,CAMPAIGN_02,92.000000000,94.000000000,2.000000000,0.232804628,0.000000000,0.000000000
QV-C02-014-A0048,QV-C02-014,DS00,quebrada_verde,CAMPAIGN_02,94.000000000,96.000000000,2.000000000,0.218219343,0.000000000,0.000000000
QV-C02-014-A0049,QV-C02-014,DS00,quebrada_verde,CAMPAIGN_02,96.000000000,98.000000000,2.000000000,0.248852207,0.000000000,0.000000000
QV-C02-014-A0050,QV-C02-014,DS00,quebrada_verde,CAMPAIGN_02,98.000000000,100.000000000,2.000000000,0.235469938,0.000000000,0.000000000
QV-C02-014-A0051,QV-C02-014,DS00,quebrada_verde,CAMPAIGN_02,100.000000000,102.000000000,2.000000000,0.233894181,0.000000000,0.000000000
QV-C02-014-A0052,QV-C02-014,DS00,quebrada_verde,CAMPAIGN_02,102.000000000,104.000000000,2.000000000,0.262060288,0.000000000,0.000000000
QV-C02-014-A0053,QV-C02-014,DS00,quebrada_verde,CAMPAIGN_02,104.000000000,106.000000000,2.000000000,0.266178410,0.000000000,0.000000000
QV-C02-014-A0054,QV-C02-014,DS00,quebrada_verde,CAMPAIGN_02,106.000000000,108.000000000,2.000000000,0.256780502,0.000000000,0.000000000
QV-C02-014-A0055,QV-C02-014,DS00,quebrada_verde,CAMPAIGN_02,108.000000000,110.000000000,2.000000000,0.269834407,0.000000000,0.000000000
QV-C02-014-A0056,QV-C02-014,DS00,quebrada_verde,CAMPAIGN_02,110.000000000,112.000000000,2.000000000,0.287010398,0.000000000,0.000000000
QV-C02-014-A0057,QV-C02-014,DS00,quebrada_verde,CAMPAIGN_02,112.000000000,114.000000000,2.000000000,0.290221482,0.000000000,0.000000000
QV-C02-014-A0058,QV-C02-014,DS00,quebrada_verde,CAMPAIGN_02,114.000000000,116.000000000,2.000000000,0.280004056,0.000000000,0.000000000
QV-C02-014-A0059,QV-C02-014,DS00,quebrada_verde,CAMPAIGN_02,116.000000000,118.000000000,2.000000000,0.278637296,0.000000000,0.000000000
QV-C02-014-A0060,QV-C02-014,DS00,quebrada_verde,CAMPAIGN_02,118.000000000,120.000000000,2.000000000,0.308482829,0.000000000,0.000000000
QV-C02-014-A0061,QV-C02-014,DS00,quebrada_verde,CAMPAIGN_02,120.000000000,122.000000000,2.000000000,0.284412402,0.000000000,0.000000000
QV-C02-014-A0062,QV-C02-014,DS00,quebrada_verde,CAMPAIGN_02,122.000000000,124.000000000,2.000000000,0.308766581,0.000000000,0.000000000
QV-C02-014-A0063,QV-C02-014,DS00,quebrada_verde,CAMPAIGN_02,124.000000000,126.000000000,2.000000000,0.298582873,0.000000000,0.000000000
QV-C02-014-A0064,QV-C02-014,DS00,quebrada_verde,CAMPAIGN_02,126.000000000,128.000000000,2.000000000,0.337977859,0.000000000,0.000000000
QV-C02-014-A0065,QV-C02-014,DS00,quebrada_verde,CAMPAIGN_02,128.000000000,130.000000000,2.000000000,0.320655179,0.000000000,0.000000000
QV-C02-014-A0066,QV-C02-014,DS00,quebrada_verde,CAMPAIGN_02,130.000000000,132.000000000,2.000000000,0.345716698,0.000000000,0.000000000
QV-C02-014-A0067,QV-C02-014,DS00,quebrada_verde,CAMPAIGN_02,132.000000000,134.000000000,2.000000000,0.343565331,0.000000000,0.000000000
QV-C02-014-A0068,QV-C02-014,DS00,quebrada_verde,CAMPAIGN_02,134.000000000,136.000000000,2.000000000,0.376214052,0.000000000,0.000000000
QV-C02-014-A0069,QV-C02-014,DS00,quebrada_verde,CAMPAIGN_02,136.000000000,138.000000000,2.000000000,0.339224926,0.000000000,0.000000000
QV-C02-014-A0070,QV-C02-014,DS00,quebrada_verde,CAMPAIGN_02,138.000000000,140.000000000,2.000000000,0.348409976,0.000000000,0.000000000
QV-C02-014-A0071,QV-C02-014,DS00,quebrada_verde,CAMPAIGN_02,140.000000000,142.000000000,2.000000000,0.366947531,0.000000000,0.000000000
QV-C02-014-A0072,QV-C02-014,DS00,quebrada_verde,CAMPAIGN_02,142.000000000,144.000000000,2.000000000,0.394401118,0.000000000,0.000000000
QV-C02-014-A0073,QV-C02-014,DS00,quebrada_verde,CAMPAIGN_02,144.000000000,146.000000000,2.000000000,0.377206564,0.000000000,0.000000000
QV-C02-014-A0074,QV-C02-014,DS00,quebrada_verde,CAMPAIGN_02,146.000000000,148.000000000,2.000000000,0.386178215,0.000000000,0.000000000
QV-C02-014-A0075,QV-C02-014,DS00,quebrada_verde,CAMPAIGN_02,148.000000000,150.000000000,2.000000000,0.423964501,0.000000000,0.000000000
QV-C02-014-A0076,QV-C02-014,DS00,quebrada_verde,CAMPAIGN_02,150.000000000,152.000000000,2.000000000,0.386703621,0.000000000,0.000000000
QV-C02-014-A0077,QV-C02-014,DS00,quebrada_verde,CAMPAIGN_02,152.000000000,154.000000000,2.000000000,0.360568812,0.000000000,0.000000000
QV-C02-014-A0078,QV-C02-014,DS00,quebrada_verde,CAMPAIGN_02,154.000000000,156.000000000,2.000000000,0.406673986,0.000000000,0.000000000
QV-C02-014-A0079,QV-C02-014,DS00,quebrada_verde,CAMPAIGN_02,156.000000000,158.000000000,2.000000000,0.441785660,0.000000000,0.000000000
QV-C02-014-A0080,QV-C02-014,DS00,quebrada_verde,CAMPAIGN_02,158.000000000,160.000000000,2.000000000,0.407234638,0.000000000,0.000000000
QV-C02-014-A0081,QV-C02-014,DS00,quebrada_verde,CAMPAIGN_02,160.000000000,162.000000000,2.000000000,0.424154396,0.000000000,0.000000000
QV-C02-014-A0082,QV-C02-014,DS00,quebrada_verde,CAMPAIGN_02,162.000000000,164.000000000,2.000000000,0.425106780,0.000000000,0.000000000
QV-C02-014-A0083,QV-C02-014,DS00,quebrada_verde,CAMPAIGN_02,164.000000000,166.000000000,2.000000000,0.450502257,0.000000000,0.000000000
QV-C02-014-A0084,QV-C02-014,DS00,quebrada_verde,CAMPAIGN_02,166.000000000,168.000000000,2.000000000,0.406583142,0.000000000,0.000000000
QV-C02-014-A0085,QV-C02-014,DS00,quebrada_verde,CAMPAIGN_02,168.000000000,170.000000000,2.000000000,0.482303406,0.000000000,0.000000000
QV-C02-014-A0086,QV-C02-014,DS00,quebrada_verde,CAMPAIGN_02,170.000000000,172.000000000,2.000000000,0.414060747,0.000000000,0.000000000
QV-C02-014-A0087,QV-C02-014,DS00,quebrada_verde,CAMPAIGN_02,172.000000000,174.000000000,2.000000000,0.483839624,0.000000000,0.000000000
QV-C02-014-A0088,QV-C02-014,DS00,quebrada_verde,CAMPAIGN_02,174.000000000,176.000000000,2.000000000,0.447072746,0.000000000,0.000000000
QV-C02-014-A0089,QV-C02-014,DS00,quebrada_verde,CAMPAIGN_02,176.000000000,178.000000000,2.000000000,0.466431365,0.000000000,0.000000000
QV-C02-014-A0090,QV-C02-014,DS00,quebrada_verde,CAMPAIGN_02,178.000000000,180.000000000,2.000000000,0.454815092,0.000000000,0.000000000
QV-C02-014-A0091,QV-C02-014,DS00,quebrada_verde,CAMPAIGN_02,180.000000000,182.000000000,2.000000000,0.498409014,0.000000000,0.000000000
QV-C02-014-A0092,QV-C02-014,DS00,quebrada_verde,CAMPAIGN_02,182.000000000,184.000000000,2.000000000,0.457308195,0.000000000,0.000000000
QV-C02-014-A0093,QV-C02-014,DS00,quebrada_verde,CAMPAIGN_02,184.000000000,186.000000000,2.000000000,0.505644146,0.000000000,0.000000000
QV-C02-014-A0094,QV-C02-014,DS00,quebrada_verde,CAMPAIGN_02,186.000000000,188.000000000,2.000000000,0.526398155,0.000000000,0.000000000
QV-C02-014-A0095,QV-C02-014,DS00,quebrada_verde,CAMPAIGN_02,188.000000000,190.000000000,2.000000000,0.486873303,0.000000000,0.000000000
QV-C02-014-A0096,QV-C02-014,DS00,quebrada_verde,CAMPAIGN_02,190.000000000,192.000000000,2.000000000,0.505838414,0.000000000,0.000000000
QV-C02-014-A0097,QV-C02-014,DS00,quebrada_verde,CAMPAIGN_02,192.000000000,194.000000000,2.000000000,0.515906107,0.000000000,0.000000000
QV-C02-014-A0098,QV-C02-014,DS00,quebrada_verde,CAMPAIGN_02,194.000000000,196.000000000,2.000000000,0.491847057,0.000000000,0.000000000
QV-C02-014-A0099,QV-C02-014,DS00,quebrada_verde,CAMPAIGN_02,196.000000000,198.000000000,2.000000000,0.501255610,0.000000000,0.000000000
QV-C02-014-A0100,QV-C02-014,DS00,quebrada_verde,CAMPAIGN_02,198.000000000,200.000000000,2.000000000,0.491638067,0.000000000,0.000000000
QV-C02-014-A0101,QV-C02-014,DS00,quebrada_verde,CAMPAIGN_02,200.000000000,202.000000000,2.000000000,0.499464695,0.000000000,0.000000000
QV-C02-014-A0102,QV-C02-014,DS00,quebrada_verde,CAMPAIGN_02,202.000000000,204.000000000,2.000000000,0.531334441,0.000000000,0.000000000
QV-C02-014-A0103,QV-C02-014,DS00,quebrada_verde,CAMPAIGN_02,204.000000000,206.000000000,2.000000000,0.540825742,0.000000000,0.000000000
QV-C02-014-A0104,QV-C02-014,DS00,quebrada_verde,CAMPAIGN_02,206.000000000,208.000000000,2.000000000,0.521669174,0.000000000,0.000000000
QV-C02-014-A0105,QV-C02-014,DS00,quebrada_verde,CAMPAIGN_02,208.000000000,210.000000000,2.000000000,0.531306562,0.000000000,0.000000000
QV-C02-014-A0106,QV-C02-014,DS00,quebrada_verde,CAMPAIGN_02,210.000000000,212.000000000,2.000000000,0.539383508,0.000000000,0.000000000
QV-C02-014-A0107,QV-C02-014,DS00,quebrada_verde,CAMPAIGN_02,212.000000000,214.000000000,2.000000000,0.541562721,0.000000000,0.000000000
QV-C02-014-A0108,QV-C02-014,DS00,quebrada_verde,CAMPAIGN_02,214.000000000,216.000000000,2.000000000,0.521961650,0.000000000,0.000000000
QV-C02-014-A0109,QV-C02-014,DS00,quebrada_verde,CAMPAIGN_02,216.000000000,218.000000000,2.000000000,0.505144004,0.000000000,0.000000000
QV-C02-014-A0110,QV-C02-014,DS00,quebrada_verde,CAMPAIGN_02,218.000000000,220.000000000,2.000000000,0.592223050,0.000000000,0.000000000
QV-C02-014-A0111,QV-C02-014,DS00,quebrada_verde,CAMPAIGN_02,220.000000000,222.000000000,2.000000000,0.519808290,0.000000000,0.000000000
QV-C02-014-A0112,QV-C02-014,DS00,quebrada_verde,CAMPAIGN_02,222.000000000,224.000000000,2.000000000,0.542864354,0.000000000,0.000000000
QV-C02-014-A0113,QV-C02-014,DS00,quebrada_verde,CAMPAIGN_02,224.000000000,226.000000000,2.000000000,0.552714839,0.000000000,0.000000000
QV-C02-014-A0114,QV-C02-014,DS00,quebrada_verde,CAMPAIGN_02,226.000000000,228.000000000,2.000000000,0.574465535,0.000000000,0.000000000
QV-C02-014-A0115,QV-C02-014,DS00,quebrada_verde,CAMPAIGN_02,228.000000000,230.000000000,2.000000000,0.510604098,0.000000000,0.000000000
QV-C02-014-A0116,QV-C02-014,DS00,quebrada_verde,CAMPAIGN_02,230.000000000,232.000000000,2.000000000,0.578098633,0.000000000,0.000000000
QV-C02-014-A0117,QV-C02-014,DS00,quebrada_verde,CAMPAIGN_02,232.000000000,234.000000000,2.000000000,0.555432911,0.000000000,0.000000000
QV-C02-014-A0118,QV-C02-014,DS00,quebrada_verde,CAMPAIGN_02,234.000000000,236.000000000,2.000000000,0.552009242,0.000000000,0.000000000
QV-C02-014-A0119,QV-C02-014,DS00,quebrada_verde,CAMPAIGN_02,236.000000000,238.000000000,2.000000000,0.579454027,0.000000000,0.000000000
QV-C02-014-A0120,QV-C02-014,DS00,quebrada_verde,CAMPAIGN_02,238.000000000,240.000000000,2.000000000,0.581488925,0.000000000,0.000000000
QV-C02-014-A0121,QV-C02-014,DS00,quebrada_verde,CAMPAIGN_02,240.000000000,242.000000000,2.000000000,0.540993590,0.000000000,0.000000000
QV-C02-014-A0122,QV-C02-014,DS00,quebrada_verde,CAMPAIGN_02,242.000000000,244.000000000,2.000000000,0.550034599,0.000000000,0.000000000
QV-C02-014-A0123,QV-C02-014,DS00,quebrada_verde,CAMPAIGN_02,244.000000000,246.000000000,2.000000000,0.556708286,0.000000000,0.000000000
QV-C02-014-A0124,QV-C02-014,DS00,quebrada_verde,CAMPAIGN_02,246.000000000,248.000000000,2.000000000,0.544245789,0.000000000,0.000000000
QV-C02-014-A0125,QV-C02-014,DS00,quebrada_verde,CAMPAIGN_02,248.000000000,250.000000000,2.000000000,0.603724483,0.000000000,0.000000000
QV-C02-014-A0126,QV-C02-014,DS00,quebrada_verde,CAMPAIGN_02,250.000000000,252.000000000,2.000000000,0.538579551,0.000000000,0.000000000
QV-C02-014-A0127,QV-C02-014,DS00,quebrada_verde,CAMPAIGN_02,252.000000000,254.000000000,2.000000000,0.569435506,0.000000000,0.000000000
QV-C02-014-A0128,QV-C02-014,DS00,quebrada_verde,CAMPAIGN_02,254.000000000,256.000000000,2.000000000,0.555866350,0.000000000,0.000000000
QV-C02-014-A0129,QV-C02-014,DS00,quebrada_verde,CAMPAIGN_02,256.000000000,258.000000000,2.000000000,0.535423990,0.000000000,0.000000000
QV-C02-014-A0130,QV-C02-014,DS00,quebrada_verde,CAMPAIGN_02,258.000000000,260.000000000,2.000000000,0.541454659,0.000000000,0.000000000
QV-C02-014-A0131,QV-C02-014,DS00,quebrada_verde,CAMPAIGN_02,260.000000000,262.000000000,2.000000000,0.555789039,0.000000000,0.000000000
QV-C02-014-A0132,QV-C02-014,DS00,quebrada_verde,CAMPAIGN_02,262.000000000,264.000000000,2.000000000,0.503085752,0.000000000,0.000000000
QV-C02-014-A0133,QV-C02-014,DS00,quebrada_verde,CAMPAIGN_02,264.000000000,266.000000000,2.000000000,0.529998658,0.000000000,0.000000000
QV-C02-014-A0134,QV-C02-014,DS00,quebrada_verde,CAMPAIGN_02,266.000000000,268.000000000,2.000000000,0.593419785,0.000000000,0.000000000
QV-C02-014-A0135,QV-C02-014,DS00,quebrada_verde,CAMPAIGN_02,268.000000000,268.235308784,0.235308784,0.563651442,0.000000000,0.000000000
QV-C02-015-A0001,QV-C02-015,DS00,quebrada_verde,CAMPAIGN_02,0.000000000,2.000000000,2.000000000,0.029040185,0.000000000,0.000000000
QV-C02-015-A0002,QV-C02-015,DS00,quebrada_verde,CAMPAIGN_02,2.000000000,4.000000000,2.000000000,0.024781739,0.000000000,0.000000000
QV-C02-015-A0003,QV-C02-015,DS00,quebrada_verde,CAMPAIGN_02,4.000000000,6.000000000,2.000000000,0.029169060,0.000000000,0.000000000
QV-C02-015-A0004,QV-C02-015,DS00,quebrada_verde,CAMPAIGN_02,6.000000000,8.000000000,2.000000000,0.028868821,0.000000000,0.000000000
QV-C02-015-A0005,QV-C02-015,DS00,quebrada_verde,CAMPAIGN_02,8.000000000,10.000000000,2.000000000,0.032565386,0.000000000,0.000000000
QV-C02-015-A0006,QV-C02-015,DS00,quebrada_verde,CAMPAIGN_02,10.000000000,12.000000000,2.000000000,0.031993299,0.000000000,0.000000000
QV-C02-015-A0007,QV-C02-015,DS00,quebrada_verde,CAMPAIGN_02,12.000000000,14.000000000,2.000000000,0.030138400,0.000000000,0.000000000
QV-C02-015-A0008,QV-C02-015,DS00,quebrada_verde,CAMPAIGN_02,14.000000000,16.000000000,2.000000000,0.030659866,0.000000000,0.000000000
QV-C02-015-A0009,QV-C02-015,DS00,quebrada_verde,CAMPAIGN_02,16.000000000,18.000000000,2.000000000,0.035209403,0.000000000,0.000000000
QV-C02-015-A0010,QV-C02-015,DS00,quebrada_verde,CAMPAIGN_02,18.000000000,20.000000000,2.000000000,0.033047619,0.000000000,0.000000000
QV-C02-015-A0011,QV-C02-015,DS00,quebrada_verde,CAMPAIGN_02,20.000000000,22.000000000,2.000000000,0.031666454,0.000000000,0.000000000
QV-C02-015-A0012,QV-C02-015,DS00,quebrada_verde,CAMPAIGN_02,22.000000000,24.000000000,2.000000000,0.032616448,0.000000000,0.000000000
QV-C02-015-A0013,QV-C02-015,DS00,quebrada_verde,CAMPAIGN_02,24.000000000,26.000000000,2.000000000,0.032916908,0.000000000,0.000000000
QV-C02-015-A0014,QV-C02-015,DS00,quebrada_verde,CAMPAIGN_02,26.000000000,28.000000000,2.000000000,0.035178850,0.000000000,0.000000000
QV-C02-015-A0015,QV-C02-015,DS00,quebrada_verde,CAMPAIGN_02,28.000000000,30.000000000,2.000000000,0.038003517,0.000000000,0.000000000
QV-C02-015-A0016,QV-C02-015,DS00,quebrada_verde,CAMPAIGN_02,30.000000000,32.000000000,2.000000000,0.035936297,0.000000000,0.000000000
QV-C02-015-A0017,QV-C02-015,DS00,quebrada_verde,CAMPAIGN_02,32.000000000,34.000000000,2.000000000,0.038170813,0.000000000,0.000000000
QV-C02-015-A0018,QV-C02-015,DS00,quebrada_verde,CAMPAIGN_02,34.000000000,36.000000000,2.000000000,0.038949112,0.000000000,0.000000000
QV-C02-015-A0019,QV-C02-015,DS00,quebrada_verde,CAMPAIGN_02,36.000000000,38.000000000,2.000000000,0.033972961,0.000000000,0.000000000
QV-C02-015-A0020,QV-C02-015,DS00,quebrada_verde,CAMPAIGN_02,38.000000000,40.000000000,2.000000000,0.031658952,0.000000000,0.000000000
QV-C02-015-A0021,QV-C02-015,DS00,quebrada_verde,CAMPAIGN_02,40.000000000,42.000000000,2.000000000,0.040977885,0.000000000,0.000000000
QV-C02-015-A0022,QV-C02-015,DS00,quebrada_verde,CAMPAIGN_02,42.000000000,44.000000000,2.000000000,0.040602565,0.000000000,0.000000000
QV-C02-015-A0023,QV-C02-015,DS00,quebrada_verde,CAMPAIGN_02,44.000000000,46.000000000,2.000000000,0.040513832,0.000000000,0.000000000
QV-C02-015-A0024,QV-C02-015,DS00,quebrada_verde,CAMPAIGN_02,46.000000000,48.000000000,2.000000000,0.042527811,0.000000000,0.000000000
QV-C02-015-A0025,QV-C02-015,DS00,quebrada_verde,CAMPAIGN_02,48.000000000,50.000000000,2.000000000,0.046038203,0.000000000,0.000000000
QV-C02-015-A0026,QV-C02-015,DS00,quebrada_verde,CAMPAIGN_02,50.000000000,52.000000000,2.000000000,0.044877668,0.000000000,0.000000000
QV-C02-015-A0027,QV-C02-015,DS00,quebrada_verde,CAMPAIGN_02,52.000000000,54.000000000,2.000000000,0.042612443,0.000000000,0.000000000
QV-C02-015-A0028,QV-C02-015,DS00,quebrada_verde,CAMPAIGN_02,54.000000000,56.000000000,2.000000000,0.052119107,0.000000000,0.000000000
QV-C02-015-A0029,QV-C02-015,DS00,quebrada_verde,CAMPAIGN_02,56.000000000,58.000000000,2.000000000,0.045681368,0.000000000,0.000000000
QV-C02-015-A0030,QV-C02-015,DS00,quebrada_verde,CAMPAIGN_02,58.000000000,60.000000000,2.000000000,0.050674972,0.000000000,0.000000000
QV-C02-015-A0031,QV-C02-015,DS00,quebrada_verde,CAMPAIGN_02,60.000000000,62.000000000,2.000000000,0.046393766,0.000000000,0.000000000
QV-C02-015-A0032,QV-C02-015,DS00,quebrada_verde,CAMPAIGN_02,62.000000000,64.000000000,2.000000000,0.048539448,0.000000000,0.000000000
QV-C02-015-A0033,QV-C02-015,DS00,quebrada_verde,CAMPAIGN_02,64.000000000,66.000000000,2.000000000,0.051088339,0.000000000,0.000000000
QV-C02-015-A0034,QV-C02-015,DS00,quebrada_verde,CAMPAIGN_02,66.000000000,68.000000000,2.000000000,0.051721808,0.000000000,0.000000000
QV-C02-015-A0035,QV-C02-015,DS00,quebrada_verde,CAMPAIGN_02,68.000000000,70.000000000,2.000000000,0.050879977,0.000000000,0.000000000
QV-C02-015-A0036,QV-C02-015,DS00,quebrada_verde,CAMPAIGN_02,70.000000000,72.000000000,2.000000000,0.061284276,0.000000000,0.000000000
QV-C02-015-A0037,QV-C02-015,DS00,quebrada_verde,CAMPAIGN_02,72.000000000,74.000000000,2.000000000,0.058673690,0.000000000,0.000000000
QV-C02-015-A0038,QV-C02-015,DS00,quebrada_verde,CAMPAIGN_02,74.000000000,76.000000000,2.000000000,0.060884060,0.000000000,0.000000000
QV-C02-015-A0039,QV-C02-015,DS00,quebrada_verde,CAMPAIGN_02,76.000000000,78.000000000,2.000000000,0.061627499,0.000000000,0.000000000
QV-C02-015-A0040,QV-C02-015,DS00,quebrada_verde,CAMPAIGN_02,78.000000000,80.000000000,2.000000000,0.063961685,0.000000000,0.000000000
QV-C02-015-A0041,QV-C02-015,DS00,quebrada_verde,CAMPAIGN_02,80.000000000,82.000000000,2.000000000,0.068376766,0.000000000,0.000000000
QV-C02-015-A0042,QV-C02-015,DS00,quebrada_verde,CAMPAIGN_02,82.000000000,84.000000000,2.000000000,0.065396014,0.000000000,0.000000000
QV-C02-015-A0043,QV-C02-015,DS00,quebrada_verde,CAMPAIGN_02,84.000000000,86.000000000,2.000000000,0.060027108,0.000000000,0.000000000
QV-C02-015-A0044,QV-C02-015,DS00,quebrada_verde,CAMPAIGN_02,86.000000000,88.000000000,2.000000000,0.080457030,0.000000000,0.000000000
QV-C02-015-A0045,QV-C02-015,DS00,quebrada_verde,CAMPAIGN_02,88.000000000,90.000000000,2.000000000,0.072448570,0.000000000,0.000000000
QV-C02-015-A0046,QV-C02-015,DS00,quebrada_verde,CAMPAIGN_02,90.000000000,92.000000000,2.000000000,0.072553949,0.000000000,0.000000000
QV-C02-015-A0047,QV-C02-015,DS00,quebrada_verde,CAMPAIGN_02,92.000000000,94.000000000,2.000000000,0.074469465,0.000000000,0.000000000
QV-C02-015-A0048,QV-C02-015,DS00,quebrada_verde,CAMPAIGN_02,94.000000000,96.000000000,2.000000000,0.084801022,0.000000000,0.000000000
QV-C02-015-A0049,QV-C02-015,DS00,quebrada_verde,CAMPAIGN_02,96.000000000,98.000000000,2.000000000,0.079501001,0.000000000,0.000000000
QV-C02-015-A0050,QV-C02-015,DS00,quebrada_verde,CAMPAIGN_02,98.000000000,100.000000000,2.000000000,0.087498859,0.000000000,0.000000000
QV-C02-015-A0051,QV-C02-015,DS00,quebrada_verde,CAMPAIGN_02,100.000000000,102.000000000,2.000000000,0.086084735,0.000000000,0.000000000
QV-C02-015-A0052,QV-C02-015,DS00,quebrada_verde,CAMPAIGN_02,102.000000000,104.000000000,2.000000000,0.081129496,0.000000000,0.000000000
QV-C02-015-A0053,QV-C02-015,DS00,quebrada_verde,CAMPAIGN_02,104.000000000,106.000000000,2.000000000,0.082534912,0.000000000,0.000000000
QV-C02-015-A0054,QV-C02-015,DS00,quebrada_verde,CAMPAIGN_02,106.000000000,108.000000000,2.000000000,0.088310433,0.000000000,0.000000000
QV-C02-015-A0055,QV-C02-015,DS00,quebrada_verde,CAMPAIGN_02,108.000000000,110.000000000,2.000000000,0.090544265,0.000000000,0.000000000
QV-C02-015-A0056,QV-C02-015,DS00,quebrada_verde,CAMPAIGN_02,110.000000000,112.000000000,2.000000000,0.096502008,0.000000000,0.000000000
QV-C02-015-A0057,QV-C02-015,DS00,quebrada_verde,CAMPAIGN_02,112.000000000,114.000000000,2.000000000,0.096789344,0.000000000,0.000000000
QV-C02-015-A0058,QV-C02-015,DS00,quebrada_verde,CAMPAIGN_02,114.000000000,116.000000000,2.000000000,0.092975367,0.000000000,0.000000000
QV-C02-015-A0059,QV-C02-015,DS00,quebrada_verde,CAMPAIGN_02,116.000000000,118.000000000,2.000000000,0.104583574,0.000000000,0.000000000
QV-C02-015-A0060,QV-C02-015,DS00,quebrada_verde,CAMPAIGN_02,118.000000000,120.000000000,2.000000000,0.103233834,0.000000000,0.000000000
QV-C02-015-A0061,QV-C02-015,DS00,quebrada_verde,CAMPAIGN_02,120.000000000,122.000000000,2.000000000,0.105095041,0.000000000,0.000000000
QV-C02-015-A0062,QV-C02-015,DS00,quebrada_verde,CAMPAIGN_02,122.000000000,124.000000000,2.000000000,0.116079871,0.000000000,0.000000000
QV-C02-015-A0063,QV-C02-015,DS00,quebrada_verde,CAMPAIGN_02,124.000000000,126.000000000,2.000000000,0.117369611,0.000000000,0.000000000
QV-C02-015-A0064,QV-C02-015,DS00,quebrada_verde,CAMPAIGN_02,126.000000000,128.000000000,2.000000000,0.113171012,0.000000000,0.000000000
QV-C02-015-A0065,QV-C02-015,DS00,quebrada_verde,CAMPAIGN_02,128.000000000,130.000000000,2.000000000,0.119969380,0.000000000,0.000000000
QV-C02-015-A0066,QV-C02-015,DS00,quebrada_verde,CAMPAIGN_02,130.000000000,132.000000000,2.000000000,0.116599483,0.000000000,0.000000000
QV-C02-015-A0067,QV-C02-015,DS00,quebrada_verde,CAMPAIGN_02,132.000000000,134.000000000,2.000000000,0.124804477,0.000000000,0.000000000
QV-C02-015-A0068,QV-C02-015,DS00,quebrada_verde,CAMPAIGN_02,134.000000000,136.000000000,2.000000000,0.123105481,0.000000000,0.000000000
QV-C02-015-A0069,QV-C02-015,DS00,quebrada_verde,CAMPAIGN_02,136.000000000,138.000000000,2.000000000,0.124611033,0.000000000,0.000000000
QV-C02-015-A0070,QV-C02-015,DS00,quebrada_verde,CAMPAIGN_02,138.000000000,140.000000000,2.000000000,0.128009236,0.000000000,0.000000000
QV-C02-015-A0071,QV-C02-015,DS00,quebrada_verde,CAMPAIGN_02,140.000000000,142.000000000,2.000000000,0.127132831,0.000000000,0.000000000
QV-C02-015-A0072,QV-C02-015,DS00,quebrada_verde,CAMPAIGN_02,142.000000000,144.000000000,2.000000000,0.135632878,0.000000000,0.000000000
QV-C02-015-A0073,QV-C02-015,DS00,quebrada_verde,CAMPAIGN_02,144.000000000,146.000000000,2.000000000,0.138822968,0.000000000,0.000000000
QV-C02-015-A0074,QV-C02-015,DS00,quebrada_verde,CAMPAIGN_02,146.000000000,148.000000000,2.000000000,0.134276586,0.000000000,0.000000000
QV-C02-015-A0075,QV-C02-015,DS00,quebrada_verde,CAMPAIGN_02,148.000000000,150.000000000,2.000000000,0.145337831,0.000000000,0.000000000
QV-C02-015-A0076,QV-C02-015,DS00,quebrada_verde,CAMPAIGN_02,150.000000000,152.000000000,2.000000000,0.148802748,0.000000000,0.000000000
QV-C02-015-A0077,QV-C02-015,DS00,quebrada_verde,CAMPAIGN_02,152.000000000,154.000000000,2.000000000,0.146773582,0.000000000,0.000000000
QV-C02-015-A0078,QV-C02-015,DS00,quebrada_verde,CAMPAIGN_02,154.000000000,156.000000000,2.000000000,0.161029561,0.000000000,0.000000000
QV-C02-015-A0079,QV-C02-015,DS00,quebrada_verde,CAMPAIGN_02,156.000000000,158.000000000,2.000000000,0.163814413,0.000000000,0.000000000
QV-C02-015-A0080,QV-C02-015,DS00,quebrada_verde,CAMPAIGN_02,158.000000000,160.000000000,2.000000000,0.149563318,0.000000000,0.000000000
QV-C02-015-A0081,QV-C02-015,DS00,quebrada_verde,CAMPAIGN_02,160.000000000,162.000000000,2.000000000,0.172181369,0.000000000,0.000000000
QV-C02-015-A0082,QV-C02-015,DS00,quebrada_verde,CAMPAIGN_02,162.000000000,164.000000000,2.000000000,0.171200635,0.000000000,0.000000000
QV-C02-015-A0083,QV-C02-015,DS00,quebrada_verde,CAMPAIGN_02,164.000000000,166.000000000,2.000000000,0.175264646,0.000000000,0.000000000
QV-C02-015-A0084,QV-C02-015,DS00,quebrada_verde,CAMPAIGN_02,166.000000000,168.000000000,2.000000000,0.185402203,0.000000000,0.000000000
QV-C02-015-A0085,QV-C02-015,DS00,quebrada_verde,CAMPAIGN_02,168.000000000,170.000000000,2.000000000,0.176725687,0.000000000,0.000000000
QV-C02-015-A0086,QV-C02-015,DS00,quebrada_verde,CAMPAIGN_02,170.000000000,172.000000000,2.000000000,0.187452948,0.000000000,0.000000000
QV-C02-015-A0087,QV-C02-015,DS00,quebrada_verde,CAMPAIGN_02,172.000000000,174.000000000,2.000000000,0.199608131,0.000000000,0.000000000
QV-C02-015-A0088,QV-C02-015,DS00,quebrada_verde,CAMPAIGN_02,174.000000000,176.000000000,2.000000000,0.186931502,0.000000000,0.000000000
QV-C02-015-A0089,QV-C02-015,DS00,quebrada_verde,CAMPAIGN_02,176.000000000,178.000000000,2.000000000,0.186411836,0.000000000,0.000000000
QV-C02-015-A0090,QV-C02-015,DS00,quebrada_verde,CAMPAIGN_02,178.000000000,180.000000000,2.000000000,0.191361957,0.000000000,0.000000000
QV-C02-015-A0091,QV-C02-015,DS00,quebrada_verde,CAMPAIGN_02,180.000000000,182.000000000,2.000000000,0.206710237,0.000000000,0.000000000
QV-C02-015-A0092,QV-C02-015,DS00,quebrada_verde,CAMPAIGN_02,182.000000000,184.000000000,2.000000000,0.211343899,0.000000000,0.000000000
QV-C02-015-A0093,QV-C02-015,DS00,quebrada_verde,CAMPAIGN_02,184.000000000,186.000000000,2.000000000,0.193955089,0.000000000,0.000000000
QV-C02-015-A0094,QV-C02-015,DS00,quebrada_verde,CAMPAIGN_02,186.000000000,188.000000000,2.000000000,0.222224533,0.000000000,0.000000000
QV-C02-015-A0095,QV-C02-015,DS00,quebrada_verde,CAMPAIGN_02,188.000000000,190.000000000,2.000000000,0.230362446,0.000000000,0.000000000
QV-C02-015-A0096,QV-C02-015,DS00,quebrada_verde,CAMPAIGN_02,190.000000000,192.000000000,2.000000000,0.211781583,0.000000000,0.000000000
QV-C02-015-A0097,QV-C02-015,DS00,quebrada_verde,CAMPAIGN_02,192.000000000,194.000000000,2.000000000,0.227588506,0.000000000,0.000000000
QV-C02-015-A0098,QV-C02-015,DS00,quebrada_verde,CAMPAIGN_02,194.000000000,196.000000000,2.000000000,0.215534455,0.000000000,0.000000000
QV-C02-015-A0099,QV-C02-015,DS00,quebrada_verde,CAMPAIGN_02,196.000000000,198.000000000,2.000000000,0.224528379,0.000000000,0.000000000
QV-C02-015-A0100,QV-C02-015,DS00,quebrada_verde,CAMPAIGN_02,198.000000000,200.000000000,2.000000000,0.245556990,0.000000000,0.000000000
QV-C02-015-A0101,QV-C02-015,DS00,quebrada_verde,CAMPAIGN_02,200.000000000,202.000000000,2.000000000,0.239567164,0.000000000,0.000000000
QV-C02-015-A0102,QV-C02-015,DS00,quebrada_verde,CAMPAIGN_02,202.000000000,204.000000000,2.000000000,0.243645207,0.000000000,0.000000000
QV-C02-015-A0103,QV-C02-015,DS00,quebrada_verde,CAMPAIGN_02,204.000000000,206.000000000,2.000000000,0.249294750,0.000000000,0.000000000
QV-C02-015-A0104,QV-C02-015,DS00,quebrada_verde,CAMPAIGN_02,206.000000000,208.000000000,2.000000000,0.237961860,0.000000000,0.000000000
QV-C02-015-A0105,QV-C02-015,DS00,quebrada_verde,CAMPAIGN_02,208.000000000,210.000000000,2.000000000,0.245084900,0.000000000,0.000000000
QV-C02-015-A0106,QV-C02-015,DS00,quebrada_verde,CAMPAIGN_02,210.000000000,212.000000000,2.000000000,0.236819286,0.000000000,0.000000000
QV-C02-015-A0107,QV-C02-015,DS00,quebrada_verde,CAMPAIGN_02,212.000000000,214.000000000,2.000000000,0.256286160,0.000000000,0.000000000
QV-C02-015-A0108,QV-C02-015,DS00,quebrada_verde,CAMPAIGN_02,214.000000000,216.000000000,2.000000000,0.260280264,0.000000000,0.000000000
QV-C02-015-A0109,QV-C02-015,DS00,quebrada_verde,CAMPAIGN_02,216.000000000,218.000000000,2.000000000,0.261952580,0.000000000,0.000000000
QV-C02-015-A0110,QV-C02-015,DS00,quebrada_verde,CAMPAIGN_02,218.000000000,220.000000000,2.000000000,0.289346533,0.000000000,0.000000000
QV-C02-015-A0111,QV-C02-015,DS00,quebrada_verde,CAMPAIGN_02,220.000000000,222.000000000,2.000000000,0.270979537,0.000000000,0.000000000
QV-C02-015-A0112,QV-C02-015,DS00,quebrada_verde,CAMPAIGN_02,222.000000000,224.000000000,2.000000000,0.278374840,0.000000000,0.000000000
QV-C02-015-A0113,QV-C02-015,DS00,quebrada_verde,CAMPAIGN_02,224.000000000,226.000000000,2.000000000,0.291736695,0.000000000,0.000000000
QV-C02-015-A0114,QV-C02-015,DS00,quebrada_verde,CAMPAIGN_02,226.000000000,228.000000000,2.000000000,0.282583761,0.000000000,0.000000000
QV-C02-015-A0115,QV-C02-015,DS00,quebrada_verde,CAMPAIGN_02,228.000000000,230.000000000,2.000000000,0.286355042,0.000000000,0.000000000
QV-C02-015-A0116,QV-C02-015,DS00,quebrada_verde,CAMPAIGN_02,230.000000000,232.000000000,2.000000000,0.278570297,0.000000000,0.000000000
QV-C02-015-A0117,QV-C02-015,DS00,quebrada_verde,CAMPAIGN_02,232.000000000,234.000000000,2.000000000,0.309473743,0.000000000,0.000000000
QV-C02-015-A0118,QV-C02-015,DS00,quebrada_verde,CAMPAIGN_02,234.000000000,236.000000000,2.000000000,0.319015933,0.000000000,0.000000000
QV-C02-015-A0119,QV-C02-015,DS00,quebrada_verde,CAMPAIGN_02,236.000000000,238.000000000,2.000000000,0.316363869,0.000000000,0.000000000
QV-C02-015-A0120,QV-C02-015,DS00,quebrada_verde,CAMPAIGN_02,238.000000000,240.000000000,2.000000000,0.318956171,0.000000000,0.000000000
QV-C02-015-A0121,QV-C02-015,DS00,quebrada_verde,CAMPAIGN_02,240.000000000,242.000000000,2.000000000,0.296599186,0.000000000,0.000000000
QV-C02-015-A0122,QV-C02-015,DS00,quebrada_verde,CAMPAIGN_02,242.000000000,244.000000000,2.000000000,0.302983135,0.000000000,0.000000000
QV-C02-015-A0123,QV-C02-015,DS00,quebrada_verde,CAMPAIGN_02,244.000000000,246.000000000,2.000000000,0.327654615,0.000000000,0.000000000
QV-C02-015-A0124,QV-C02-015,DS00,quebrada_verde,CAMPAIGN_02,246.000000000,248.000000000,2.000000000,0.342287756,0.000000000,0.000000000
QV-C02-015-A0125,QV-C02-015,DS00,quebrada_verde,CAMPAIGN_02,248.000000000,250.000000000,2.000000000,0.324702027,0.000000000,0.000000000
QV-C02-015-A0126,QV-C02-015,DS00,quebrada_verde,CAMPAIGN_02,250.000000000,252.000000000,2.000000000,0.329350761,0.000000000,0.000000000
QV-C02-015-A0127,QV-C02-015,DS00,quebrada_verde,CAMPAIGN_02,252.000000000,254.000000000,2.000000000,0.349274416,0.000000000,0.000000000
QV-C02-015-A0128,QV-C02-015,DS00,quebrada_verde,CAMPAIGN_02,254.000000000,256.000000000,2.000000000,0.323129212,0.000000000,0.000000000
QV-C02-015-A0129,QV-C02-015,DS00,quebrada_verde,CAMPAIGN_02,256.000000000,258.000000000,2.000000000,0.354394864,0.000000000,0.000000000
QV-C02-015-A0130,QV-C02-015,DS00,quebrada_verde,CAMPAIGN_02,258.000000000,260.000000000,2.000000000,0.343476824,0.000000000,0.000000000
QV-C02-015-A0131,QV-C02-015,DS00,quebrada_verde,CAMPAIGN_02,260.000000000,262.000000000,2.000000000,0.342863683,0.000000000,0.000000000
QV-C02-015-A0132,QV-C02-015,DS00,quebrada_verde,CAMPAIGN_02,262.000000000,264.000000000,2.000000000,0.364543307,0.000000000,0.000000000
QV-C02-015-A0133,QV-C02-015,DS00,quebrada_verde,CAMPAIGN_02,264.000000000,266.000000000,2.000000000,0.325059371,0.000000000,0.000000000
QV-C02-015-A0134,QV-C02-015,DS00,quebrada_verde,CAMPAIGN_02,266.000000000,268.000000000,2.000000000,0.335654269,0.000000000,0.000000000
QV-C02-015-A0135,QV-C02-015,DS00,quebrada_verde,CAMPAIGN_02,268.000000000,270.000000000,2.000000000,0.339383040,0.000000000,0.000000000
QV-C02-015-A0136,QV-C02-015,DS00,quebrada_verde,CAMPAIGN_02,270.000000000,272.000000000,2.000000000,0.340462337,0.000000000,0.000000000
QV-C02-015-A0137,QV-C02-015,DS00,quebrada_verde,CAMPAIGN_02,272.000000000,274.000000000,2.000000000,0.340622227,0.000000000,0.000000000
QV-C02-015-A0138,QV-C02-015,DS00,quebrada_verde,CAMPAIGN_02,274.000000000,276.000000000,2.000000000,0.376244020,0.000000000,0.000000000
QV-C02-015-A0139,QV-C02-015,DS00,quebrada_verde,CAMPAIGN_02,276.000000000,278.000000000,2.000000000,0.347548687,0.000000000,0.000000000
QV-C02-015-A0140,QV-C02-015,DS00,quebrada_verde,CAMPAIGN_02,278.000000000,280.000000000,2.000000000,0.365659281,0.000000000,0.000000000
QV-C02-015-A0141,QV-C02-015,DS00,quebrada_verde,CAMPAIGN_02,280.000000000,282.000000000,2.000000000,0.347753554,0.000000000,0.000000000
QV-C02-015-A0142,QV-C02-015,DS00,quebrada_verde,CAMPAIGN_02,282.000000000,284.000000000,2.000000000,0.372274548,0.000000000,0.000000000
QV-C02-015-A0143,QV-C02-015,DS00,quebrada_verde,CAMPAIGN_02,284.000000000,286.000000000,2.000000000,0.372729132,0.000000000,0.000000000
QV-C02-015-A0144,QV-C02-015,DS00,quebrada_verde,CAMPAIGN_02,286.000000000,288.000000000,2.000000000,0.348127109,0.000000000,0.000000000
QV-C02-015-A0145,QV-C02-015,DS00,quebrada_verde,CAMPAIGN_02,288.000000000,290.000000000,2.000000000,0.321215114,0.000000000,0.000000000
QV-C02-015-A0146,QV-C02-015,DS00,quebrada_verde,CAMPAIGN_02,290.000000000,292.000000000,2.000000000,0.369041891,0.000000000,0.000000000
QV-C02-015-A0147,QV-C02-015,DS00,quebrada_verde,CAMPAIGN_02,292.000000000,294.000000000,2.000000000,0.375078404,0.000000000,0.000000000
QV-C02-015-A0148,QV-C02-015,DS00,quebrada_verde,CAMPAIGN_02,294.000000000,296.000000000,2.000000000,0.353614259,0.000000000,0.000000000
QV-C02-015-A0149,QV-C02-015,DS00,quebrada_verde,CAMPAIGN_02,296.000000000,298.000000000,2.000000000,0.349454809,0.000000000,0.000000000
QV-C02-015-A0150,QV-C02-015,DS00,quebrada_verde,CAMPAIGN_02,298.000000000,300.000000000,2.000000000,0.334894770,0.000000000,0.000000000
QV-C02-015-A0151,QV-C02-015,DS00,quebrada_verde,CAMPAIGN_02,300.000000000,302.000000000,2.000000000,0.355386286,0.000000000,0.000000000
QV-C02-015-A0152,QV-C02-015,DS00,quebrada_verde,CAMPAIGN_02,302.000000000,303.131606087,1.131606087,0.372953068,0.000000000,0.000000000
QV-C02-016-A0001,QV-C02-016,DS00,quebrada_verde,CAMPAIGN_02,0.000000000,2.000000000,2.000000000,0.043287295,0.000000000,0.000000000
QV-C02-016-A0002,QV-C02-016,DS00,quebrada_verde,CAMPAIGN_02,2.000000000,4.000000000,2.000000000,0.044624243,0.000000000,0.000000000
QV-C02-016-A0003,QV-C02-016,DS00,quebrada_verde,CAMPAIGN_02,4.000000000,6.000000000,2.000000000,0.048421057,0.000000000,0.000000000
QV-C02-016-A0004,QV-C02-016,DS00,quebrada_verde,CAMPAIGN_02,6.000000000,8.000000000,2.000000000,0.049266365,0.000000000,0.000000000
QV-C02-016-A0005,QV-C02-016,DS00,quebrada_verde,CAMPAIGN_02,8.000000000,10.000000000,2.000000000,0.046068122,0.000000000,0.000000000
QV-C02-016-A0006,QV-C02-016,DS00,quebrada_verde,CAMPAIGN_02,10.000000000,12.000000000,2.000000000,0.050858346,0.000000000,0.000000000
QV-C02-016-A0007,QV-C02-016,DS00,quebrada_verde,CAMPAIGN_02,12.000000000,14.000000000,2.000000000,0.053054221,0.000000000,0.000000000
QV-C02-016-A0008,QV-C02-016,DS00,quebrada_verde,CAMPAIGN_02,14.000000000,16.000000000,2.000000000,0.052559192,0.000000000,0.000000000
QV-C02-016-A0009,QV-C02-016,DS00,quebrada_verde,CAMPAIGN_02,16.000000000,18.000000000,2.000000000,0.054323822,0.000000000,0.000000000
QV-C02-016-A0010,QV-C02-016,DS00,quebrada_verde,CAMPAIGN_02,18.000000000,20.000000000,2.000000000,0.052315849,0.000000000,0.000000000
QV-C02-016-A0011,QV-C02-016,DS00,quebrada_verde,CAMPAIGN_02,20.000000000,22.000000000,2.000000000,0.054098482,0.000000000,0.000000000
QV-C02-016-A0012,QV-C02-016,DS00,quebrada_verde,CAMPAIGN_02,22.000000000,24.000000000,2.000000000,0.061236594,0.000000000,0.000000000
QV-C02-016-A0013,QV-C02-016,DS00,quebrada_verde,CAMPAIGN_02,24.000000000,26.000000000,2.000000000,0.060593049,0.000000000,0.000000000
QV-C02-016-A0014,QV-C02-016,DS00,quebrada_verde,CAMPAIGN_02,26.000000000,28.000000000,2.000000000,0.058767437,0.000000000,0.000000000
QV-C02-016-A0015,QV-C02-016,DS00,quebrada_verde,CAMPAIGN_02,28.000000000,30.000000000,2.000000000,0.062014975,0.000000000,0.000000000
QV-C02-016-A0016,QV-C02-016,DS00,quebrada_verde,CAMPAIGN_02,30.000000000,32.000000000,2.000000000,0.059743580,0.000000000,0.000000000
QV-C02-016-A0017,QV-C02-016,DS00,quebrada_verde,CAMPAIGN_02,32.000000000,34.000000000,2.000000000,0.065060284,0.000000000,0.000000000
QV-C02-016-A0018,QV-C02-016,DS00,quebrada_verde,CAMPAIGN_02,34.000000000,36.000000000,2.000000000,0.067642554,0.000000000,0.000000000
QV-C02-016-A0019,QV-C02-016,DS00,quebrada_verde,CAMPAIGN_02,36.000000000,38.000000000,2.000000000,0.072805907,0.000000000,0.000000000
QV-C02-016-A0020,QV-C02-016,DS00,quebrada_verde,CAMPAIGN_02,38.000000000,40.000000000,2.000000000,0.074446948,0.000000000,0.000000000
QV-C02-016-A0021,QV-C02-016,DS00,quebrada_verde,CAMPAIGN_02,40.000000000,42.000000000,2.000000000,0.072295389,0.000000000,0.000000000
QV-C02-016-A0022,QV-C02-016,DS00,quebrada_verde,CAMPAIGN_02,42.000000000,44.000000000,2.000000000,0.074230294,0.000000000,0.000000000
QV-C02-016-A0023,QV-C02-016,DS00,quebrada_verde,CAMPAIGN_02,44.000000000,46.000000000,2.000000000,0.075409006,0.000000000,0.000000000
QV-C02-016-A0024,QV-C02-016,DS00,quebrada_verde,CAMPAIGN_02,46.000000000,48.000000000,2.000000000,0.074971571,0.000000000,0.000000000
QV-C02-016-A0025,QV-C02-016,DS00,quebrada_verde,CAMPAIGN_02,48.000000000,50.000000000,2.000000000,0.077948570,0.000000000,0.000000000
QV-C02-016-A0026,QV-C02-016,DS00,quebrada_verde,CAMPAIGN_02,50.000000000,52.000000000,2.000000000,0.081308863,0.000000000,0.000000000
QV-C02-016-A0027,QV-C02-016,DS00,quebrada_verde,CAMPAIGN_02,52.000000000,54.000000000,2.000000000,0.085906990,0.000000000,0.000000000
QV-C02-016-A0028,QV-C02-016,DS00,quebrada_verde,CAMPAIGN_02,54.000000000,56.000000000,2.000000000,0.086046953,0.000000000,0.000000000
QV-C02-016-A0029,QV-C02-016,DS00,quebrada_verde,CAMPAIGN_02,56.000000000,58.000000000,2.000000000,0.096657773,0.000000000,0.000000000
QV-C02-016-A0030,QV-C02-016,DS00,quebrada_verde,CAMPAIGN_02,58.000000000,60.000000000,2.000000000,0.089672688,0.000000000,0.000000000
QV-C02-016-A0031,QV-C02-016,DS00,quebrada_verde,CAMPAIGN_02,60.000000000,62.000000000,2.000000000,0.096642771,0.000000000,0.000000000
QV-C02-016-A0032,QV-C02-016,DS00,quebrada_verde,CAMPAIGN_02,62.000000000,64.000000000,2.000000000,0.096346741,0.000000000,0.000000000
QV-C02-016-A0033,QV-C02-016,DS00,quebrada_verde,CAMPAIGN_02,64.000000000,66.000000000,2.000000000,0.105496448,0.000000000,0.000000000
QV-C02-016-A0034,QV-C02-016,DS00,quebrada_verde,CAMPAIGN_02,66.000000000,68.000000000,2.000000000,0.101795290,0.000000000,0.000000000
QV-C02-016-A0035,QV-C02-016,DS00,quebrada_verde,CAMPAIGN_02,68.000000000,70.000000000,2.000000000,0.108410229,0.000000000,0.000000000
QV-C02-016-A0036,QV-C02-016,DS00,quebrada_verde,CAMPAIGN_02,70.000000000,72.000000000,2.000000000,0.108271187,0.000000000,0.000000000
QV-C02-016-A0037,QV-C02-016,DS00,quebrada_verde,CAMPAIGN_02,72.000000000,74.000000000,2.000000000,0.111143974,0.000000000,0.000000000
QV-C02-016-A0038,QV-C02-016,DS00,quebrada_verde,CAMPAIGN_02,74.000000000,76.000000000,2.000000000,0.117604975,0.000000000,0.000000000
QV-C02-016-A0039,QV-C02-016,DS00,quebrada_verde,CAMPAIGN_02,76.000000000,78.000000000,2.000000000,0.116632308,0.000000000,0.000000000
QV-C02-016-A0040,QV-C02-016,DS00,quebrada_verde,CAMPAIGN_02,78.000000000,80.000000000,2.000000000,0.112970095,0.000000000,0.000000000
QV-C02-016-A0041,QV-C02-016,DS00,quebrada_verde,CAMPAIGN_02,80.000000000,82.000000000,2.000000000,0.116847758,0.000000000,0.000000000
QV-C02-016-A0042,QV-C02-016,DS00,quebrada_verde,CAMPAIGN_02,82.000000000,84.000000000,2.000000000,0.124267591,0.000000000,0.000000000
QV-C02-016-A0043,QV-C02-016,DS00,quebrada_verde,CAMPAIGN_02,84.000000000,86.000000000,2.000000000,0.128175894,0.000000000,0.000000000
QV-C02-016-A0044,QV-C02-016,DS00,quebrada_verde,CAMPAIGN_02,86.000000000,88.000000000,2.000000000,0.123735091,0.000000000,0.000000000
QV-C02-016-A0045,QV-C02-016,DS00,quebrada_verde,CAMPAIGN_02,88.000000000,90.000000000,2.000000000,0.144296104,0.000000000,0.000000000
QV-C02-016-A0046,QV-C02-016,DS00,quebrada_verde,CAMPAIGN_02,90.000000000,92.000000000,2.000000000,0.131119560,0.000000000,0.000000000
QV-C02-016-A0047,QV-C02-016,DS00,quebrada_verde,CAMPAIGN_02,92.000000000,94.000000000,2.000000000,0.138731499,0.000000000,0.000000000
QV-C02-016-A0048,QV-C02-016,DS00,quebrada_verde,CAMPAIGN_02,94.000000000,96.000000000,2.000000000,0.145971656,0.000000000,0.000000000
QV-C02-016-A0049,QV-C02-016,DS00,quebrada_verde,CAMPAIGN_02,96.000000000,98.000000000,2.000000000,0.155199187,0.000000000,0.000000000
QV-C02-016-A0050,QV-C02-016,DS00,quebrada_verde,CAMPAIGN_02,98.000000000,100.000000000,2.000000000,0.145820772,0.000000000,0.000000000
QV-C02-016-A0051,QV-C02-016,DS00,quebrada_verde,CAMPAIGN_02,100.000000000,102.000000000,2.000000000,0.162746098,0.000000000,0.000000000
QV-C02-016-A0052,QV-C02-016,DS00,quebrada_verde,CAMPAIGN_02,102.000000000,104.000000000,2.000000000,0.149123331,0.000000000,0.000000000
QV-C02-016-A0053,QV-C02-016,DS00,quebrada_verde,CAMPAIGN_02,104.000000000,106.000000000,2.000000000,0.156901543,0.000000000,0.000000000
QV-C02-016-A0054,QV-C02-016,DS00,quebrada_verde,CAMPAIGN_02,106.000000000,108.000000000,2.000000000,0.173433884,0.000000000,0.000000000
QV-C02-016-A0055,QV-C02-016,DS00,quebrada_verde,CAMPAIGN_02,108.000000000,110.000000000,2.000000000,0.162678097,0.000000000,0.000000000
QV-C02-016-A0056,QV-C02-016,DS00,quebrada_verde,CAMPAIGN_02,110.000000000,112.000000000,2.000000000,0.170274776,0.000000000,0.000000000
QV-C02-016-A0057,QV-C02-016,DS00,quebrada_verde,CAMPAIGN_02,112.000000000,114.000000000,2.000000000,0.179511042,0.000000000,0.000000000
QV-C02-016-A0058,QV-C02-016,DS00,quebrada_verde,CAMPAIGN_02,114.000000000,116.000000000,2.000000000,0.180542920,0.000000000,0.000000000
QV-C02-016-A0059,QV-C02-016,DS00,quebrada_verde,CAMPAIGN_02,116.000000000,118.000000000,2.000000000,0.179459922,0.000000000,0.000000000
QV-C02-016-A0060,QV-C02-016,DS00,quebrada_verde,CAMPAIGN_02,118.000000000,120.000000000,2.000000000,0.194132047,0.000000000,0.000000000
QV-C02-016-A0061,QV-C02-016,DS00,quebrada_verde,CAMPAIGN_02,120.000000000,122.000000000,2.000000000,0.181305015,0.000000000,0.000000000
QV-C02-016-A0062,QV-C02-016,DS00,quebrada_verde,CAMPAIGN_02,122.000000000,124.000000000,2.000000000,0.185759641,0.000000000,0.000000000
QV-C02-016-A0063,QV-C02-016,DS00,quebrada_verde,CAMPAIGN_02,124.000000000,126.000000000,2.000000000,0.194918917,0.000000000,0.000000000
QV-C02-016-A0064,QV-C02-016,DS00,quebrada_verde,CAMPAIGN_02,126.000000000,128.000000000,2.000000000,0.198979888,0.000000000,0.000000000
QV-C02-016-A0065,QV-C02-016,DS00,quebrada_verde,CAMPAIGN_02,128.000000000,130.000000000,2.000000000,0.199032932,0.000000000,0.000000000
QV-C02-016-A0066,QV-C02-016,DS00,quebrada_verde,CAMPAIGN_02,130.000000000,132.000000000,2.000000000,0.194211124,0.000000000,0.000000000
QV-C02-016-A0067,QV-C02-016,DS00,quebrada_verde,CAMPAIGN_02,132.000000000,134.000000000,2.000000000,0.207773643,0.000000000,0.000000000
QV-C02-016-A0068,QV-C02-016,DS00,quebrada_verde,CAMPAIGN_02,134.000000000,136.000000000,2.000000000,0.213185823,0.000000000,0.000000000
QV-C02-016-A0069,QV-C02-016,DS00,quebrada_verde,CAMPAIGN_02,136.000000000,138.000000000,2.000000000,0.224273492,0.000000000,0.000000000
QV-C02-016-A0070,QV-C02-016,DS00,quebrada_verde,CAMPAIGN_02,138.000000000,140.000000000,2.000000000,0.216150567,0.000000000,0.000000000
QV-C02-016-A0071,QV-C02-016,DS00,quebrada_verde,CAMPAIGN_02,140.000000000,142.000000000,2.000000000,0.229293588,0.000000000,0.000000000
QV-C02-016-A0072,QV-C02-016,DS00,quebrada_verde,CAMPAIGN_02,142.000000000,144.000000000,2.000000000,0.220598363,0.000000000,0.000000000
QV-C02-016-A0073,QV-C02-016,DS00,quebrada_verde,CAMPAIGN_02,144.000000000,146.000000000,2.000000000,0.244243219,0.000000000,0.000000000
QV-C02-016-A0074,QV-C02-016,DS00,quebrada_verde,CAMPAIGN_02,146.000000000,148.000000000,2.000000000,0.229192230,0.000000000,0.000000000
QV-C02-016-A0075,QV-C02-016,DS00,quebrada_verde,CAMPAIGN_02,148.000000000,150.000000000,2.000000000,0.248829252,0.000000000,0.000000000
QV-C02-016-A0076,QV-C02-016,DS00,quebrada_verde,CAMPAIGN_02,150.000000000,152.000000000,2.000000000,0.235768147,0.000000000,0.000000000
QV-C02-016-A0077,QV-C02-016,DS00,quebrada_verde,CAMPAIGN_02,152.000000000,154.000000000,2.000000000,0.257896245,0.000000000,0.000000000
QV-C02-016-A0078,QV-C02-016,DS00,quebrada_verde,CAMPAIGN_02,154.000000000,156.000000000,2.000000000,0.246466477,0.000000000,0.000000000
QV-C02-016-A0079,QV-C02-016,DS00,quebrada_verde,CAMPAIGN_02,156.000000000,158.000000000,2.000000000,0.264588062,0.000000000,0.000000000
QV-C02-016-A0080,QV-C02-016,DS00,quebrada_verde,CAMPAIGN_02,158.000000000,160.000000000,2.000000000,0.278351112,0.000000000,0.000000000
QV-C02-016-A0081,QV-C02-016,DS00,quebrada_verde,CAMPAIGN_02,160.000000000,162.000000000,2.000000000,0.293551461,0.000000000,0.000000000
QV-C02-016-A0082,QV-C02-016,DS00,quebrada_verde,CAMPAIGN_02,162.000000000,164.000000000,2.000000000,0.281725442,0.000000000,0.000000000
QV-C02-016-A0083,QV-C02-016,DS00,quebrada_verde,CAMPAIGN_02,164.000000000,166.000000000,2.000000000,0.291490754,0.000000000,0.000000000
QV-C02-016-A0084,QV-C02-016,DS00,quebrada_verde,CAMPAIGN_02,166.000000000,168.000000000,2.000000000,0.285142614,0.000000000,0.000000000
QV-C02-016-A0085,QV-C02-016,DS00,quebrada_verde,CAMPAIGN_02,168.000000000,170.000000000,2.000000000,0.309452682,0.000000000,0.000000000
QV-C02-016-A0086,QV-C02-016,DS00,quebrada_verde,CAMPAIGN_02,170.000000000,172.000000000,2.000000000,0.317822275,0.000000000,0.000000000
QV-C02-016-A0087,QV-C02-016,DS00,quebrada_verde,CAMPAIGN_02,172.000000000,174.000000000,2.000000000,0.301003646,0.000000000,0.000000000
QV-C02-016-A0088,QV-C02-016,DS00,quebrada_verde,CAMPAIGN_02,174.000000000,176.000000000,2.000000000,0.289397738,0.000000000,0.000000000
QV-C02-016-A0089,QV-C02-016,DS00,quebrada_verde,CAMPAIGN_02,176.000000000,178.000000000,2.000000000,0.314885634,0.000000000,0.000000000
QV-C02-016-A0090,QV-C02-016,DS00,quebrada_verde,CAMPAIGN_02,178.000000000,180.000000000,2.000000000,0.308215987,0.000000000,0.000000000
QV-C02-016-A0091,QV-C02-016,DS00,quebrada_verde,CAMPAIGN_02,180.000000000,182.000000000,2.000000000,0.307787112,0.000000000,0.000000000
QV-C02-016-A0092,QV-C02-016,DS00,quebrada_verde,CAMPAIGN_02,182.000000000,184.000000000,2.000000000,0.290679567,0.000000000,0.000000000
QV-C02-016-A0093,QV-C02-016,DS00,quebrada_verde,CAMPAIGN_02,184.000000000,186.000000000,2.000000000,0.288805500,0.000000000,0.000000000
QV-C02-016-A0094,QV-C02-016,DS00,quebrada_verde,CAMPAIGN_02,186.000000000,188.000000000,2.000000000,0.339848354,0.000000000,0.000000000
QV-C02-016-A0095,QV-C02-016,DS00,quebrada_verde,CAMPAIGN_02,188.000000000,190.000000000,2.000000000,0.289643581,0.000000000,0.000000000
QV-C02-016-A0096,QV-C02-016,DS00,quebrada_verde,CAMPAIGN_02,190.000000000,192.000000000,2.000000000,0.318095053,0.000000000,0.000000000
QV-C02-016-A0097,QV-C02-016,DS00,quebrada_verde,CAMPAIGN_02,192.000000000,194.000000000,2.000000000,0.333483667,0.000000000,0.000000000
QV-C02-016-A0098,QV-C02-016,DS00,quebrada_verde,CAMPAIGN_02,194.000000000,196.000000000,2.000000000,0.343077676,0.000000000,0.000000000
QV-C02-016-A0099,QV-C02-016,DS00,quebrada_verde,CAMPAIGN_02,196.000000000,198.000000000,2.000000000,0.345685872,0.000000000,0.000000000
QV-C02-016-A0100,QV-C02-016,DS00,quebrada_verde,CAMPAIGN_02,198.000000000,200.000000000,2.000000000,0.347800018,0.000000000,0.000000000
QV-C02-016-A0101,QV-C02-016,DS00,quebrada_verde,CAMPAIGN_02,200.000000000,202.000000000,2.000000000,0.336413669,0.000000000,0.000000000
QV-C02-016-A0102,QV-C02-016,DS00,quebrada_verde,CAMPAIGN_02,202.000000000,204.000000000,2.000000000,0.347332768,0.000000000,0.000000000
QV-C02-016-A0103,QV-C02-016,DS00,quebrada_verde,CAMPAIGN_02,204.000000000,206.000000000,2.000000000,0.341084552,0.000000000,0.000000000
QV-C02-016-A0104,QV-C02-016,DS00,quebrada_verde,CAMPAIGN_02,206.000000000,208.000000000,2.000000000,0.360717570,0.000000000,0.000000000
QV-C02-016-A0105,QV-C02-016,DS00,quebrada_verde,CAMPAIGN_02,208.000000000,210.000000000,2.000000000,0.352013256,0.000000000,0.000000000
QV-C02-016-A0106,QV-C02-016,DS00,quebrada_verde,CAMPAIGN_02,210.000000000,212.000000000,2.000000000,0.355644055,0.000000000,0.000000000
QV-C02-016-A0107,QV-C02-016,DS00,quebrada_verde,CAMPAIGN_02,212.000000000,214.000000000,2.000000000,0.395087425,0.000000000,0.000000000
QV-C02-016-A0108,QV-C02-016,DS00,quebrada_verde,CAMPAIGN_02,214.000000000,216.000000000,2.000000000,0.397999206,0.000000000,0.000000000
QV-C02-016-A0109,QV-C02-016,DS00,quebrada_verde,CAMPAIGN_02,216.000000000,218.000000000,2.000000000,0.398894830,0.000000000,0.000000000
QV-C02-016-A0110,QV-C02-016,DS00,quebrada_verde,CAMPAIGN_02,218.000000000,220.000000000,2.000000000,0.389416172,0.000000000,0.000000000
QV-C02-017-A0001,QV-C02-017,DS00,quebrada_verde,CAMPAIGN_02,0.000000000,2.000000000,2.000000000,0.060194991,0.000000000,0.000000000
QV-C02-017-A0002,QV-C02-017,DS00,quebrada_verde,CAMPAIGN_02,2.000000000,4.000000000,2.000000000,0.071413415,0.000000000,0.000000000
QV-C02-017-A0003,QV-C02-017,DS00,quebrada_verde,CAMPAIGN_02,4.000000000,6.000000000,2.000000000,0.066558190,0.000000000,0.000000000
QV-C02-017-A0004,QV-C02-017,DS00,quebrada_verde,CAMPAIGN_02,6.000000000,8.000000000,2.000000000,0.072581031,0.000000000,0.000000000
QV-C02-017-A0005,QV-C02-017,DS00,quebrada_verde,CAMPAIGN_02,8.000000000,10.000000000,2.000000000,0.072503693,0.000000000,0.000000000
QV-C02-017-A0006,QV-C02-017,DS00,quebrada_verde,CAMPAIGN_02,10.000000000,12.000000000,2.000000000,0.078475897,0.000000000,0.000000000
QV-C02-017-A0007,QV-C02-017,DS00,quebrada_verde,CAMPAIGN_02,12.000000000,14.000000000,2.000000000,0.074063309,0.000000000,0.000000000
QV-C02-017-A0008,QV-C02-017,DS00,quebrada_verde,CAMPAIGN_02,14.000000000,16.000000000,2.000000000,0.071082506,0.000000000,0.000000000
QV-C02-017-A0009,QV-C02-017,DS00,quebrada_verde,CAMPAIGN_02,16.000000000,18.000000000,2.000000000,0.077018391,0.000000000,0.000000000
QV-C02-017-A0010,QV-C02-017,DS00,quebrada_verde,CAMPAIGN_02,18.000000000,20.000000000,2.000000000,0.085351948,0.000000000,0.000000000
QV-C02-017-A0011,QV-C02-017,DS00,quebrada_verde,CAMPAIGN_02,20.000000000,22.000000000,2.000000000,0.082719401,0.000000000,0.000000000
QV-C02-017-A0012,QV-C02-017,DS00,quebrada_verde,CAMPAIGN_02,22.000000000,24.000000000,2.000000000,0.093925517,0.000000000,0.000000000
QV-C02-017-A0013,QV-C02-017,DS00,quebrada_verde,CAMPAIGN_02,24.000000000,26.000000000,2.000000000,0.086938767,0.000000000,0.000000000
QV-C02-017-A0014,QV-C02-017,DS00,quebrada_verde,CAMPAIGN_02,26.000000000,28.000000000,2.000000000,0.091362724,0.000000000,0.000000000
QV-C02-017-A0015,QV-C02-017,DS00,quebrada_verde,CAMPAIGN_02,28.000000000,30.000000000,2.000000000,0.104444779,0.000000000,0.000000000
QV-C02-017-A0016,QV-C02-017,DS00,quebrada_verde,CAMPAIGN_02,30.000000000,32.000000000,2.000000000,0.096703393,0.000000000,0.000000000
QV-C02-017-A0017,QV-C02-017,DS00,quebrada_verde,CAMPAIGN_02,32.000000000,34.000000000,2.000000000,0.100629019,0.000000000,0.000000000
QV-C02-017-A0018,QV-C02-017,DS00,quebrada_verde,CAMPAIGN_02,34.000000000,36.000000000,2.000000000,0.109799467,0.000000000,0.000000000
QV-C02-017-A0019,QV-C02-017,DS00,quebrada_verde,CAMPAIGN_02,36.000000000,38.000000000,2.000000000,0.100799044,0.000000000,0.000000000
QV-C02-017-A0020,QV-C02-017,DS00,quebrada_verde,CAMPAIGN_02,38.000000000,40.000000000,2.000000000,0.103904979,0.000000000,0.000000000
QV-C02-017-A0021,QV-C02-017,DS00,quebrada_verde,CAMPAIGN_02,40.000000000,42.000000000,2.000000000,0.111751006,0.000000000,0.000000000
QV-C02-017-A0022,QV-C02-017,DS00,quebrada_verde,CAMPAIGN_02,42.000000000,44.000000000,2.000000000,0.109598595,0.000000000,0.000000000
QV-C02-017-A0023,QV-C02-017,DS00,quebrada_verde,CAMPAIGN_02,44.000000000,46.000000000,2.000000000,0.116131076,0.000000000,0.000000000
QV-C02-017-A0024,QV-C02-017,DS00,quebrada_verde,CAMPAIGN_02,46.000000000,48.000000000,2.000000000,0.123787588,0.000000000,0.000000000
QV-C02-017-A0025,QV-C02-017,DS00,quebrada_verde,CAMPAIGN_02,48.000000000,50.000000000,2.000000000,0.126047717,0.000000000,0.000000000
QV-C02-017-A0026,QV-C02-017,DS00,quebrada_verde,CAMPAIGN_02,50.000000000,52.000000000,2.000000000,0.125563959,0.000000000,0.000000000
QV-C02-017-A0027,QV-C02-017,DS00,quebrada_verde,CAMPAIGN_02,52.000000000,54.000000000,2.000000000,0.131215975,0.000000000,0.000000000
QV-C02-017-A0028,QV-C02-017,DS00,quebrada_verde,CAMPAIGN_02,54.000000000,56.000000000,2.000000000,0.123899294,0.000000000,0.000000000
QV-C02-017-A0029,QV-C02-017,DS00,quebrada_verde,CAMPAIGN_02,56.000000000,58.000000000,2.000000000,0.141308898,0.000000000,0.000000000
QV-C02-017-A0030,QV-C02-017,DS00,quebrada_verde,CAMPAIGN_02,58.000000000,60.000000000,2.000000000,0.133937697,0.000000000,0.000000000
QV-C02-017-A0031,QV-C02-017,DS00,quebrada_verde,CAMPAIGN_02,60.000000000,62.000000000,2.000000000,0.140278012,0.000000000,0.000000000
QV-C02-017-A0032,QV-C02-017,DS00,quebrada_verde,CAMPAIGN_02,62.000000000,64.000000000,2.000000000,0.142295789,0.000000000,0.000000000
QV-C02-017-A0033,QV-C02-017,DS00,quebrada_verde,CAMPAIGN_02,64.000000000,66.000000000,2.000000000,0.151031316,0.000000000,0.000000000
QV-C02-017-A0034,QV-C02-017,DS00,quebrada_verde,CAMPAIGN_02,66.000000000,68.000000000,2.000000000,0.161002645,0.000000000,0.000000000
QV-C02-017-A0035,QV-C02-017,DS00,quebrada_verde,CAMPAIGN_02,68.000000000,70.000000000,2.000000000,0.159595492,0.000000000,0.000000000
QV-C02-017-A0036,QV-C02-017,DS00,quebrada_verde,CAMPAIGN_02,70.000000000,72.000000000,2.000000000,0.163007774,0.000000000,0.000000000
QV-C02-017-A0037,QV-C02-017,DS00,quebrada_verde,CAMPAIGN_02,72.000000000,74.000000000,2.000000000,0.168012835,0.000000000,0.000000000
QV-C02-017-A0038,QV-C02-017,DS00,quebrada_verde,CAMPAIGN_02,74.000000000,76.000000000,2.000000000,0.172110000,0.000000000,0.000000000
QV-C02-017-A0039,QV-C02-017,DS00,quebrada_verde,CAMPAIGN_02,76.000000000,78.000000000,2.000000000,0.178626709,0.000000000,0.000000000
QV-C02-017-A0040,QV-C02-017,DS00,quebrada_verde,CAMPAIGN_02,78.000000000,80.000000000,2.000000000,0.187228950,0.000000000,0.000000000
QV-C02-017-A0041,QV-C02-017,DS00,quebrada_verde,CAMPAIGN_02,80.000000000,82.000000000,2.000000000,0.178457622,0.000000000,0.000000000
QV-C02-017-A0042,QV-C02-017,DS00,quebrada_verde,CAMPAIGN_02,82.000000000,84.000000000,2.000000000,0.192527376,0.000000000,0.000000000
QV-C02-017-A0043,QV-C02-017,DS00,quebrada_verde,CAMPAIGN_02,84.000000000,86.000000000,2.000000000,0.191748478,0.000000000,0.000000000
QV-C02-017-A0044,QV-C02-017,DS00,quebrada_verde,CAMPAIGN_02,86.000000000,88.000000000,2.000000000,0.197135120,0.000000000,0.000000000
QV-C02-017-A0045,QV-C02-017,DS00,quebrada_verde,CAMPAIGN_02,88.000000000,90.000000000,2.000000000,0.202139492,0.000000000,0.000000000
QV-C02-017-A0046,QV-C02-017,DS00,quebrada_verde,CAMPAIGN_02,90.000000000,92.000000000,2.000000000,0.201019059,0.000000000,0.000000000
QV-C02-017-A0047,QV-C02-017,DS00,quebrada_verde,CAMPAIGN_02,92.000000000,94.000000000,2.000000000,0.211573969,0.000000000,0.000000000
QV-C02-017-A0048,QV-C02-017,DS00,quebrada_verde,CAMPAIGN_02,94.000000000,96.000000000,2.000000000,0.198595903,0.000000000,0.000000000
QV-C02-017-A0049,QV-C02-017,DS00,quebrada_verde,CAMPAIGN_02,96.000000000,98.000000000,2.000000000,0.232858957,0.000000000,0.000000000
QV-C02-017-A0050,QV-C02-017,DS00,quebrada_verde,CAMPAIGN_02,98.000000000,100.000000000,2.000000000,0.209087658,0.000000000,0.000000000
QV-C02-017-A0051,QV-C02-017,DS00,quebrada_verde,CAMPAIGN_02,100.000000000,102.000000000,2.000000000,0.219087705,0.000000000,0.000000000
QV-C02-017-A0052,QV-C02-017,DS00,quebrada_verde,CAMPAIGN_02,102.000000000,104.000000000,2.000000000,0.239448091,0.000000000,0.000000000
QV-C02-017-A0053,QV-C02-017,DS00,quebrada_verde,CAMPAIGN_02,104.000000000,106.000000000,2.000000000,0.252460537,0.000000000,0.000000000
QV-C02-017-A0054,QV-C02-017,DS00,quebrada_verde,CAMPAIGN_02,106.000000000,108.000000000,2.000000000,0.234934588,0.000000000,0.000000000
QV-C02-017-A0055,QV-C02-017,DS00,quebrada_verde,CAMPAIGN_02,108.000000000,110.000000000,2.000000000,0.231287937,0.000000000,0.000000000
QV-C02-017-A0056,QV-C02-017,DS00,quebrada_verde,CAMPAIGN_02,110.000000000,112.000000000,2.000000000,0.244911675,0.000000000,0.000000000
QV-C02-017-A0057,QV-C02-017,DS00,quebrada_verde,CAMPAIGN_02,112.000000000,114.000000000,2.000000000,0.260157267,0.000000000,0.000000000
QV-C02-017-A0058,QV-C02-017,DS00,quebrada_verde,CAMPAIGN_02,114.000000000,116.000000000,2.000000000,0.260725468,0.000000000,0.000000000
QV-C02-017-A0059,QV-C02-017,DS00,quebrada_verde,CAMPAIGN_02,116.000000000,118.000000000,2.000000000,0.258684512,0.000000000,0.000000000
QV-C02-017-A0060,QV-C02-017,DS00,quebrada_verde,CAMPAIGN_02,118.000000000,120.000000000,2.000000000,0.253199329,0.000000000,0.000000000
QV-C02-017-A0061,QV-C02-017,DS00,quebrada_verde,CAMPAIGN_02,120.000000000,122.000000000,2.000000000,0.279858033,0.000000000,0.000000000
QV-C02-017-A0062,QV-C02-017,DS00,quebrada_verde,CAMPAIGN_02,122.000000000,124.000000000,2.000000000,0.270037693,0.000000000,0.000000000
QV-C02-017-A0063,QV-C02-017,DS00,quebrada_verde,CAMPAIGN_02,124.000000000,126.000000000,2.000000000,0.296766405,0.000000000,0.000000000
QV-C02-017-A0064,QV-C02-017,DS00,quebrada_verde,CAMPAIGN_02,126.000000000,128.000000000,2.000000000,0.295777822,0.000000000,0.000000000
QV-C02-017-A0065,QV-C02-017,DS00,quebrada_verde,CAMPAIGN_02,128.000000000,130.000000000,2.000000000,0.304074674,0.000000000,0.000000000
QV-C02-017-A0066,QV-C02-017,DS00,quebrada_verde,CAMPAIGN_02,130.000000000,132.000000000,2.000000000,0.298982656,0.000000000,0.000000000
QV-C02-017-A0067,QV-C02-017,DS00,quebrada_verde,CAMPAIGN_02,132.000000000,134.000000000,2.000000000,0.322366012,0.000000000,0.000000000
QV-C02-017-A0068,QV-C02-017,DS00,quebrada_verde,CAMPAIGN_02,134.000000000,136.000000000,2.000000000,0.304629643,0.000000000,0.000000000
QV-C02-017-A0069,QV-C02-017,DS00,quebrada_verde,CAMPAIGN_02,136.000000000,138.000000000,2.000000000,0.307004130,0.000000000,0.000000000
QV-C02-017-A0070,QV-C02-017,DS00,quebrada_verde,CAMPAIGN_02,138.000000000,140.000000000,2.000000000,0.314332705,0.000000000,0.000000000
QV-C02-017-A0071,QV-C02-017,DS00,quebrada_verde,CAMPAIGN_02,140.000000000,142.000000000,2.000000000,0.339936258,0.000000000,0.000000000
QV-C02-017-A0072,QV-C02-017,DS00,quebrada_verde,CAMPAIGN_02,142.000000000,144.000000000,2.000000000,0.335991236,0.000000000,0.000000000
QV-C02-017-A0073,QV-C02-017,DS00,quebrada_verde,CAMPAIGN_02,144.000000000,146.000000000,2.000000000,0.340957986,0.000000000,0.000000000
QV-C02-017-A0074,QV-C02-017,DS00,quebrada_verde,CAMPAIGN_02,146.000000000,148.000000000,2.000000000,0.339779977,0.000000000,0.000000000
QV-C02-017-A0075,QV-C02-017,DS00,quebrada_verde,CAMPAIGN_02,148.000000000,150.000000000,2.000000000,0.345988136,0.000000000,0.000000000
QV-C02-017-A0076,QV-C02-017,DS00,quebrada_verde,CAMPAIGN_02,150.000000000,152.000000000,2.000000000,0.354621398,0.000000000,0.000000000
QV-C02-017-A0077,QV-C02-017,DS00,quebrada_verde,CAMPAIGN_02,152.000000000,154.000000000,2.000000000,0.363283451,0.000000000,0.000000000
QV-C02-017-A0078,QV-C02-017,DS00,quebrada_verde,CAMPAIGN_02,154.000000000,156.000000000,2.000000000,0.339446316,0.000000000,0.000000000
QV-C02-017-A0079,QV-C02-017,DS00,quebrada_verde,CAMPAIGN_02,156.000000000,158.000000000,2.000000000,0.368250206,0.000000000,0.000000000
QV-C02-017-A0080,QV-C02-017,DS00,quebrada_verde,CAMPAIGN_02,158.000000000,160.000000000,2.000000000,0.384342528,0.000000000,0.000000000
QV-C02-017-A0081,QV-C02-017,DS00,quebrada_verde,CAMPAIGN_02,160.000000000,162.000000000,2.000000000,0.370376755,0.000000000,0.000000000
QV-C02-017-A0082,QV-C02-017,DS00,quebrada_verde,CAMPAIGN_02,162.000000000,164.000000000,2.000000000,0.378845172,0.000000000,0.000000000
QV-C02-017-A0083,QV-C02-017,DS00,quebrada_verde,CAMPAIGN_02,164.000000000,166.000000000,2.000000000,0.375750901,0.000000000,0.000000000
QV-C02-017-A0084,QV-C02-017,DS00,quebrada_verde,CAMPAIGN_02,166.000000000,168.000000000,2.000000000,0.370972100,0.000000000,0.000000000
QV-C02-017-A0085,QV-C02-017,DS00,quebrada_verde,CAMPAIGN_02,168.000000000,170.000000000,2.000000000,0.401511458,0.000000000,0.000000000
QV-C02-017-A0086,QV-C02-017,DS00,quebrada_verde,CAMPAIGN_02,170.000000000,172.000000000,2.000000000,0.376678430,0.000000000,0.000000000
QV-C02-017-A0087,QV-C02-017,DS00,quebrada_verde,CAMPAIGN_02,172.000000000,174.000000000,2.000000000,0.404085361,0.000000000,0.000000000
QV-C02-017-A0088,QV-C02-017,DS00,quebrada_verde,CAMPAIGN_02,174.000000000,176.000000000,2.000000000,0.391385536,0.000000000,0.000000000
QV-C02-017-A0089,QV-C02-017,DS00,quebrada_verde,CAMPAIGN_02,176.000000000,178.000000000,2.000000000,0.412142506,0.000000000,0.000000000
QV-C02-017-A0090,QV-C02-017,DS00,quebrada_verde,CAMPAIGN_02,178.000000000,180.000000000,2.000000000,0.419962351,0.000000000,0.000000000
QV-C02-017-A0091,QV-C02-017,DS00,quebrada_verde,CAMPAIGN_02,180.000000000,182.000000000,2.000000000,0.418501443,0.000000000,0.000000000
QV-C02-017-A0092,QV-C02-017,DS00,quebrada_verde,CAMPAIGN_02,182.000000000,184.000000000,2.000000000,0.408150066,0.000000000,0.000000000
QV-C02-017-A0093,QV-C02-017,DS00,quebrada_verde,CAMPAIGN_02,184.000000000,186.000000000,2.000000000,0.404289674,0.000000000,0.000000000
QV-C02-017-A0094,QV-C02-017,DS00,quebrada_verde,CAMPAIGN_02,186.000000000,188.000000000,2.000000000,0.453121360,0.000000000,0.000000000
QV-C02-017-A0095,QV-C02-017,DS00,quebrada_verde,CAMPAIGN_02,188.000000000,190.000000000,2.000000000,0.447503226,0.000000000,0.000000000
QV-C02-017-A0096,QV-C02-017,DS00,quebrada_verde,CAMPAIGN_02,190.000000000,192.000000000,2.000000000,0.431294306,0.000000000,0.000000000
QV-C02-017-A0097,QV-C02-017,DS00,quebrada_verde,CAMPAIGN_02,192.000000000,194.000000000,2.000000000,0.421061392,0.000000000,0.000000000
QV-C02-017-A0098,QV-C02-017,DS00,quebrada_verde,CAMPAIGN_02,194.000000000,196.000000000,2.000000000,0.437725426,0.000000000,0.000000000
QV-C02-017-A0099,QV-C02-017,DS00,quebrada_verde,CAMPAIGN_02,196.000000000,198.000000000,2.000000000,0.423424734,0.000000000,0.000000000
QV-C02-017-A0100,QV-C02-017,DS00,quebrada_verde,CAMPAIGN_02,198.000000000,200.000000000,2.000000000,0.453324336,0.000000000,0.000000000
QV-C02-017-A0101,QV-C02-017,DS00,quebrada_verde,CAMPAIGN_02,200.000000000,202.000000000,2.000000000,0.492836257,0.000000000,0.000000000
QV-C02-017-A0102,QV-C02-017,DS00,quebrada_verde,CAMPAIGN_02,202.000000000,204.000000000,2.000000000,0.460047877,0.000000000,0.000000000
QV-C02-017-A0103,QV-C02-017,DS00,quebrada_verde,CAMPAIGN_02,204.000000000,206.000000000,2.000000000,0.468178640,0.000000000,0.000000000
QV-C02-017-A0104,QV-C02-017,DS00,quebrada_verde,CAMPAIGN_02,206.000000000,208.000000000,2.000000000,0.445423726,0.000000000,0.000000000
QV-C02-017-A0105,QV-C02-017,DS00,quebrada_verde,CAMPAIGN_02,208.000000000,210.000000000,2.000000000,0.460445953,0.000000000,0.000000000
QV-C02-017-A0106,QV-C02-017,DS00,quebrada_verde,CAMPAIGN_02,210.000000000,212.000000000,2.000000000,0.469844419,0.000000000,0.000000000
QV-C02-017-A0107,QV-C02-017,DS00,quebrada_verde,CAMPAIGN_02,212.000000000,214.000000000,2.000000000,0.467266172,0.000000000,0.000000000
QV-C02-017-A0108,QV-C02-017,DS00,quebrada_verde,CAMPAIGN_02,214.000000000,216.000000000,2.000000000,0.462900360,0.000000000,0.000000000
QV-C02-017-A0109,QV-C02-017,DS00,quebrada_verde,CAMPAIGN_02,216.000000000,218.000000000,2.000000000,0.461032457,0.000000000,0.000000000
QV-C02-017-A0110,QV-C02-017,DS00,quebrada_verde,CAMPAIGN_02,218.000000000,220.000000000,2.000000000,0.455522208,0.000000000,0.000000000
QV-C02-018-A0001,QV-C02-018,DS00,quebrada_verde,CAMPAIGN_02,0.000000000,2.000000000,2.000000000,0.058136886,0.000000000,0.000000000
QV-C02-018-A0002,QV-C02-018,DS00,quebrada_verde,CAMPAIGN_02,2.000000000,4.000000000,2.000000000,0.069499741,0.000000000,0.000000000
QV-C02-018-A0003,QV-C02-018,DS00,quebrada_verde,CAMPAIGN_02,4.000000000,6.000000000,2.000000000,0.071000553,0.000000000,0.000000000
QV-C02-018-A0004,QV-C02-018,DS00,quebrada_verde,CAMPAIGN_02,6.000000000,8.000000000,2.000000000,0.072027384,0.000000000,0.000000000
QV-C02-018-A0005,QV-C02-018,DS00,quebrada_verde,CAMPAIGN_02,8.000000000,10.000000000,2.000000000,0.073318870,0.000000000,0.000000000
QV-C02-018-A0006,QV-C02-018,DS00,quebrada_verde,CAMPAIGN_02,10.000000000,12.000000000,2.000000000,0.074503267,0.000000000,0.000000000
QV-C02-018-A0007,QV-C02-018,DS00,quebrada_verde,CAMPAIGN_02,12.000000000,14.000000000,2.000000000,0.077737242,0.000000000,0.000000000
QV-C02-018-A0008,QV-C02-018,DS00,quebrada_verde,CAMPAIGN_02,14.000000000,16.000000000,2.000000000,0.078562496,0.000000000,0.000000000
QV-C02-018-A0009,QV-C02-018,DS00,quebrada_verde,CAMPAIGN_02,16.000000000,18.000000000,2.000000000,0.082110436,0.000000000,0.000000000
QV-C02-018-A0010,QV-C02-018,DS00,quebrada_verde,CAMPAIGN_02,18.000000000,20.000000000,2.000000000,0.083818247,0.000000000,0.000000000
QV-C02-018-A0011,QV-C02-018,DS00,quebrada_verde,CAMPAIGN_02,20.000000000,22.000000000,2.000000000,0.087675719,0.000000000,0.000000000
QV-C02-018-A0012,QV-C02-018,DS00,quebrada_verde,CAMPAIGN_02,22.000000000,24.000000000,2.000000000,0.086571076,0.000000000,0.000000000
QV-C02-018-A0013,QV-C02-018,DS00,quebrada_verde,CAMPAIGN_02,24.000000000,26.000000000,2.000000000,0.094964332,0.000000000,0.000000000
QV-C02-018-A0014,QV-C02-018,DS00,quebrada_verde,CAMPAIGN_02,26.000000000,28.000000000,2.000000000,0.097350828,0.000000000,0.000000000
QV-C02-018-A0015,QV-C02-018,DS00,quebrada_verde,CAMPAIGN_02,28.000000000,30.000000000,2.000000000,0.092523422,0.000000000,0.000000000
QV-C02-018-A0016,QV-C02-018,DS00,quebrada_verde,CAMPAIGN_02,30.000000000,32.000000000,2.000000000,0.091692487,0.000000000,0.000000000
QV-C02-018-A0017,QV-C02-018,DS00,quebrada_verde,CAMPAIGN_02,32.000000000,34.000000000,2.000000000,0.101065839,0.000000000,0.000000000
QV-C02-018-A0018,QV-C02-018,DS00,quebrada_verde,CAMPAIGN_02,34.000000000,36.000000000,2.000000000,0.101976272,0.000000000,0.000000000
QV-C02-018-A0019,QV-C02-018,DS00,quebrada_verde,CAMPAIGN_02,36.000000000,38.000000000,2.000000000,0.102286747,0.000000000,0.000000000
QV-C02-018-A0020,QV-C02-018,DS00,quebrada_verde,CAMPAIGN_02,38.000000000,40.000000000,2.000000000,0.118345880,0.000000000,0.000000000
QV-C02-018-A0021,QV-C02-018,DS00,quebrada_verde,CAMPAIGN_02,40.000000000,42.000000000,2.000000000,0.114233249,0.000000000,0.000000000
QV-C02-018-A0022,QV-C02-018,DS00,quebrada_verde,CAMPAIGN_02,42.000000000,44.000000000,2.000000000,0.110760833,0.000000000,0.000000000
QV-C02-018-A0023,QV-C02-018,DS00,quebrada_verde,CAMPAIGN_02,44.000000000,46.000000000,2.000000000,0.124454065,0.000000000,0.000000000
QV-C02-018-A0024,QV-C02-018,DS00,quebrada_verde,CAMPAIGN_02,46.000000000,48.000000000,2.000000000,0.126370713,0.000000000,0.000000000
QV-C02-018-A0025,QV-C02-018,DS00,quebrada_verde,CAMPAIGN_02,48.000000000,50.000000000,2.000000000,0.122980360,0.000000000,0.000000000
QV-C02-018-A0026,QV-C02-018,DS00,quebrada_verde,CAMPAIGN_02,50.000000000,52.000000000,2.000000000,0.127648185,0.000000000,0.000000000
QV-C02-018-A0027,QV-C02-018,DS00,quebrada_verde,CAMPAIGN_02,52.000000000,54.000000000,2.000000000,0.133677343,0.000000000,0.000000000
QV-C02-018-A0028,QV-C02-018,DS00,quebrada_verde,CAMPAIGN_02,54.000000000,56.000000000,2.000000000,0.140077486,0.000000000,0.000000000
QV-C02-018-A0029,QV-C02-018,DS00,quebrada_verde,CAMPAIGN_02,56.000000000,58.000000000,2.000000000,0.132115227,0.000000000,0.000000000
QV-C02-018-A0030,QV-C02-018,DS00,quebrada_verde,CAMPAIGN_02,58.000000000,60.000000000,2.000000000,0.140532394,0.000000000,0.000000000
QV-C02-018-A0031,QV-C02-018,DS00,quebrada_verde,CAMPAIGN_02,60.000000000,62.000000000,2.000000000,0.147198854,0.000000000,0.000000000
QV-C02-018-A0032,QV-C02-018,DS00,quebrada_verde,CAMPAIGN_02,62.000000000,64.000000000,2.000000000,0.153464181,0.000000000,0.000000000
QV-C02-018-A0033,QV-C02-018,DS00,quebrada_verde,CAMPAIGN_02,64.000000000,66.000000000,2.000000000,0.161883239,0.000000000,0.000000000
QV-C02-018-A0034,QV-C02-018,DS00,quebrada_verde,CAMPAIGN_02,66.000000000,68.000000000,2.000000000,0.161548971,0.000000000,0.000000000
QV-C02-018-A0035,QV-C02-018,DS00,quebrada_verde,CAMPAIGN_02,68.000000000,70.000000000,2.000000000,0.162464730,0.000000000,0.000000000
QV-C02-018-A0036,QV-C02-018,DS00,quebrada_verde,CAMPAIGN_02,70.000000000,72.000000000,2.000000000,0.168479934,0.000000000,0.000000000
QV-C02-018-A0037,QV-C02-018,DS00,quebrada_verde,CAMPAIGN_02,72.000000000,74.000000000,2.000000000,0.162120937,0.000000000,0.000000000
QV-C02-018-A0038,QV-C02-018,DS00,quebrada_verde,CAMPAIGN_02,74.000000000,76.000000000,2.000000000,0.168003231,0.000000000,0.000000000
QV-C02-018-A0039,QV-C02-018,DS00,quebrada_verde,CAMPAIGN_02,76.000000000,78.000000000,2.000000000,0.167454608,0.000000000,0.000000000
QV-C02-018-A0040,QV-C02-018,DS00,quebrada_verde,CAMPAIGN_02,78.000000000,80.000000000,2.000000000,0.173028485,0.000000000,0.000000000
QV-C02-018-A0041,QV-C02-018,DS00,quebrada_verde,CAMPAIGN_02,80.000000000,82.000000000,2.000000000,0.181175132,0.000000000,0.000000000
QV-C02-018-A0042,QV-C02-018,DS00,quebrada_verde,CAMPAIGN_02,82.000000000,84.000000000,2.000000000,0.192351655,0.000000000,0.000000000
QV-C02-018-A0043,QV-C02-018,DS00,quebrada_verde,CAMPAIGN_02,84.000000000,86.000000000,2.000000000,0.209226619,0.000000000,0.000000000
QV-C02-018-A0044,QV-C02-018,DS00,quebrada_verde,CAMPAIGN_02,86.000000000,88.000000000,2.000000000,0.189266192,0.000000000,0.000000000
QV-C02-018-A0045,QV-C02-018,DS00,quebrada_verde,CAMPAIGN_02,88.000000000,90.000000000,2.000000000,0.210112457,0.000000000,0.000000000
QV-C02-018-A0046,QV-C02-018,DS00,quebrada_verde,CAMPAIGN_02,90.000000000,92.000000000,2.000000000,0.190689986,0.000000000,0.000000000
QV-C02-018-A0047,QV-C02-018,DS00,quebrada_verde,CAMPAIGN_02,92.000000000,94.000000000,2.000000000,0.201545645,0.000000000,0.000000000
QV-C02-018-A0048,QV-C02-018,DS00,quebrada_verde,CAMPAIGN_02,94.000000000,96.000000000,2.000000000,0.219228285,0.000000000,0.000000000
QV-C02-018-A0049,QV-C02-018,DS00,quebrada_verde,CAMPAIGN_02,96.000000000,98.000000000,2.000000000,0.201903285,0.000000000,0.000000000
QV-C02-018-A0050,QV-C02-018,DS00,quebrada_verde,CAMPAIGN_02,98.000000000,100.000000000,2.000000000,0.228300238,0.000000000,0.000000000
QV-C02-018-A0051,QV-C02-018,DS00,quebrada_verde,CAMPAIGN_02,100.000000000,102.000000000,2.000000000,0.211357407,0.000000000,0.000000000
QV-C02-018-A0052,QV-C02-018,DS00,quebrada_verde,CAMPAIGN_02,102.000000000,104.000000000,2.000000000,0.244018172,0.000000000,0.000000000
QV-C02-018-A0053,QV-C02-018,DS00,quebrada_verde,CAMPAIGN_02,104.000000000,106.000000000,2.000000000,0.243853290,0.000000000,0.000000000
QV-C02-018-A0054,QV-C02-018,DS00,quebrada_verde,CAMPAIGN_02,106.000000000,108.000000000,2.000000000,0.210784581,0.000000000,0.000000000
QV-C02-018-A0055,QV-C02-018,DS00,quebrada_verde,CAMPAIGN_02,108.000000000,110.000000000,2.000000000,0.245974376,0.000000000,0.000000000
QV-C02-018-A0056,QV-C02-018,DS00,quebrada_verde,CAMPAIGN_02,110.000000000,112.000000000,2.000000000,0.257964026,0.000000000,0.000000000
QV-C02-018-A0057,QV-C02-018,DS00,quebrada_verde,CAMPAIGN_02,112.000000000,114.000000000,2.000000000,0.261696599,0.000000000,0.000000000
QV-C02-018-A0058,QV-C02-018,DS00,quebrada_verde,CAMPAIGN_02,114.000000000,116.000000000,2.000000000,0.246738972,0.000000000,0.000000000
QV-C02-018-A0059,QV-C02-018,DS00,quebrada_verde,CAMPAIGN_02,116.000000000,118.000000000,2.000000000,0.256894884,0.000000000,0.000000000
QV-C02-018-A0060,QV-C02-018,DS00,quebrada_verde,CAMPAIGN_02,118.000000000,120.000000000,2.000000000,0.260176924,0.000000000,0.000000000
QV-C02-018-A0061,QV-C02-018,DS00,quebrada_verde,CAMPAIGN_02,120.000000000,122.000000000,2.000000000,0.275353314,0.000000000,0.000000000
QV-C02-018-A0062,QV-C02-018,DS00,quebrada_verde,CAMPAIGN_02,122.000000000,124.000000000,2.000000000,0.276584780,0.000000000,0.000000000
QV-C02-018-A0063,QV-C02-018,DS00,quebrada_verde,CAMPAIGN_02,124.000000000,126.000000000,2.000000000,0.283322155,0.000000000,0.000000000
QV-C02-018-A0064,QV-C02-018,DS00,quebrada_verde,CAMPAIGN_02,126.000000000,128.000000000,2.000000000,0.265996833,0.000000000,0.000000000
QV-C02-018-A0065,QV-C02-018,DS00,quebrada_verde,CAMPAIGN_02,128.000000000,130.000000000,2.000000000,0.275913856,0.000000000,0.000000000
QV-C02-018-A0066,QV-C02-018,DS00,quebrada_verde,CAMPAIGN_02,130.000000000,132.000000000,2.000000000,0.297588474,0.000000000,0.000000000
QV-C02-018-A0067,QV-C02-018,DS00,quebrada_verde,CAMPAIGN_02,132.000000000,134.000000000,2.000000000,0.315052903,0.000000000,0.000000000
QV-C02-018-A0068,QV-C02-018,DS00,quebrada_verde,CAMPAIGN_02,134.000000000,136.000000000,2.000000000,0.318284147,0.000000000,0.000000000
QV-C02-018-A0069,QV-C02-018,DS00,quebrada_verde,CAMPAIGN_02,136.000000000,138.000000000,2.000000000,0.329328976,0.000000000,0.000000000
QV-C02-018-A0070,QV-C02-018,DS00,quebrada_verde,CAMPAIGN_02,138.000000000,140.000000000,2.000000000,0.321908269,0.000000000,0.000000000
QV-C02-018-A0071,QV-C02-018,DS00,quebrada_verde,CAMPAIGN_02,140.000000000,142.000000000,2.000000000,0.294031361,0.000000000,0.000000000
QV-C02-018-A0072,QV-C02-018,DS00,quebrada_verde,CAMPAIGN_02,142.000000000,144.000000000,2.000000000,0.315279597,0.000000000,0.000000000
QV-C02-018-A0073,QV-C02-018,DS00,quebrada_verde,CAMPAIGN_02,144.000000000,146.000000000,2.000000000,0.333187539,0.000000000,0.000000000
QV-C02-018-A0074,QV-C02-018,DS00,quebrada_verde,CAMPAIGN_02,146.000000000,148.000000000,2.000000000,0.327319407,0.000000000,0.000000000
QV-C02-018-A0075,QV-C02-018,DS00,quebrada_verde,CAMPAIGN_02,148.000000000,150.000000000,2.000000000,0.354715711,0.000000000,0.000000000
QV-C02-018-A0076,QV-C02-018,DS00,quebrada_verde,CAMPAIGN_02,150.000000000,152.000000000,2.000000000,0.333460127,0.000000000,0.000000000
QV-C02-018-A0077,QV-C02-018,DS00,quebrada_verde,CAMPAIGN_02,152.000000000,154.000000000,2.000000000,0.343813741,0.000000000,0.000000000
QV-C02-018-A0078,QV-C02-018,DS00,quebrada_verde,CAMPAIGN_02,154.000000000,156.000000000,2.000000000,0.376027484,0.000000000,0.000000000
QV-C02-018-A0079,QV-C02-018,DS00,quebrada_verde,CAMPAIGN_02,156.000000000,158.000000000,2.000000000,0.335871021,0.000000000,0.000000000
QV-C02-018-A0080,QV-C02-018,DS00,quebrada_verde,CAMPAIGN_02,158.000000000,160.000000000,2.000000000,0.358892006,0.000000000,0.000000000
QV-C02-018-A0081,QV-C02-018,DS00,quebrada_verde,CAMPAIGN_02,160.000000000,162.000000000,2.000000000,0.365443210,0.000000000,0.000000000
QV-C02-018-A0082,QV-C02-018,DS00,quebrada_verde,CAMPAIGN_02,162.000000000,164.000000000,2.000000000,0.379251645,0.000000000,0.000000000
QV-C02-018-A0083,QV-C02-018,DS00,quebrada_verde,CAMPAIGN_02,164.000000000,166.000000000,2.000000000,0.387167971,0.000000000,0.000000000
QV-C02-018-A0084,QV-C02-018,DS00,quebrada_verde,CAMPAIGN_02,166.000000000,168.000000000,2.000000000,0.398810361,0.000000000,0.000000000
QV-C02-018-A0085,QV-C02-018,DS00,quebrada_verde,CAMPAIGN_02,168.000000000,170.000000000,2.000000000,0.379652986,0.000000000,0.000000000
QV-C02-018-A0086,QV-C02-018,DS00,quebrada_verde,CAMPAIGN_02,170.000000000,172.000000000,2.000000000,0.388992216,0.000000000,0.000000000
QV-C02-018-A0087,QV-C02-018,DS00,quebrada_verde,CAMPAIGN_02,172.000000000,174.000000000,2.000000000,0.371952017,0.000000000,0.000000000
QV-C02-018-A0088,QV-C02-018,DS00,quebrada_verde,CAMPAIGN_02,174.000000000,176.000000000,2.000000000,0.408473502,0.000000000,0.000000000
QV-C02-018-A0089,QV-C02-018,DS00,quebrada_verde,CAMPAIGN_02,176.000000000,178.000000000,2.000000000,0.441049984,0.000000000,0.000000000
QV-C02-018-A0090,QV-C02-018,DS00,quebrada_verde,CAMPAIGN_02,178.000000000,180.000000000,2.000000000,0.401648136,0.000000000,0.000000000
QV-C02-018-A0091,QV-C02-018,DS00,quebrada_verde,CAMPAIGN_02,180.000000000,182.000000000,2.000000000,0.404649713,0.000000000,0.000000000
QV-C02-018-A0092,QV-C02-018,DS00,quebrada_verde,CAMPAIGN_02,182.000000000,184.000000000,2.000000000,0.421909105,0.000000000,0.000000000
QV-C02-018-A0093,QV-C02-018,DS00,quebrada_verde,CAMPAIGN_02,184.000000000,186.000000000,2.000000000,0.429340713,0.000000000,0.000000000
QV-C02-018-A0094,QV-C02-018,DS00,quebrada_verde,CAMPAIGN_02,186.000000000,188.000000000,2.000000000,0.430521155,0.000000000,0.000000000
QV-C02-018-A0095,QV-C02-018,DS00,quebrada_verde,CAMPAIGN_02,188.000000000,190.000000000,2.000000000,0.462734780,0.000000000,0.000000000
QV-C02-018-A0096,QV-C02-018,DS00,quebrada_verde,CAMPAIGN_02,190.000000000,192.000000000,2.000000000,0.437144753,0.000000000,0.000000000
QV-C02-018-A0097,QV-C02-018,DS00,quebrada_verde,CAMPAIGN_02,192.000000000,194.000000000,2.000000000,0.442552938,0.000000000,0.000000000
QV-C02-018-A0098,QV-C02-018,DS00,quebrada_verde,CAMPAIGN_02,194.000000000,196.000000000,2.000000000,0.454670985,0.000000000,0.000000000
QV-C02-018-A0099,QV-C02-018,DS00,quebrada_verde,CAMPAIGN_02,196.000000000,198.000000000,2.000000000,0.450852068,0.000000000,0.000000000
QV-C02-018-A0100,QV-C02-018,DS00,quebrada_verde,CAMPAIGN_02,198.000000000,200.000000000,2.000000000,0.467186263,0.000000000,0.000000000
QV-C02-018-A0101,QV-C02-018,DS00,quebrada_verde,CAMPAIGN_02,200.000000000,202.000000000,2.000000000,0.449171733,0.000000000,0.000000000
QV-C02-018-A0102,QV-C02-018,DS00,quebrada_verde,CAMPAIGN_02,202.000000000,204.000000000,2.000000000,0.440155702,0.000000000,0.000000000
QV-C02-018-A0103,QV-C02-018,DS00,quebrada_verde,CAMPAIGN_02,204.000000000,206.000000000,2.000000000,0.431471992,0.000000000,0.000000000
QV-C02-018-A0104,QV-C02-018,DS00,quebrada_verde,CAMPAIGN_02,206.000000000,208.000000000,2.000000000,0.462130070,0.000000000,0.000000000
QV-C02-018-A0105,QV-C02-018,DS00,quebrada_verde,CAMPAIGN_02,208.000000000,210.000000000,2.000000000,0.465091514,0.000000000,0.000000000
QV-C02-018-A0106,QV-C02-018,DS00,quebrada_verde,CAMPAIGN_02,210.000000000,212.000000000,2.000000000,0.453331943,0.000000000,0.000000000
QV-C02-018-A0107,QV-C02-018,DS00,quebrada_verde,CAMPAIGN_02,212.000000000,214.000000000,2.000000000,0.459723914,0.000000000,0.000000000
QV-C02-018-A0108,QV-C02-018,DS00,quebrada_verde,CAMPAIGN_02,214.000000000,216.000000000,2.000000000,0.452269961,0.000000000,0.000000000
QV-C02-018-A0109,QV-C02-018,DS00,quebrada_verde,CAMPAIGN_02,216.000000000,218.000000000,2.000000000,0.415520927,0.000000000,0.000000000
QV-C02-018-A0110,QV-C02-018,DS00,quebrada_verde,CAMPAIGN_02,218.000000000,220.000000000,2.000000000,0.479994012,0.000000000,0.000000000
QV-C02-019-A0001,QV-C02-019,DS00,quebrada_verde,CAMPAIGN_02,0.000000000,2.000000000,2.000000000,0.038717070,0.000000000,0.000000000
QV-C02-019-A0002,QV-C02-019,DS00,quebrada_verde,CAMPAIGN_02,2.000000000,4.000000000,2.000000000,0.041952245,0.000000000,0.000000000
QV-C02-019-A0003,QV-C02-019,DS00,quebrada_verde,CAMPAIGN_02,4.000000000,6.000000000,2.000000000,0.043380777,0.000000000,0.000000000
QV-C02-019-A0004,QV-C02-019,DS00,quebrada_verde,CAMPAIGN_02,6.000000000,8.000000000,2.000000000,0.042518985,0.000000000,0.000000000
QV-C02-019-A0005,QV-C02-019,DS00,quebrada_verde,CAMPAIGN_02,8.000000000,10.000000000,2.000000000,0.042458187,0.000000000,0.000000000
QV-C02-019-A0006,QV-C02-019,DS00,quebrada_verde,CAMPAIGN_02,10.000000000,12.000000000,2.000000000,0.042659082,0.000000000,0.000000000
QV-C02-019-A0007,QV-C02-019,DS00,quebrada_verde,CAMPAIGN_02,12.000000000,14.000000000,2.000000000,0.047189236,0.000000000,0.000000000
QV-C02-019-A0008,QV-C02-019,DS00,quebrada_verde,CAMPAIGN_02,14.000000000,16.000000000,2.000000000,0.044394615,0.000000000,0.000000000
QV-C02-019-A0009,QV-C02-019,DS00,quebrada_verde,CAMPAIGN_02,16.000000000,18.000000000,2.000000000,0.051602034,0.000000000,0.000000000
QV-C02-019-A0010,QV-C02-019,DS00,quebrada_verde,CAMPAIGN_02,18.000000000,20.000000000,2.000000000,0.045748220,0.000000000,0.000000000
QV-C02-019-A0011,QV-C02-019,DS00,quebrada_verde,CAMPAIGN_02,20.000000000,22.000000000,2.000000000,0.044573089,0.000000000,0.000000000
QV-C02-019-A0012,QV-C02-019,DS00,quebrada_verde,CAMPAIGN_02,22.000000000,24.000000000,2.000000000,0.053803627,0.000000000,0.000000000
QV-C02-019-A0013,QV-C02-019,DS00,quebrada_verde,CAMPAIGN_02,24.000000000,26.000000000,2.000000000,0.048854178,0.000000000,0.000000000
QV-C02-019-A0014,QV-C02-019,DS00,quebrada_verde,CAMPAIGN_02,26.000000000,28.000000000,2.000000000,0.055431106,0.000000000,0.000000000
QV-C02-019-A0015,QV-C02-019,DS00,quebrada_verde,CAMPAIGN_02,28.000000000,30.000000000,2.000000000,0.053715237,0.000000000,0.000000000
QV-C02-019-A0016,QV-C02-019,DS00,quebrada_verde,CAMPAIGN_02,30.000000000,32.000000000,2.000000000,0.060070637,0.000000000,0.000000000
QV-C02-019-A0017,QV-C02-019,DS00,quebrada_verde,CAMPAIGN_02,32.000000000,34.000000000,2.000000000,0.056523587,0.000000000,0.000000000
QV-C02-019-A0018,QV-C02-019,DS00,quebrada_verde,CAMPAIGN_02,34.000000000,36.000000000,2.000000000,0.061859837,0.000000000,0.000000000
QV-C02-019-A0019,QV-C02-019,DS00,quebrada_verde,CAMPAIGN_02,36.000000000,38.000000000,2.000000000,0.056692717,0.000000000,0.000000000
QV-C02-019-A0020,QV-C02-019,DS00,quebrada_verde,CAMPAIGN_02,38.000000000,40.000000000,2.000000000,0.060581820,0.000000000,0.000000000
QV-C02-019-A0021,QV-C02-019,DS00,quebrada_verde,CAMPAIGN_02,40.000000000,42.000000000,2.000000000,0.064651870,0.000000000,0.000000000
QV-C02-019-A0022,QV-C02-019,DS00,quebrada_verde,CAMPAIGN_02,42.000000000,44.000000000,2.000000000,0.057784201,0.000000000,0.000000000
QV-C02-019-A0023,QV-C02-019,DS00,quebrada_verde,CAMPAIGN_02,44.000000000,46.000000000,2.000000000,0.062535857,0.000000000,0.000000000
QV-C02-019-A0024,QV-C02-019,DS00,quebrada_verde,CAMPAIGN_02,46.000000000,48.000000000,2.000000000,0.062175101,0.000000000,0.000000000
QV-C02-019-A0025,QV-C02-019,DS00,quebrada_verde,CAMPAIGN_02,48.000000000,50.000000000,2.000000000,0.071707492,0.000000000,0.000000000
QV-C02-019-A0026,QV-C02-019,DS00,quebrada_verde,CAMPAIGN_02,50.000000000,52.000000000,2.000000000,0.071768132,0.000000000,0.000000000
QV-C02-019-A0027,QV-C02-019,DS00,quebrada_verde,CAMPAIGN_02,52.000000000,54.000000000,2.000000000,0.072627935,0.000000000,0.000000000
QV-C02-019-A0028,QV-C02-019,DS00,quebrada_verde,CAMPAIGN_02,54.000000000,56.000000000,2.000000000,0.072898600,0.000000000,0.000000000
QV-C02-019-A0029,QV-C02-019,DS00,quebrada_verde,CAMPAIGN_02,56.000000000,58.000000000,2.000000000,0.077407928,0.000000000,0.000000000
QV-C02-019-A0030,QV-C02-019,DS00,quebrada_verde,CAMPAIGN_02,58.000000000,60.000000000,2.000000000,0.086332059,0.000000000,0.000000000
QV-C02-019-A0031,QV-C02-019,DS00,quebrada_verde,CAMPAIGN_02,60.000000000,62.000000000,2.000000000,0.079958986,0.000000000,0.000000000
QV-C02-019-A0032,QV-C02-019,DS00,quebrada_verde,CAMPAIGN_02,62.000000000,64.000000000,2.000000000,0.092400634,0.000000000,0.000000000
QV-C02-019-A0033,QV-C02-019,DS00,quebrada_verde,CAMPAIGN_02,64.000000000,66.000000000,2.000000000,0.086162153,0.000000000,0.000000000
QV-C02-019-A0034,QV-C02-019,DS00,quebrada_verde,CAMPAIGN_02,66.000000000,68.000000000,2.000000000,0.088122604,0.000000000,0.000000000
QV-C02-019-A0035,QV-C02-019,DS00,quebrada_verde,CAMPAIGN_02,68.000000000,70.000000000,2.000000000,0.093340687,0.000000000,0.000000000
QV-C02-019-A0036,QV-C02-019,DS00,quebrada_verde,CAMPAIGN_02,70.000000000,72.000000000,2.000000000,0.087653424,0.000000000,0.000000000
QV-C02-019-A0037,QV-C02-019,DS00,quebrada_verde,CAMPAIGN_02,72.000000000,74.000000000,2.000000000,0.090770659,0.000000000,0.000000000
QV-C02-019-A0038,QV-C02-019,DS00,quebrada_verde,CAMPAIGN_02,74.000000000,76.000000000,2.000000000,0.101687051,0.000000000,0.000000000
QV-C02-019-A0039,QV-C02-019,DS00,quebrada_verde,CAMPAIGN_02,76.000000000,78.000000000,2.000000000,0.089199229,0.000000000,0.000000000
QV-C02-019-A0040,QV-C02-019,DS00,quebrada_verde,CAMPAIGN_02,78.000000000,80.000000000,2.000000000,0.098949801,0.000000000,0.000000000
QV-C02-019-A0041,QV-C02-019,DS00,quebrada_verde,CAMPAIGN_02,80.000000000,82.000000000,2.000000000,0.105376954,0.000000000,0.000000000
QV-C02-019-A0042,QV-C02-019,DS00,quebrada_verde,CAMPAIGN_02,82.000000000,84.000000000,2.000000000,0.104208015,0.000000000,0.000000000
QV-C02-019-A0043,QV-C02-019,DS00,quebrada_verde,CAMPAIGN_02,84.000000000,86.000000000,2.000000000,0.099902298,0.000000000,0.000000000
QV-C02-019-A0044,QV-C02-019,DS00,quebrada_verde,CAMPAIGN_02,86.000000000,88.000000000,2.000000000,0.124547980,0.000000000,0.000000000
QV-C02-019-A0045,QV-C02-019,DS00,quebrada_verde,CAMPAIGN_02,88.000000000,90.000000000,2.000000000,0.114763374,0.000000000,0.000000000
QV-C02-019-A0046,QV-C02-019,DS00,quebrada_verde,CAMPAIGN_02,90.000000000,92.000000000,2.000000000,0.105554937,0.000000000,0.000000000
QV-C02-019-A0047,QV-C02-019,DS00,quebrada_verde,CAMPAIGN_02,92.000000000,94.000000000,2.000000000,0.114287749,0.000000000,0.000000000
QV-C02-019-A0048,QV-C02-019,DS00,quebrada_verde,CAMPAIGN_02,94.000000000,96.000000000,2.000000000,0.125557679,0.000000000,0.000000000
QV-C02-019-A0049,QV-C02-019,DS00,quebrada_verde,CAMPAIGN_02,96.000000000,98.000000000,2.000000000,0.129532522,0.000000000,0.000000000
QV-C02-019-A0050,QV-C02-019,DS00,quebrada_verde,CAMPAIGN_02,98.000000000,100.000000000,2.000000000,0.121962894,0.000000000,0.000000000
QV-C02-019-A0051,QV-C02-019,DS00,quebrada_verde,CAMPAIGN_02,100.000000000,102.000000000,2.000000000,0.139122106,0.000000000,0.000000000
QV-C02-019-A0052,QV-C02-019,DS00,quebrada_verde,CAMPAIGN_02,102.000000000,104.000000000,2.000000000,0.122494267,0.000000000,0.000000000
QV-C02-019-A0053,QV-C02-019,DS00,quebrada_verde,CAMPAIGN_02,104.000000000,106.000000000,2.000000000,0.143141826,0.000000000,0.000000000
QV-C02-019-A0054,QV-C02-019,DS00,quebrada_verde,CAMPAIGN_02,106.000000000,108.000000000,2.000000000,0.138945034,0.000000000,0.000000000
QV-C02-019-A0055,QV-C02-019,DS00,quebrada_verde,CAMPAIGN_02,108.000000000,110.000000000,2.000000000,0.138702879,0.000000000,0.000000000
QV-C02-019-A0056,QV-C02-019,DS00,quebrada_verde,CAMPAIGN_02,110.000000000,112.000000000,2.000000000,0.139125520,0.000000000,0.000000000
QV-C02-019-A0057,QV-C02-019,DS00,quebrada_verde,CAMPAIGN_02,112.000000000,114.000000000,2.000000000,0.154522073,0.000000000,0.000000000
QV-C02-019-A0058,QV-C02-019,DS00,quebrada_verde,CAMPAIGN_02,114.000000000,116.000000000,2.000000000,0.158178341,0.000000000,0.000000000
QV-C02-019-A0059,QV-C02-019,DS00,quebrada_verde,CAMPAIGN_02,116.000000000,118.000000000,2.000000000,0.156340422,0.000000000,0.000000000
QV-C02-019-A0060,QV-C02-019,DS00,quebrada_verde,CAMPAIGN_02,118.000000000,120.000000000,2.000000000,0.155725519,0.000000000,0.000000000
QV-C02-019-A0061,QV-C02-019,DS00,quebrada_verde,CAMPAIGN_02,120.000000000,122.000000000,2.000000000,0.152928664,0.000000000,0.000000000
QV-C02-019-A0062,QV-C02-019,DS00,quebrada_verde,CAMPAIGN_02,122.000000000,124.000000000,2.000000000,0.179469234,0.000000000,0.000000000
QV-C02-019-A0063,QV-C02-019,DS00,quebrada_verde,CAMPAIGN_02,124.000000000,126.000000000,2.000000000,0.177304331,0.000000000,0.000000000
QV-C02-019-A0064,QV-C02-019,DS00,quebrada_verde,CAMPAIGN_02,126.000000000,128.000000000,2.000000000,0.182069396,0.000000000,0.000000000
QV-C02-019-A0065,QV-C02-019,DS00,quebrada_verde,CAMPAIGN_02,128.000000000,130.000000000,2.000000000,0.184786531,0.000000000,0.000000000
QV-C02-019-A0066,QV-C02-019,DS00,quebrada_verde,CAMPAIGN_02,130.000000000,132.000000000,2.000000000,0.177290871,0.000000000,0.000000000
QV-C02-019-A0067,QV-C02-019,DS00,quebrada_verde,CAMPAIGN_02,132.000000000,134.000000000,2.000000000,0.194736021,0.000000000,0.000000000
QV-C02-019-A0068,QV-C02-019,DS00,quebrada_verde,CAMPAIGN_02,134.000000000,136.000000000,2.000000000,0.188084833,0.000000000,0.000000000
QV-C02-019-A0069,QV-C02-019,DS00,quebrada_verde,CAMPAIGN_02,136.000000000,138.000000000,2.000000000,0.204393468,0.000000000,0.000000000
QV-C02-019-A0070,QV-C02-019,DS00,quebrada_verde,CAMPAIGN_02,138.000000000,140.000000000,2.000000000,0.180687671,0.000000000,0.000000000
QV-C02-019-A0071,QV-C02-019,DS00,quebrada_verde,CAMPAIGN_02,140.000000000,142.000000000,2.000000000,0.188483384,0.000000000,0.000000000
QV-C02-019-A0072,QV-C02-019,DS00,quebrada_verde,CAMPAIGN_02,142.000000000,144.000000000,2.000000000,0.214580866,0.000000000,0.000000000
QV-C02-019-A0073,QV-C02-019,DS00,quebrada_verde,CAMPAIGN_02,144.000000000,146.000000000,2.000000000,0.203774019,0.000000000,0.000000000
QV-C02-019-A0074,QV-C02-019,DS00,quebrada_verde,CAMPAIGN_02,146.000000000,148.000000000,2.000000000,0.224558493,0.000000000,0.000000000
QV-C02-019-A0075,QV-C02-019,DS00,quebrada_verde,CAMPAIGN_02,148.000000000,150.000000000,2.000000000,0.213916185,0.000000000,0.000000000
QV-C02-019-A0076,QV-C02-019,DS00,quebrada_verde,CAMPAIGN_02,150.000000000,152.000000000,2.000000000,0.217880619,0.000000000,0.000000000
QV-C02-019-A0077,QV-C02-019,DS00,quebrada_verde,CAMPAIGN_02,152.000000000,154.000000000,2.000000000,0.208350067,0.000000000,0.000000000
QV-C02-019-A0078,QV-C02-019,DS00,quebrada_verde,CAMPAIGN_02,154.000000000,156.000000000,2.000000000,0.219637294,0.000000000,0.000000000
QV-C02-019-A0079,QV-C02-019,DS00,quebrada_verde,CAMPAIGN_02,156.000000000,158.000000000,2.000000000,0.236820209,0.000000000,0.000000000
QV-C02-019-A0080,QV-C02-019,DS00,quebrada_verde,CAMPAIGN_02,158.000000000,160.000000000,2.000000000,0.228512621,0.000000000,0.000000000
QV-C02-019-A0081,QV-C02-019,DS00,quebrada_verde,CAMPAIGN_02,160.000000000,162.000000000,2.000000000,0.240963909,0.000000000,0.000000000
QV-C02-019-A0082,QV-C02-019,DS00,quebrada_verde,CAMPAIGN_02,162.000000000,164.000000000,2.000000000,0.220446610,0.000000000,0.000000000
QV-C02-019-A0083,QV-C02-019,DS00,quebrada_verde,CAMPAIGN_02,164.000000000,166.000000000,2.000000000,0.254275181,0.000000000,0.000000000
QV-C02-019-A0084,QV-C02-019,DS00,quebrada_verde,CAMPAIGN_02,166.000000000,168.000000000,2.000000000,0.234302828,0.000000000,0.000000000
QV-C02-019-A0085,QV-C02-019,DS00,quebrada_verde,CAMPAIGN_02,168.000000000,170.000000000,2.000000000,0.254225637,0.000000000,0.000000000
QV-C02-019-A0086,QV-C02-019,DS00,quebrada_verde,CAMPAIGN_02,170.000000000,172.000000000,2.000000000,0.266040153,0.000000000,0.000000000
QV-C02-019-A0087,QV-C02-019,DS00,quebrada_verde,CAMPAIGN_02,172.000000000,174.000000000,2.000000000,0.256798354,0.000000000,0.000000000
QV-C02-019-A0088,QV-C02-019,DS00,quebrada_verde,CAMPAIGN_02,174.000000000,176.000000000,2.000000000,0.260075990,0.000000000,0.000000000
QV-C02-019-A0089,QV-C02-019,DS00,quebrada_verde,CAMPAIGN_02,176.000000000,178.000000000,2.000000000,0.248721709,0.000000000,0.000000000
QV-C02-019-A0090,QV-C02-019,DS00,quebrada_verde,CAMPAIGN_02,178.000000000,180.000000000,2.000000000,0.272634609,0.000000000,0.000000000
QV-C02-019-A0091,QV-C02-019,DS00,quebrada_verde,CAMPAIGN_02,180.000000000,182.000000000,2.000000000,0.292485155,0.000000000,0.000000000
QV-C02-019-A0092,QV-C02-019,DS00,quebrada_verde,CAMPAIGN_02,182.000000000,184.000000000,2.000000000,0.284845236,0.000000000,0.000000000
QV-C02-019-A0093,QV-C02-019,DS00,quebrada_verde,CAMPAIGN_02,184.000000000,186.000000000,2.000000000,0.301181216,0.000000000,0.000000000
QV-C02-019-A0094,QV-C02-019,DS00,quebrada_verde,CAMPAIGN_02,186.000000000,188.000000000,2.000000000,0.305556740,0.000000000,0.000000000
QV-C02-019-A0095,QV-C02-019,DS00,quebrada_verde,CAMPAIGN_02,188.000000000,190.000000000,2.000000000,0.300921690,0.000000000,0.000000000
QV-C02-019-A0096,QV-C02-019,DS00,quebrada_verde,CAMPAIGN_02,190.000000000,192.000000000,2.000000000,0.291802024,0.000000000,0.000000000
QV-C02-019-A0097,QV-C02-019,DS00,quebrada_verde,CAMPAIGN_02,192.000000000,194.000000000,2.000000000,0.293124197,0.000000000,0.000000000
QV-C02-019-A0098,QV-C02-019,DS00,quebrada_verde,CAMPAIGN_02,194.000000000,196.000000000,2.000000000,0.297167890,0.000000000,0.000000000
QV-C02-019-A0099,QV-C02-019,DS00,quebrada_verde,CAMPAIGN_02,196.000000000,198.000000000,2.000000000,0.312909213,0.000000000,0.000000000
QV-C02-019-A0100,QV-C02-019,DS00,quebrada_verde,CAMPAIGN_02,198.000000000,200.000000000,2.000000000,0.308190712,0.000000000,0.000000000
QV-C02-019-A0101,QV-C02-019,DS00,quebrada_verde,CAMPAIGN_02,200.000000000,202.000000000,2.000000000,0.315532266,0.000000000,0.000000000
QV-C02-019-A0102,QV-C02-019,DS00,quebrada_verde,CAMPAIGN_02,202.000000000,204.000000000,2.000000000,0.315813205,0.000000000,0.000000000
QV-C02-019-A0103,QV-C02-019,DS00,quebrada_verde,CAMPAIGN_02,204.000000000,206.000000000,2.000000000,0.328752744,0.000000000,0.000000000
QV-C02-019-A0104,QV-C02-019,DS00,quebrada_verde,CAMPAIGN_02,206.000000000,208.000000000,2.000000000,0.322989960,0.000000000,0.000000000
QV-C02-019-A0105,QV-C02-019,DS00,quebrada_verde,CAMPAIGN_02,208.000000000,210.000000000,2.000000000,0.318855693,0.000000000,0.000000000
QV-C02-019-A0106,QV-C02-019,DS00,quebrada_verde,CAMPAIGN_02,210.000000000,212.000000000,2.000000000,0.353314125,0.000000000,0.000000000
QV-C02-019-A0107,QV-C02-019,DS00,quebrada_verde,CAMPAIGN_02,212.000000000,214.000000000,2.000000000,0.337865460,0.000000000,0.000000000
QV-C02-019-A0108,QV-C02-019,DS00,quebrada_verde,CAMPAIGN_02,214.000000000,216.000000000,2.000000000,0.333578033,0.000000000,0.000000000
QV-C02-019-A0109,QV-C02-019,DS00,quebrada_verde,CAMPAIGN_02,216.000000000,218.000000000,2.000000000,0.369166638,0.000000000,0.000000000
QV-C02-019-A0110,QV-C02-019,DS00,quebrada_verde,CAMPAIGN_02,218.000000000,220.000000000,2.000000000,0.311796109,0.000000000,0.000000000
QV-C02-019-A0111,QV-C02-019,DS00,quebrada_verde,CAMPAIGN_02,220.000000000,222.000000000,2.000000000,0.320350228,0.000000000,0.000000000
QV-C02-019-A0112,QV-C02-019,DS00,quebrada_verde,CAMPAIGN_02,222.000000000,224.000000000,2.000000000,0.341734820,0.000000000,0.000000000
QV-C02-019-A0113,QV-C02-019,DS00,quebrada_verde,CAMPAIGN_02,224.000000000,226.000000000,2.000000000,0.344724904,0.000000000,0.000000000
QV-C02-019-A0114,QV-C02-019,DS00,quebrada_verde,CAMPAIGN_02,226.000000000,228.000000000,2.000000000,0.359409212,0.000000000,0.000000000
QV-C02-019-A0115,QV-C02-019,DS00,quebrada_verde,CAMPAIGN_02,228.000000000,230.000000000,2.000000000,0.365723706,0.000000000,0.000000000
QV-C02-019-A0116,QV-C02-019,DS00,quebrada_verde,CAMPAIGN_02,230.000000000,232.000000000,2.000000000,0.358857774,0.000000000,0.000000000
QV-C02-019-A0117,QV-C02-019,DS00,quebrada_verde,CAMPAIGN_02,232.000000000,234.000000000,2.000000000,0.363601219,0.000000000,0.000000000
QV-C02-019-A0118,QV-C02-019,DS00,quebrada_verde,CAMPAIGN_02,234.000000000,236.000000000,2.000000000,0.384295193,0.000000000,0.000000000
QV-C02-019-A0119,QV-C02-019,DS00,quebrada_verde,CAMPAIGN_02,236.000000000,238.000000000,2.000000000,0.381343934,0.000000000,0.000000000
QV-C02-019-A0120,QV-C02-019,DS00,quebrada_verde,CAMPAIGN_02,238.000000000,239.643692223,1.643692223,0.364849561,0.000000000,0.000000000
QV-C02-020-A0001,QV-C02-020,DS00,quebrada_verde,CAMPAIGN_02,0.000000000,2.000000000,2.000000000,0.022237388,0.000000000,0.000000000
QV-C02-020-A0002,QV-C02-020,DS00,quebrada_verde,CAMPAIGN_02,2.000000000,4.000000000,2.000000000,0.025757327,0.000000000,0.000000000
QV-C02-020-A0003,QV-C02-020,DS00,quebrada_verde,CAMPAIGN_02,4.000000000,6.000000000,2.000000000,0.021831880,0.000000000,0.000000000
QV-C02-020-A0004,QV-C02-020,DS00,quebrada_verde,CAMPAIGN_02,6.000000000,8.000000000,2.000000000,0.023457849,0.000000000,0.000000000
QV-C02-020-A0005,QV-C02-020,DS00,quebrada_verde,CAMPAIGN_02,8.000000000,10.000000000,2.000000000,0.025114186,0.000000000,0.000000000
QV-C02-020-A0006,QV-C02-020,DS00,quebrada_verde,CAMPAIGN_02,10.000000000,12.000000000,2.000000000,0.025727442,0.000000000,0.000000000
QV-C02-020-A0007,QV-C02-020,DS00,quebrada_verde,CAMPAIGN_02,12.000000000,14.000000000,2.000000000,0.023451538,0.000000000,0.000000000
QV-C02-020-A0008,QV-C02-020,DS00,quebrada_verde,CAMPAIGN_02,14.000000000,16.000000000,2.000000000,0.024493728,0.000000000,0.000000000
QV-C02-020-A0009,QV-C02-020,DS00,quebrada_verde,CAMPAIGN_02,16.000000000,18.000000000,2.000000000,0.023659493,0.000000000,0.000000000
QV-C02-020-A0010,QV-C02-020,DS00,quebrada_verde,CAMPAIGN_02,18.000000000,20.000000000,2.000000000,0.023719767,0.000000000,0.000000000
QV-C02-020-A0011,QV-C02-020,DS00,quebrada_verde,CAMPAIGN_02,20.000000000,22.000000000,2.000000000,0.022535869,0.000000000,0.000000000
QV-C02-020-A0012,QV-C02-020,DS00,quebrada_verde,CAMPAIGN_02,22.000000000,24.000000000,2.000000000,0.022303497,0.000000000,0.000000000
QV-C02-020-A0013,QV-C02-020,DS00,quebrada_verde,CAMPAIGN_02,24.000000000,26.000000000,2.000000000,0.022720832,0.000000000,0.000000000
QV-C02-020-A0014,QV-C02-020,DS00,quebrada_verde,CAMPAIGN_02,26.000000000,28.000000000,2.000000000,0.023971710,0.000000000,0.000000000
QV-C02-020-A0015,QV-C02-020,DS00,quebrada_verde,CAMPAIGN_02,28.000000000,30.000000000,2.000000000,0.026816689,0.000000000,0.000000000
QV-C02-020-A0016,QV-C02-020,DS00,quebrada_verde,CAMPAIGN_02,30.000000000,32.000000000,2.000000000,0.023407584,0.000000000,0.000000000
QV-C02-020-A0017,QV-C02-020,DS00,quebrada_verde,CAMPAIGN_02,32.000000000,34.000000000,2.000000000,0.024863467,0.000000000,0.000000000
QV-C02-020-A0018,QV-C02-020,DS00,quebrada_verde,CAMPAIGN_02,34.000000000,36.000000000,2.000000000,0.025199600,0.000000000,0.000000000
QV-C02-020-A0019,QV-C02-020,DS00,quebrada_verde,CAMPAIGN_02,36.000000000,38.000000000,2.000000000,0.027930044,0.000000000,0.000000000
QV-C02-020-A0020,QV-C02-020,DS00,quebrada_verde,CAMPAIGN_02,38.000000000,40.000000000,2.000000000,0.025911205,0.000000000,0.000000000
QV-C02-020-A0021,QV-C02-020,DS00,quebrada_verde,CAMPAIGN_02,40.000000000,42.000000000,2.000000000,0.027182889,0.000000000,0.000000000
QV-C02-020-A0022,QV-C02-020,DS00,quebrada_verde,CAMPAIGN_02,42.000000000,44.000000000,2.000000000,0.024108480,0.000000000,0.000000000
QV-C02-020-A0023,QV-C02-020,DS00,quebrada_verde,CAMPAIGN_02,44.000000000,46.000000000,2.000000000,0.027489788,0.000000000,0.000000000
QV-C02-020-A0024,QV-C02-020,DS00,quebrada_verde,CAMPAIGN_02,46.000000000,48.000000000,2.000000000,0.027317231,0.000000000,0.000000000
QV-C02-020-A0025,QV-C02-020,DS00,quebrada_verde,CAMPAIGN_02,48.000000000,50.000000000,2.000000000,0.024273886,0.000000000,0.000000000
QV-C02-020-A0026,QV-C02-020,DS00,quebrada_verde,CAMPAIGN_02,50.000000000,52.000000000,2.000000000,0.026096897,0.000000000,0.000000000
QV-C02-020-A0027,QV-C02-020,DS00,quebrada_verde,CAMPAIGN_02,52.000000000,54.000000000,2.000000000,0.027821773,0.000000000,0.000000000
QV-C02-020-A0028,QV-C02-020,DS00,quebrada_verde,CAMPAIGN_02,54.000000000,56.000000000,2.000000000,0.027090698,0.000000000,0.000000000
QV-C02-020-A0029,QV-C02-020,DS00,quebrada_verde,CAMPAIGN_02,56.000000000,58.000000000,2.000000000,0.026831260,0.000000000,0.000000000
QV-C02-020-A0030,QV-C02-020,DS00,quebrada_verde,CAMPAIGN_02,58.000000000,60.000000000,2.000000000,0.028500874,0.000000000,0.000000000
QV-C02-020-A0031,QV-C02-020,DS00,quebrada_verde,CAMPAIGN_02,60.000000000,62.000000000,2.000000000,0.026870915,0.000000000,0.000000000
QV-C02-020-A0032,QV-C02-020,DS00,quebrada_verde,CAMPAIGN_02,62.000000000,64.000000000,2.000000000,0.032563109,0.000000000,0.000000000
QV-C02-020-A0033,QV-C02-020,DS00,quebrada_verde,CAMPAIGN_02,64.000000000,66.000000000,2.000000000,0.031082023,0.000000000,0.000000000
QV-C02-020-A0034,QV-C02-020,DS00,quebrada_verde,CAMPAIGN_02,66.000000000,68.000000000,2.000000000,0.028021734,0.000000000,0.000000000
QV-C02-020-A0035,QV-C02-020,DS00,quebrada_verde,CAMPAIGN_02,68.000000000,70.000000000,2.000000000,0.029988867,0.000000000,0.000000000
QV-C02-020-A0036,QV-C02-020,DS00,quebrada_verde,CAMPAIGN_02,70.000000000,72.000000000,2.000000000,0.029973735,0.000000000,0.000000000
QV-C02-020-A0037,QV-C02-020,DS00,quebrada_verde,CAMPAIGN_02,72.000000000,74.000000000,2.000000000,0.031654248,0.000000000,0.000000000
QV-C02-020-A0038,QV-C02-020,DS00,quebrada_verde,CAMPAIGN_02,74.000000000,76.000000000,2.000000000,0.036386770,0.000000000,0.000000000
QV-C02-020-A0039,QV-C02-020,DS00,quebrada_verde,CAMPAIGN_02,76.000000000,78.000000000,2.000000000,0.030910049,0.000000000,0.000000000
QV-C02-020-A0040,QV-C02-020,DS00,quebrada_verde,CAMPAIGN_02,78.000000000,80.000000000,2.000000000,0.034884706,0.000000000,0.000000000
QV-C02-020-A0041,QV-C02-020,DS00,quebrada_verde,CAMPAIGN_02,80.000000000,82.000000000,2.000000000,0.034219595,0.000000000,0.000000000
QV-C02-020-A0042,QV-C02-020,DS00,quebrada_verde,CAMPAIGN_02,82.000000000,84.000000000,2.000000000,0.035129579,0.000000000,0.000000000
QV-C02-020-A0043,QV-C02-020,DS00,quebrada_verde,CAMPAIGN_02,84.000000000,86.000000000,2.000000000,0.036991214,0.000000000,0.000000000
QV-C02-020-A0044,QV-C02-020,DS00,quebrada_verde,CAMPAIGN_02,86.000000000,88.000000000,2.000000000,0.036663229,0.000000000,0.000000000
QV-C02-020-A0045,QV-C02-020,DS00,quebrada_verde,CAMPAIGN_02,88.000000000,90.000000000,2.000000000,0.035062750,0.000000000,0.000000000
QV-C02-020-A0046,QV-C02-020,DS00,quebrada_verde,CAMPAIGN_02,90.000000000,92.000000000,2.000000000,0.038141524,0.000000000,0.000000000
QV-C02-020-A0047,QV-C02-020,DS00,quebrada_verde,CAMPAIGN_02,92.000000000,94.000000000,2.000000000,0.043384322,0.000000000,0.000000000
QV-C02-020-A0048,QV-C02-020,DS00,quebrada_verde,CAMPAIGN_02,94.000000000,96.000000000,2.000000000,0.041124092,0.000000000,0.000000000
QV-C02-020-A0049,QV-C02-020,DS00,quebrada_verde,CAMPAIGN_02,96.000000000,98.000000000,2.000000000,0.039070220,0.000000000,0.000000000
QV-C02-020-A0050,QV-C02-020,DS00,quebrada_verde,CAMPAIGN_02,98.000000000,100.000000000,2.000000000,0.043561173,0.000000000,0.000000000
QV-C02-020-A0051,QV-C02-020,DS00,quebrada_verde,CAMPAIGN_02,100.000000000,102.000000000,2.000000000,0.043415894,0.000000000,0.000000000
QV-C02-020-A0052,QV-C02-020,DS00,quebrada_verde,CAMPAIGN_02,102.000000000,104.000000000,2.000000000,0.041422673,0.000000000,0.000000000
QV-C02-020-A0053,QV-C02-020,DS00,quebrada_verde,CAMPAIGN_02,104.000000000,106.000000000,2.000000000,0.044515810,0.000000000,0.000000000
QV-C02-020-A0054,QV-C02-020,DS00,quebrada_verde,CAMPAIGN_02,106.000000000,108.000000000,2.000000000,0.047668766,0.000000000,0.000000000
QV-C02-020-A0055,QV-C02-020,DS00,quebrada_verde,CAMPAIGN_02,108.000000000,110.000000000,2.000000000,0.045567938,0.000000000,0.000000000
QV-C02-020-A0056,QV-C02-020,DS00,quebrada_verde,CAMPAIGN_02,110.000000000,112.000000000,2.000000000,0.051056866,0.000000000,0.000000000
QV-C02-020-A0057,QV-C02-020,DS00,quebrada_verde,CAMPAIGN_02,112.000000000,114.000000000,2.000000000,0.047062827,0.000000000,0.000000000
QV-C02-020-A0058,QV-C02-020,DS00,quebrada_verde,CAMPAIGN_02,114.000000000,116.000000000,2.000000000,0.048352284,0.000000000,0.000000000
QV-C02-020-A0059,QV-C02-020,DS00,quebrada_verde,CAMPAIGN_02,116.000000000,118.000000000,2.000000000,0.046687377,0.000000000,0.000000000
QV-C02-020-A0060,QV-C02-020,DS00,quebrada_verde,CAMPAIGN_02,118.000000000,120.000000000,2.000000000,0.050565530,0.000000000,0.000000000
QV-C02-020-A0061,QV-C02-020,DS00,quebrada_verde,CAMPAIGN_02,120.000000000,122.000000000,2.000000000,0.047528076,0.000000000,0.000000000
QV-C02-020-A0062,QV-C02-020,DS00,quebrada_verde,CAMPAIGN_02,122.000000000,124.000000000,2.000000000,0.053653550,0.000000000,0.000000000
QV-C02-020-A0063,QV-C02-020,DS00,quebrada_verde,CAMPAIGN_02,124.000000000,126.000000000,2.000000000,0.056727218,0.000000000,0.000000000
QV-C02-020-A0064,QV-C02-020,DS00,quebrada_verde,CAMPAIGN_02,126.000000000,128.000000000,2.000000000,0.056472001,0.000000000,0.000000000
QV-C02-020-A0065,QV-C02-020,DS00,quebrada_verde,CAMPAIGN_02,128.000000000,130.000000000,2.000000000,0.050367198,0.000000000,0.000000000
QV-C02-020-A0066,QV-C02-020,DS00,quebrada_verde,CAMPAIGN_02,130.000000000,132.000000000,2.000000000,0.058196135,0.000000000,0.000000000
QV-C02-020-A0067,QV-C02-020,DS00,quebrada_verde,CAMPAIGN_02,132.000000000,134.000000000,2.000000000,0.055553831,0.000000000,0.000000000
QV-C02-020-A0068,QV-C02-020,DS00,quebrada_verde,CAMPAIGN_02,134.000000000,136.000000000,2.000000000,0.062651363,0.000000000,0.000000000
QV-C02-020-A0069,QV-C02-020,DS00,quebrada_verde,CAMPAIGN_02,136.000000000,138.000000000,2.000000000,0.060794973,0.000000000,0.000000000
QV-C02-020-A0070,QV-C02-020,DS00,quebrada_verde,CAMPAIGN_02,138.000000000,140.000000000,2.000000000,0.059460249,0.000000000,0.000000000
QV-C02-020-A0071,QV-C02-020,DS00,quebrada_verde,CAMPAIGN_02,140.000000000,142.000000000,2.000000000,0.060074678,0.000000000,0.000000000
QV-C02-020-A0072,QV-C02-020,DS00,quebrada_verde,CAMPAIGN_02,142.000000000,144.000000000,2.000000000,0.060281183,0.000000000,0.000000000
QV-C02-020-A0073,QV-C02-020,DS00,quebrada_verde,CAMPAIGN_02,144.000000000,146.000000000,2.000000000,0.068050085,0.000000000,0.000000000
QV-C02-020-A0074,QV-C02-020,DS00,quebrada_verde,CAMPAIGN_02,146.000000000,148.000000000,2.000000000,0.068234030,0.000000000,0.000000000
QV-C02-020-A0075,QV-C02-020,DS00,quebrada_verde,CAMPAIGN_02,148.000000000,150.000000000,2.000000000,0.067572722,0.000000000,0.000000000
QV-C02-020-A0076,QV-C02-020,DS00,quebrada_verde,CAMPAIGN_02,150.000000000,152.000000000,2.000000000,0.072375594,0.000000000,0.000000000
QV-C02-020-A0077,QV-C02-020,DS00,quebrada_verde,CAMPAIGN_02,152.000000000,154.000000000,2.000000000,0.065812500,0.000000000,0.000000000
QV-C02-020-A0078,QV-C02-020,DS00,quebrada_verde,CAMPAIGN_02,154.000000000,156.000000000,2.000000000,0.072069379,0.000000000,0.000000000
QV-C02-020-A0079,QV-C02-020,DS00,quebrada_verde,CAMPAIGN_02,156.000000000,158.000000000,2.000000000,0.077778164,0.000000000,0.000000000
QV-C02-020-A0080,QV-C02-020,DS00,quebrada_verde,CAMPAIGN_02,158.000000000,160.000000000,2.000000000,0.074502850,0.000000000,0.000000000
QV-C02-020-A0081,QV-C02-020,DS00,quebrada_verde,CAMPAIGN_02,160.000000000,162.000000000,2.000000000,0.078009972,0.000000000,0.000000000
QV-C02-020-A0082,QV-C02-020,DS00,quebrada_verde,CAMPAIGN_02,162.000000000,164.000000000,2.000000000,0.075750426,0.000000000,0.000000000
QV-C02-020-A0083,QV-C02-020,DS00,quebrada_verde,CAMPAIGN_02,164.000000000,166.000000000,2.000000000,0.085205113,0.000000000,0.000000000
QV-C02-020-A0084,QV-C02-020,DS00,quebrada_verde,CAMPAIGN_02,166.000000000,168.000000000,2.000000000,0.083414820,0.000000000,0.000000000
QV-C02-020-A0085,QV-C02-020,DS00,quebrada_verde,CAMPAIGN_02,168.000000000,170.000000000,2.000000000,0.083923178,0.000000000,0.000000000
QV-C02-020-A0086,QV-C02-020,DS00,quebrada_verde,CAMPAIGN_02,170.000000000,172.000000000,2.000000000,0.090102709,0.000000000,0.000000000
QV-C02-020-A0087,QV-C02-020,DS00,quebrada_verde,CAMPAIGN_02,172.000000000,174.000000000,2.000000000,0.091908490,0.000000000,0.000000000
QV-C02-020-A0088,QV-C02-020,DS00,quebrada_verde,CAMPAIGN_02,174.000000000,176.000000000,2.000000000,0.089586028,0.000000000,0.000000000
QV-C02-020-A0089,QV-C02-020,DS00,quebrada_verde,CAMPAIGN_02,176.000000000,178.000000000,2.000000000,0.089422067,0.000000000,0.000000000
QV-C02-020-A0090,QV-C02-020,DS00,quebrada_verde,CAMPAIGN_02,178.000000000,180.000000000,2.000000000,0.091876846,0.000000000,0.000000000
QV-C02-020-A0091,QV-C02-020,DS00,quebrada_verde,CAMPAIGN_02,180.000000000,182.000000000,2.000000000,0.101952850,0.000000000,0.000000000
QV-C02-020-A0092,QV-C02-020,DS00,quebrada_verde,CAMPAIGN_02,182.000000000,184.000000000,2.000000000,0.092736679,0.000000000,0.000000000
QV-C02-020-A0093,QV-C02-020,DS00,quebrada_verde,CAMPAIGN_02,184.000000000,186.000000000,2.000000000,0.098726517,0.000000000,0.000000000
QV-C02-020-A0094,QV-C02-020,DS00,quebrada_verde,CAMPAIGN_02,186.000000000,188.000000000,2.000000000,0.099895223,0.000000000,0.000000000
QV-C02-020-A0095,QV-C02-020,DS00,quebrada_verde,CAMPAIGN_02,188.000000000,190.000000000,2.000000000,0.105516627,0.000000000,0.000000000
QV-C02-020-A0096,QV-C02-020,DS00,quebrada_verde,CAMPAIGN_02,190.000000000,192.000000000,2.000000000,0.108177552,0.000000000,0.000000000
QV-C02-020-A0097,QV-C02-020,DS00,quebrada_verde,CAMPAIGN_02,192.000000000,194.000000000,2.000000000,0.105392259,0.000000000,0.000000000
QV-C02-020-A0098,QV-C02-020,DS00,quebrada_verde,CAMPAIGN_02,194.000000000,196.000000000,2.000000000,0.115466562,0.000000000,0.000000000
QV-C02-020-A0099,QV-C02-020,DS00,quebrada_verde,CAMPAIGN_02,196.000000000,198.000000000,2.000000000,0.113817896,0.000000000,0.000000000
QV-C02-020-A0100,QV-C02-020,DS00,quebrada_verde,CAMPAIGN_02,198.000000000,200.000000000,2.000000000,0.107780960,0.000000000,0.000000000
QV-C02-020-A0101,QV-C02-020,DS00,quebrada_verde,CAMPAIGN_02,200.000000000,202.000000000,2.000000000,0.119562911,0.000000000,0.000000000
QV-C02-020-A0102,QV-C02-020,DS00,quebrada_verde,CAMPAIGN_02,202.000000000,204.000000000,2.000000000,0.118037720,0.000000000,0.000000000
QV-C02-020-A0103,QV-C02-020,DS00,quebrada_verde,CAMPAIGN_02,204.000000000,206.000000000,2.000000000,0.131504393,0.000000000,0.000000000
QV-C02-020-A0104,QV-C02-020,DS00,quebrada_verde,CAMPAIGN_02,206.000000000,208.000000000,2.000000000,0.125884536,0.000000000,0.000000000
QV-C02-020-A0105,QV-C02-020,DS00,quebrada_verde,CAMPAIGN_02,208.000000000,210.000000000,2.000000000,0.132438652,0.000000000,0.000000000
QV-C02-020-A0106,QV-C02-020,DS00,quebrada_verde,CAMPAIGN_02,210.000000000,212.000000000,2.000000000,0.122120682,0.000000000,0.000000000
QV-C02-020-A0107,QV-C02-020,DS00,quebrada_verde,CAMPAIGN_02,212.000000000,214.000000000,2.000000000,0.130059770,0.000000000,0.000000000
QV-C02-020-A0108,QV-C02-020,DS00,quebrada_verde,CAMPAIGN_02,214.000000000,216.000000000,2.000000000,0.140395951,0.000000000,0.000000000
QV-C02-020-A0109,QV-C02-020,DS00,quebrada_verde,CAMPAIGN_02,216.000000000,218.000000000,2.000000000,0.135977223,0.000000000,0.000000000
QV-C02-020-A0110,QV-C02-020,DS00,quebrada_verde,CAMPAIGN_02,218.000000000,220.000000000,2.000000000,0.151412871,0.000000000,0.000000000
QV-C02-020-A0111,QV-C02-020,DS00,quebrada_verde,CAMPAIGN_02,220.000000000,222.000000000,2.000000000,0.142416481,0.000000000,0.000000000
QV-C02-020-A0112,QV-C02-020,DS00,quebrada_verde,CAMPAIGN_02,222.000000000,224.000000000,2.000000000,0.134980744,0.000000000,0.000000000
QV-C02-020-A0113,QV-C02-020,DS00,quebrada_verde,CAMPAIGN_02,224.000000000,226.000000000,2.000000000,0.149399966,0.000000000,0.000000000
QV-C02-020-A0114,QV-C02-020,DS00,quebrada_verde,CAMPAIGN_02,226.000000000,228.000000000,2.000000000,0.155770671,0.000000000,0.000000000
QV-C02-020-A0115,QV-C02-020,DS00,quebrada_verde,CAMPAIGN_02,228.000000000,230.000000000,2.000000000,0.153109897,0.000000000,0.000000000
QV-C02-020-A0116,QV-C02-020,DS00,quebrada_verde,CAMPAIGN_02,230.000000000,232.000000000,2.000000000,0.163370246,0.000000000,0.000000000
QV-C02-020-A0117,QV-C02-020,DS00,quebrada_verde,CAMPAIGN_02,232.000000000,234.000000000,2.000000000,0.165419247,0.000000000,0.000000000
QV-C02-020-A0118,QV-C02-020,DS00,quebrada_verde,CAMPAIGN_02,234.000000000,236.000000000,2.000000000,0.151210316,0.000000000,0.000000000
QV-C02-020-A0119,QV-C02-020,DS00,quebrada_verde,CAMPAIGN_02,236.000000000,238.000000000,2.000000000,0.173775312,0.000000000,0.000000000
QV-C02-020-A0120,QV-C02-020,DS00,quebrada_verde,CAMPAIGN_02,238.000000000,240.000000000,2.000000000,0.168869634,0.000000000,0.000000000
QV-C02-020-A0121,QV-C02-020,DS00,quebrada_verde,CAMPAIGN_02,240.000000000,242.000000000,2.000000000,0.158796217,0.000000000,0.000000000
QV-C02-020-A0122,QV-C02-020,DS00,quebrada_verde,CAMPAIGN_02,242.000000000,244.000000000,2.000000000,0.168886502,0.000000000,0.000000000
QV-C02-020-A0123,QV-C02-020,DS00,quebrada_verde,CAMPAIGN_02,244.000000000,246.000000000,2.000000000,0.167459059,0.000000000,0.000000000
QV-C02-020-A0124,QV-C02-020,DS00,quebrada_verde,CAMPAIGN_02,246.000000000,248.000000000,2.000000000,0.164964300,0.000000000,0.000000000
QV-C02-020-A0125,QV-C02-020,DS00,quebrada_verde,CAMPAIGN_02,248.000000000,250.000000000,2.000000000,0.186013833,0.000000000,0.000000000
QV-C02-020-A0126,QV-C02-020,DS00,quebrada_verde,CAMPAIGN_02,250.000000000,252.000000000,2.000000000,0.169127639,0.000000000,0.000000000
QV-C02-020-A0127,QV-C02-020,DS00,quebrada_verde,CAMPAIGN_02,252.000000000,254.000000000,2.000000000,0.183032873,0.000000000,0.000000000
QV-C02-020-A0128,QV-C02-020,DS00,quebrada_verde,CAMPAIGN_02,254.000000000,256.000000000,2.000000000,0.181140324,0.000000000,0.000000000
QV-C02-020-A0129,QV-C02-020,DS00,quebrada_verde,CAMPAIGN_02,256.000000000,258.000000000,2.000000000,0.190093043,0.000000000,0.000000000
QV-C02-020-A0130,QV-C02-020,DS00,quebrada_verde,CAMPAIGN_02,258.000000000,260.000000000,2.000000000,0.182783330,0.000000000,0.000000000
QV-C02-020-A0131,QV-C02-020,DS00,quebrada_verde,CAMPAIGN_02,260.000000000,262.000000000,2.000000000,0.187527015,0.000000000,0.000000000
QV-C02-020-A0132,QV-C02-020,DS00,quebrada_verde,CAMPAIGN_02,262.000000000,264.000000000,2.000000000,0.180931551,0.000000000,0.000000000
QV-C02-020-A0133,QV-C02-020,DS00,quebrada_verde,CAMPAIGN_02,264.000000000,266.000000000,2.000000000,0.204555251,0.000000000,0.000000000
QV-C02-020-A0134,QV-C02-020,DS00,quebrada_verde,CAMPAIGN_02,266.000000000,268.000000000,2.000000000,0.194835807,0.000000000,0.000000000
QV-C02-020-A0135,QV-C02-020,DS00,quebrada_verde,CAMPAIGN_02,268.000000000,270.000000000,2.000000000,0.207523329,0.000000000,0.000000000
QV-C02-020-A0136,QV-C02-020,DS00,quebrada_verde,CAMPAIGN_02,270.000000000,272.000000000,2.000000000,0.189093653,0.000000000,0.000000000
QV-C02-020-A0137,QV-C02-020,DS00,quebrada_verde,CAMPAIGN_02,272.000000000,274.000000000,2.000000000,0.203499100,0.000000000,0.000000000
QV-C02-020-A0138,QV-C02-020,DS00,quebrada_verde,CAMPAIGN_02,274.000000000,276.000000000,2.000000000,0.198193101,0.000000000,0.000000000
QV-C02-020-A0139,QV-C02-020,DS00,quebrada_verde,CAMPAIGN_02,276.000000000,278.000000000,2.000000000,0.229240240,0.000000000,0.000000000
QV-C02-020-A0140,QV-C02-020,DS00,quebrada_verde,CAMPAIGN_02,278.000000000,280.000000000,2.000000000,0.192977216,0.000000000,0.000000000
QV-C02-020-A0141,QV-C02-020,DS00,quebrada_verde,CAMPAIGN_02,280.000000000,282.000000000,2.000000000,0.234601501,0.000000000,0.000000000
QV-C02-020-A0142,QV-C02-020,DS00,quebrada_verde,CAMPAIGN_02,282.000000000,284.000000000,2.000000000,0.206114920,0.000000000,0.000000000
QV-C02-020-A0143,QV-C02-020,DS00,quebrada_verde,CAMPAIGN_02,284.000000000,286.000000000,2.000000000,0.216681180,0.000000000,0.000000000
QV-C02-020-A0144,QV-C02-020,DS00,quebrada_verde,CAMPAIGN_02,286.000000000,288.000000000,2.000000000,0.230065162,0.000000000,0.000000000
QV-C02-020-A0145,QV-C02-020,DS00,quebrada_verde,CAMPAIGN_02,288.000000000,290.000000000,2.000000000,0.231457477,0.000000000,0.000000000
QV-C02-020-A0146,QV-C02-020,DS00,quebrada_verde,CAMPAIGN_02,290.000000000,292.000000000,2.000000000,0.224558992,0.000000000,0.000000000
QV-C02-020-A0147,QV-C02-020,DS00,quebrada_verde,CAMPAIGN_02,292.000000000,294.000000000,2.000000000,0.228045745,0.000000000,0.000000000
QV-C02-020-A0148,QV-C02-020,DS00,quebrada_verde,CAMPAIGN_02,294.000000000,296.000000000,2.000000000,0.215697912,0.000000000,0.000000000
QV-C02-020-A0149,QV-C02-020,DS00,quebrada_verde,CAMPAIGN_02,296.000000000,298.000000000,2.000000000,0.229057650,0.000000000,0.000000000
QV-C02-020-A0150,QV-C02-020,DS00,quebrada_verde,CAMPAIGN_02,298.000000000,300.000000000,2.000000000,0.225087896,0.000000000,0.000000000
QV-C02-020-A0151,QV-C02-020,DS00,quebrada_verde,CAMPAIGN_02,300.000000000,301.669803512,1.669803512,0.249984058,0.000000000,0.000000000
QV-C03-001-A0001,QV-C03-001,DS00,quebrada_verde,CAMPAIGN_03,0.000000000,2.000000000,2.000000000,0.206731154,0.000000000,0.000000000
QV-C03-001-A0002,QV-C03-001,DS00,quebrada_verde,CAMPAIGN_03,2.000000000,4.000000000,2.000000000,0.216901591,0.000000000,0.000000000
QV-C03-001-A0003,QV-C03-001,DS00,quebrada_verde,CAMPAIGN_03,4.000000000,6.000000000,2.000000000,0.232219487,0.000000000,0.000000000
QV-C03-001-A0004,QV-C03-001,DS00,quebrada_verde,CAMPAIGN_03,6.000000000,8.000000000,2.000000000,0.233915660,0.000000000,0.000000000
QV-C03-001-A0005,QV-C03-001,DS00,quebrada_verde,CAMPAIGN_03,8.000000000,10.000000000,2.000000000,0.251370438,0.000000000,0.000000000
QV-C03-001-A0006,QV-C03-001,DS00,quebrada_verde,CAMPAIGN_03,10.000000000,12.000000000,2.000000000,0.252300328,0.000000000,0.000000000
QV-C03-001-A0007,QV-C03-001,DS00,quebrada_verde,CAMPAIGN_03,12.000000000,14.000000000,2.000000000,0.238201217,0.000000000,0.000000000
QV-C03-001-A0008,QV-C03-001,DS00,quebrada_verde,CAMPAIGN_03,14.000000000,16.000000000,2.000000000,0.265239229,0.000000000,0.000000000
QV-C03-001-A0009,QV-C03-001,DS00,quebrada_verde,CAMPAIGN_03,16.000000000,18.000000000,2.000000000,0.252254614,0.000000000,0.000000000
QV-C03-001-A0010,QV-C03-001,DS00,quebrada_verde,CAMPAIGN_03,18.000000000,20.000000000,2.000000000,0.274649190,0.000000000,0.000000000
QV-C03-001-A0011,QV-C03-001,DS00,quebrada_verde,CAMPAIGN_03,20.000000000,22.000000000,2.000000000,0.274881649,0.000000000,0.000000000
QV-C03-001-A0012,QV-C03-001,DS00,quebrada_verde,CAMPAIGN_03,22.000000000,24.000000000,2.000000000,0.295276375,0.000000000,0.000000000
QV-C03-001-A0013,QV-C03-001,DS00,quebrada_verde,CAMPAIGN_03,24.000000000,26.000000000,2.000000000,0.277901173,0.000000000,0.000000000
QV-C03-001-A0014,QV-C03-001,DS00,quebrada_verde,CAMPAIGN_03,26.000000000,28.000000000,2.000000000,0.313424952,0.000000000,0.000000000
QV-C03-001-A0015,QV-C03-001,DS00,quebrada_verde,CAMPAIGN_03,28.000000000,30.000000000,2.000000000,0.316228529,0.000000000,0.000000000
QV-C03-001-A0016,QV-C03-001,DS00,quebrada_verde,CAMPAIGN_03,30.000000000,32.000000000,2.000000000,0.293669209,0.000000000,0.000000000
QV-C03-001-A0017,QV-C03-001,DS00,quebrada_verde,CAMPAIGN_03,32.000000000,34.000000000,2.000000000,0.307630991,0.000000000,0.000000000
QV-C03-001-A0018,QV-C03-001,DS00,quebrada_verde,CAMPAIGN_03,34.000000000,36.000000000,2.000000000,0.327510874,0.000000000,0.000000000
QV-C03-001-A0019,QV-C03-001,DS00,quebrada_verde,CAMPAIGN_03,36.000000000,38.000000000,2.000000000,0.359383103,0.000000000,0.000000000
QV-C03-001-A0020,QV-C03-001,DS00,quebrada_verde,CAMPAIGN_03,38.000000000,40.000000000,2.000000000,0.319847667,0.000000000,0.000000000
QV-C03-001-A0021,QV-C03-001,DS00,quebrada_verde,CAMPAIGN_03,40.000000000,42.000000000,2.000000000,0.369079106,0.000000000,0.000000000
QV-C03-001-A0022,QV-C03-001,DS00,quebrada_verde,CAMPAIGN_03,42.000000000,44.000000000,2.000000000,0.358469341,0.000000000,0.000000000
QV-C03-001-A0023,QV-C03-001,DS00,quebrada_verde,CAMPAIGN_03,44.000000000,46.000000000,2.000000000,0.345208682,0.000000000,0.000000000
QV-C03-001-A0024,QV-C03-001,DS00,quebrada_verde,CAMPAIGN_03,46.000000000,48.000000000,2.000000000,0.372635715,0.000000000,0.000000000
QV-C03-001-A0025,QV-C03-001,DS00,quebrada_verde,CAMPAIGN_03,48.000000000,50.000000000,2.000000000,0.380391727,0.000000000,0.000000000
QV-C03-001-A0026,QV-C03-001,DS00,quebrada_verde,CAMPAIGN_03,50.000000000,52.000000000,2.000000000,0.377789695,0.000000000,0.000000000
QV-C03-001-A0027,QV-C03-001,DS00,quebrada_verde,CAMPAIGN_03,52.000000000,54.000000000,2.000000000,0.375430450,0.000000000,0.000000000
QV-C03-001-A0028,QV-C03-001,DS00,quebrada_verde,CAMPAIGN_03,54.000000000,56.000000000,2.000000000,0.405875057,0.000000000,0.000000000
QV-C03-001-A0029,QV-C03-001,DS00,quebrada_verde,CAMPAIGN_03,56.000000000,58.000000000,2.000000000,0.435435589,0.000000000,0.000000000
QV-C03-001-A0030,QV-C03-001,DS00,quebrada_verde,CAMPAIGN_03,58.000000000,60.000000000,2.000000000,0.435865104,0.000000000,0.000000000
QV-C03-001-A0031,QV-C03-001,DS00,quebrada_verde,CAMPAIGN_03,60.000000000,62.000000000,2.000000000,0.420927778,0.000000000,0.000000000
QV-C03-001-A0032,QV-C03-001,DS00,quebrada_verde,CAMPAIGN_03,62.000000000,64.000000000,2.000000000,0.421706987,0.000000000,0.000000000
QV-C03-001-A0033,QV-C03-001,DS00,quebrada_verde,CAMPAIGN_03,64.000000000,66.000000000,2.000000000,0.450256036,0.000000000,0.000000000
QV-C03-001-A0034,QV-C03-001,DS00,quebrada_verde,CAMPAIGN_03,66.000000000,68.000000000,2.000000000,0.466213439,0.000000000,0.000000000
QV-C03-001-A0035,QV-C03-001,DS00,quebrada_verde,CAMPAIGN_03,68.000000000,70.000000000,2.000000000,0.466586984,0.000000000,0.000000000
QV-C03-001-A0036,QV-C03-001,DS00,quebrada_verde,CAMPAIGN_03,70.000000000,72.000000000,2.000000000,0.453627382,0.000000000,0.000000000
QV-C03-001-A0037,QV-C03-001,DS00,quebrada_verde,CAMPAIGN_03,72.000000000,74.000000000,2.000000000,0.520968049,0.000000000,0.000000000
QV-C03-001-A0038,QV-C03-001,DS00,quebrada_verde,CAMPAIGN_03,74.000000000,76.000000000,2.000000000,0.487474197,0.000000000,0.000000000
QV-C03-001-A0039,QV-C03-001,DS00,quebrada_verde,CAMPAIGN_03,76.000000000,78.000000000,2.000000000,0.490958703,0.000000000,0.000000000
QV-C03-001-A0040,QV-C03-001,DS00,quebrada_verde,CAMPAIGN_03,78.000000000,80.000000000,2.000000000,0.510409540,0.000000000,0.000000000
QV-C03-001-A0041,QV-C03-001,DS00,quebrada_verde,CAMPAIGN_03,80.000000000,82.000000000,2.000000000,0.552247132,0.000000000,0.000000000
QV-C03-001-A0042,QV-C03-001,DS00,quebrada_verde,CAMPAIGN_03,82.000000000,84.000000000,2.000000000,0.545495630,0.000000000,0.000000000
QV-C03-001-A0043,QV-C03-001,DS00,quebrada_verde,CAMPAIGN_03,84.000000000,86.000000000,2.000000000,0.564233455,0.000000000,0.000000000
QV-C03-001-A0044,QV-C03-001,DS00,quebrada_verde,CAMPAIGN_03,86.000000000,88.000000000,2.000000000,0.579855762,0.000000000,0.000000000
QV-C03-001-A0045,QV-C03-001,DS00,quebrada_verde,CAMPAIGN_03,88.000000000,90.000000000,2.000000000,0.557750582,0.000000000,0.000000000
QV-C03-001-A0046,QV-C03-001,DS00,quebrada_verde,CAMPAIGN_03,90.000000000,92.000000000,2.000000000,0.576683010,0.000000000,0.000000000
QV-C03-001-A0047,QV-C03-001,DS00,quebrada_verde,CAMPAIGN_03,92.000000000,94.000000000,2.000000000,0.609581335,0.000000000,0.000000000
QV-C03-001-A0048,QV-C03-001,DS00,quebrada_verde,CAMPAIGN_03,94.000000000,96.000000000,2.000000000,0.562447954,0.000000000,0.000000000
QV-C03-001-A0049,QV-C03-001,DS00,quebrada_verde,CAMPAIGN_03,96.000000000,98.000000000,2.000000000,0.649612796,0.000000000,0.000000000
QV-C03-001-A0050,QV-C03-001,DS00,quebrada_verde,CAMPAIGN_03,98.000000000,100.000000000,2.000000000,0.634090863,0.000000000,0.000000000
QV-C03-001-A0051,QV-C03-001,DS00,quebrada_verde,CAMPAIGN_03,100.000000000,102.000000000,2.000000000,0.623863118,0.000000000,0.000000000
QV-C03-001-A0052,QV-C03-001,DS00,quebrada_verde,CAMPAIGN_03,102.000000000,104.000000000,2.000000000,0.615452267,0.000000000,0.000000000
QV-C03-001-A0053,QV-C03-001,DS00,quebrada_verde,CAMPAIGN_03,104.000000000,106.000000000,2.000000000,0.612074221,0.000000000,0.000000000
QV-C03-001-A0054,QV-C03-001,DS00,quebrada_verde,CAMPAIGN_03,106.000000000,108.000000000,2.000000000,0.611643479,0.000000000,0.000000000
QV-C03-001-A0055,QV-C03-001,DS00,quebrada_verde,CAMPAIGN_03,108.000000000,110.000000000,2.000000000,0.671588886,0.000000000,0.000000000
QV-C03-001-A0056,QV-C03-001,DS00,quebrada_verde,CAMPAIGN_03,110.000000000,112.000000000,2.000000000,0.680000574,0.000000000,0.000000000
QV-C03-001-A0057,QV-C03-001,DS00,quebrada_verde,CAMPAIGN_03,112.000000000,114.000000000,2.000000000,0.706896644,0.000000000,0.000000000
QV-C03-001-A0058,QV-C03-001,DS00,quebrada_verde,CAMPAIGN_03,114.000000000,116.000000000,2.000000000,0.703091378,0.000000000,0.000000000
QV-C03-001-A0059,QV-C03-001,DS00,quebrada_verde,CAMPAIGN_03,116.000000000,118.000000000,2.000000000,0.667529012,0.000000000,0.000000000
QV-C03-001-A0060,QV-C03-001,DS00,quebrada_verde,CAMPAIGN_03,118.000000000,120.000000000,2.000000000,0.737774714,0.000000000,0.000000000
QV-C03-001-A0061,QV-C03-001,DS00,quebrada_verde,CAMPAIGN_03,120.000000000,122.000000000,2.000000000,0.713386882,0.000000000,0.000000000
QV-C03-001-A0062,QV-C03-001,DS00,quebrada_verde,CAMPAIGN_03,122.000000000,124.000000000,2.000000000,0.715988595,0.000000000,0.000000000
QV-C03-001-A0063,QV-C03-001,DS00,quebrada_verde,CAMPAIGN_03,124.000000000,126.000000000,2.000000000,0.735875557,0.000000000,0.000000000
QV-C03-001-A0064,QV-C03-001,DS00,quebrada_verde,CAMPAIGN_03,126.000000000,128.000000000,2.000000000,0.696008316,0.000000000,0.000000000
QV-C03-001-A0065,QV-C03-001,DS00,quebrada_verde,CAMPAIGN_03,128.000000000,130.000000000,2.000000000,0.687645290,0.000000000,0.000000000
QV-C03-001-A0066,QV-C03-001,DS00,quebrada_verde,CAMPAIGN_03,130.000000000,132.000000000,2.000000000,0.732814277,0.000000000,0.000000000
QV-C03-001-A0067,QV-C03-001,DS00,quebrada_verde,CAMPAIGN_03,132.000000000,134.000000000,2.000000000,0.759999628,0.000000000,0.000000000
QV-C03-001-A0068,QV-C03-001,DS00,quebrada_verde,CAMPAIGN_03,134.000000000,136.000000000,2.000000000,0.752619128,0.000000000,0.000000000
QV-C03-001-A0069,QV-C03-001,DS00,quebrada_verde,CAMPAIGN_03,136.000000000,138.000000000,2.000000000,0.759056327,0.000000000,0.000000000
QV-C03-001-A0070,QV-C03-001,DS00,quebrada_verde,CAMPAIGN_03,138.000000000,140.000000000,2.000000000,0.753205628,0.000000000,0.000000000
QV-C03-001-A0071,QV-C03-001,DS00,quebrada_verde,CAMPAIGN_03,140.000000000,142.000000000,2.000000000,0.801955557,0.000000000,0.000000000
QV-C03-001-A0072,QV-C03-001,DS00,quebrada_verde,CAMPAIGN_03,142.000000000,144.000000000,2.000000000,0.713643083,0.000000000,0.000000000
QV-C03-001-A0073,QV-C03-001,DS00,quebrada_verde,CAMPAIGN_03,144.000000000,146.000000000,2.000000000,0.888099538,0.000000000,0.000000000
QV-C03-001-A0074,QV-C03-001,DS00,quebrada_verde,CAMPAIGN_03,146.000000000,148.000000000,2.000000000,0.866565273,0.000000000,0.000000000
QV-C03-001-A0075,QV-C03-001,DS00,quebrada_verde,CAMPAIGN_03,148.000000000,150.000000000,2.000000000,0.835696405,0.000000000,0.000000000
QV-C03-001-A0076,QV-C03-001,DS00,quebrada_verde,CAMPAIGN_03,150.000000000,152.000000000,2.000000000,0.871285831,0.000000000,0.000000000
QV-C03-001-A0077,QV-C03-001,DS00,quebrada_verde,CAMPAIGN_03,152.000000000,154.000000000,2.000000000,0.803750772,0.000000000,0.000000000
QV-C03-001-A0078,QV-C03-001,DS00,quebrada_verde,CAMPAIGN_03,154.000000000,156.000000000,2.000000000,0.779452380,0.000000000,0.000000000
QV-C03-001-A0079,QV-C03-001,DS00,quebrada_verde,CAMPAIGN_03,156.000000000,158.000000000,2.000000000,0.840708008,0.000000000,0.000000000
QV-C03-001-A0080,QV-C03-001,DS00,quebrada_verde,CAMPAIGN_03,158.000000000,160.000000000,2.000000000,0.836272365,0.000000000,0.000000000
QV-C03-001-A0081,QV-C03-001,DS00,quebrada_verde,CAMPAIGN_03,160.000000000,162.000000000,2.000000000,0.843131525,0.000000000,0.000000000
QV-C03-001-A0082,QV-C03-001,DS00,quebrada_verde,CAMPAIGN_03,162.000000000,164.000000000,2.000000000,0.865577932,0.000000000,0.000000000
QV-C03-001-A0083,QV-C03-001,DS00,quebrada_verde,CAMPAIGN_03,164.000000000,166.000000000,2.000000000,0.840013693,0.000000000,0.000000000
QV-C03-001-A0084,QV-C03-001,DS00,quebrada_verde,CAMPAIGN_03,166.000000000,168.000000000,2.000000000,0.851312978,0.000000000,0.000000000
QV-C03-001-A0085,QV-C03-001,DS00,quebrada_verde,CAMPAIGN_03,168.000000000,170.000000000,2.000000000,0.940456401,0.000000000,0.000000000
QV-C03-001-A0086,QV-C03-001,DS00,quebrada_verde,CAMPAIGN_03,170.000000000,172.000000000,2.000000000,0.833644820,0.000000000,0.000000000
QV-C03-001-A0087,QV-C03-001,DS00,quebrada_verde,CAMPAIGN_03,172.000000000,174.000000000,2.000000000,0.901572336,0.000000000,0.000000000
QV-C03-001-A0088,QV-C03-001,DS00,quebrada_verde,CAMPAIGN_03,174.000000000,176.000000000,2.000000000,0.858984203,0.000000000,0.000000000
QV-C03-001-A0089,QV-C03-001,DS00,quebrada_verde,CAMPAIGN_03,176.000000000,178.000000000,2.000000000,0.893764477,0.000000000,0.000000000
QV-C03-001-A0090,QV-C03-001,DS00,quebrada_verde,CAMPAIGN_03,178.000000000,180.000000000,2.000000000,0.857969944,0.000000000,0.000000000
QV-C03-001-A0091,QV-C03-001,DS00,quebrada_verde,CAMPAIGN_03,180.000000000,182.000000000,2.000000000,0.878826888,0.000000000,0.000000000
QV-C03-001-A0092,QV-C03-001,DS00,quebrada_verde,CAMPAIGN_03,182.000000000,184.000000000,2.000000000,0.915442008,0.000000000,0.000000000
QV-C03-001-A0093,QV-C03-001,DS00,quebrada_verde,CAMPAIGN_03,184.000000000,186.000000000,2.000000000,0.872998442,0.000000000,0.000000000
QV-C03-001-A0094,QV-C03-001,DS00,quebrada_verde,CAMPAIGN_03,186.000000000,188.000000000,2.000000000,0.846437714,0.000000000,0.000000000
QV-C03-001-A0095,QV-C03-001,DS00,quebrada_verde,CAMPAIGN_03,188.000000000,190.000000000,2.000000000,0.886953239,0.000000000,0.000000000
QV-C03-001-A0096,QV-C03-001,DS00,quebrada_verde,CAMPAIGN_03,190.000000000,192.000000000,2.000000000,0.907713122,0.000000000,0.000000000
QV-C03-001-A0097,QV-C03-001,DS00,quebrada_verde,CAMPAIGN_03,192.000000000,194.000000000,2.000000000,0.879680308,0.000000000,0.000000000
QV-C03-001-A0098,QV-C03-001,DS00,quebrada_verde,CAMPAIGN_03,194.000000000,196.000000000,2.000000000,0.879657045,0.000000000,0.000000000
QV-C03-001-A0099,QV-C03-001,DS00,quebrada_verde,CAMPAIGN_03,196.000000000,198.000000000,2.000000000,0.869437624,0.000000000,0.000000000
QV-C03-001-A0100,QV-C03-001,DS00,quebrada_verde,CAMPAIGN_03,198.000000000,200.000000000,2.000000000,0.924890923,0.000000000,0.000000000
QV-C03-001-A0101,QV-C03-001,DS00,quebrada_verde,CAMPAIGN_03,200.000000000,202.000000000,2.000000000,0.893506037,0.000000000,0.000000000
QV-C03-001-A0102,QV-C03-001,DS00,quebrada_verde,CAMPAIGN_03,202.000000000,204.000000000,2.000000000,0.827850774,0.000000000,0.000000000
QV-C03-001-A0103,QV-C03-001,DS00,quebrada_verde,CAMPAIGN_03,204.000000000,206.000000000,2.000000000,0.925342247,0.000000000,0.000000000
QV-C03-001-A0104,QV-C03-001,DS00,quebrada_verde,CAMPAIGN_03,206.000000000,208.000000000,2.000000000,0.873042577,0.000000000,0.000000000
QV-C03-001-A0105,QV-C03-001,DS00,quebrada_verde,CAMPAIGN_03,208.000000000,210.000000000,2.000000000,0.878892410,0.000000000,0.000000000
QV-C03-001-A0106,QV-C03-001,DS00,quebrada_verde,CAMPAIGN_03,210.000000000,212.000000000,2.000000000,0.829931724,0.000000000,0.000000000
QV-C03-001-A0107,QV-C03-001,DS00,quebrada_verde,CAMPAIGN_03,212.000000000,214.000000000,2.000000000,0.880373525,0.000000000,0.000000000
QV-C03-001-A0108,QV-C03-001,DS00,quebrada_verde,CAMPAIGN_03,214.000000000,216.000000000,2.000000000,0.891724381,0.000000000,0.000000000
QV-C03-001-A0109,QV-C03-001,DS00,quebrada_verde,CAMPAIGN_03,216.000000000,218.000000000,2.000000000,0.877441794,0.000000000,0.000000000
QV-C03-001-A0110,QV-C03-001,DS00,quebrada_verde,CAMPAIGN_03,218.000000000,220.000000000,2.000000000,0.857862286,0.000000000,0.000000000
QV-C03-001-A0111,QV-C03-001,DS00,quebrada_verde,CAMPAIGN_03,220.000000000,222.000000000,2.000000000,0.848663856,0.000000000,0.000000000
QV-C03-001-A0112,QV-C03-001,DS00,quebrada_verde,CAMPAIGN_03,222.000000000,224.000000000,2.000000000,0.860533237,0.000000000,0.000000000
QV-C03-001-A0113,QV-C03-001,DS00,quebrada_verde,CAMPAIGN_03,224.000000000,226.000000000,2.000000000,0.803562645,0.000000000,0.000000000
QV-C03-001-A0114,QV-C03-001,DS00,quebrada_verde,CAMPAIGN_03,226.000000000,228.000000000,2.000000000,0.819864835,0.000000000,0.000000000
QV-C03-001-A0115,QV-C03-001,DS00,quebrada_verde,CAMPAIGN_03,228.000000000,230.000000000,2.000000000,0.831420575,0.000000000,0.000000000
QV-C03-001-A0116,QV-C03-001,DS00,quebrada_verde,CAMPAIGN_03,230.000000000,232.000000000,2.000000000,0.859580089,0.000000000,0.000000000
QV-C03-001-A0117,QV-C03-001,DS00,quebrada_verde,CAMPAIGN_03,232.000000000,234.000000000,2.000000000,0.797604519,0.000000000,0.000000000
QV-C03-001-A0118,QV-C03-001,DS00,quebrada_verde,CAMPAIGN_03,234.000000000,236.000000000,2.000000000,0.858219405,0.000000000,0.000000000
QV-C03-001-A0119,QV-C03-001,DS00,quebrada_verde,CAMPAIGN_03,236.000000000,237.028279780,1.028279780,0.862796507,0.000000000,0.000000000
QV-C03-002-A0001,QV-C03-002,DS00,quebrada_verde,CAMPAIGN_03,0.000000000,2.000000000,2.000000000,0.056666728,0.000000000,0.000000000
QV-C03-002-A0002,QV-C03-002,DS00,quebrada_verde,CAMPAIGN_03,2.000000000,4.000000000,2.000000000,0.059455692,0.000000000,0.000000000
QV-C03-002-A0003,QV-C03-002,DS00,quebrada_verde,CAMPAIGN_03,4.000000000,6.000000000,2.000000000,0.055876385,0.000000000,0.000000000
QV-C03-002-A0004,QV-C03-002,DS00,quebrada_verde,CAMPAIGN_03,6.000000000,8.000000000,2.000000000,0.070456683,0.000000000,0.000000000
QV-C03-002-A0005,QV-C03-002,DS00,quebrada_verde,CAMPAIGN_03,8.000000000,10.000000000,2.000000000,0.066643512,0.000000000,0.000000000
QV-C03-002-A0006,QV-C03-002,DS00,quebrada_verde,CAMPAIGN_03,10.000000000,12.000000000,2.000000000,0.066118309,0.000000000,0.000000000
QV-C03-002-A0007,QV-C03-002,DS00,quebrada_verde,CAMPAIGN_03,12.000000000,14.000000000,2.000000000,0.074384097,0.000000000,0.000000000
QV-C03-002-A0008,QV-C03-002,DS00,quebrada_verde,CAMPAIGN_03,14.000000000,16.000000000,2.000000000,0.068798805,0.000000000,0.000000000
QV-C03-002-A0009,QV-C03-002,DS00,quebrada_verde,CAMPAIGN_03,16.000000000,18.000000000,2.000000000,0.071071067,0.000000000,0.000000000
QV-C03-002-A0010,QV-C03-002,DS00,quebrada_verde,CAMPAIGN_03,18.000000000,20.000000000,2.000000000,0.068945460,0.000000000,0.000000000
QV-C03-002-A0011,QV-C03-002,DS00,quebrada_verde,CAMPAIGN_03,20.000000000,22.000000000,2.000000000,0.079025244,0.000000000,0.000000000
QV-C03-002-A0012,QV-C03-002,DS00,quebrada_verde,CAMPAIGN_03,22.000000000,24.000000000,2.000000000,0.078821002,0.000000000,0.000000000
QV-C03-002-A0013,QV-C03-002,DS00,quebrada_verde,CAMPAIGN_03,24.000000000,26.000000000,2.000000000,0.086538581,0.000000000,0.000000000
QV-C03-002-A0014,QV-C03-002,DS00,quebrada_verde,CAMPAIGN_03,26.000000000,28.000000000,2.000000000,0.086028475,0.000000000,0.000000000
QV-C03-002-A0015,QV-C03-002,DS00,quebrada_verde,CAMPAIGN_03,28.000000000,30.000000000,2.000000000,0.083342186,0.000000000,0.000000000
QV-C03-002-A0016,QV-C03-002,DS00,quebrada_verde,CAMPAIGN_03,30.000000000,32.000000000,2.000000000,0.091192388,0.000000000,0.000000000
QV-C03-002-A0017,QV-C03-002,DS00,quebrada_verde,CAMPAIGN_03,32.000000000,34.000000000,2.000000000,0.100938595,0.000000000,0.000000000
QV-C03-002-A0018,QV-C03-002,DS00,quebrada_verde,CAMPAIGN_03,34.000000000,36.000000000,2.000000000,0.100107769,0.000000000,0.000000000
QV-C03-002-A0019,QV-C03-002,DS00,quebrada_verde,CAMPAIGN_03,36.000000000,38.000000000,2.000000000,0.100334501,0.000000000,0.000000000
QV-C03-002-A0020,QV-C03-002,DS00,quebrada_verde,CAMPAIGN_03,38.000000000,40.000000000,2.000000000,0.101375858,0.000000000,0.000000000
QV-C03-002-A0021,QV-C03-002,DS00,quebrada_verde,CAMPAIGN_03,40.000000000,42.000000000,2.000000000,0.106271181,0.000000000,0.000000000
QV-C03-002-A0022,QV-C03-002,DS00,quebrada_verde,CAMPAIGN_03,42.000000000,44.000000000,2.000000000,0.102149472,0.000000000,0.000000000
QV-C03-002-A0023,QV-C03-002,DS00,quebrada_verde,CAMPAIGN_03,44.000000000,46.000000000,2.000000000,0.118607122,0.000000000,0.000000000
QV-C03-002-A0024,QV-C03-002,DS00,quebrada_verde,CAMPAIGN_03,46.000000000,48.000000000,2.000000000,0.113362969,0.000000000,0.000000000
QV-C03-002-A0025,QV-C03-002,DS00,quebrada_verde,CAMPAIGN_03,48.000000000,50.000000000,2.000000000,0.124850263,0.000000000,0.000000000
QV-C03-002-A0026,QV-C03-002,DS00,quebrada_verde,CAMPAIGN_03,50.000000000,52.000000000,2.000000000,0.127320399,0.000000000,0.000000000
QV-C03-002-A0027,QV-C03-002,DS00,quebrada_verde,CAMPAIGN_03,52.000000000,54.000000000,2.000000000,0.124909179,0.000000000,0.000000000
QV-C03-002-A0028,QV-C03-002,DS00,quebrada_verde,CAMPAIGN_03,54.000000000,56.000000000,2.000000000,0.125926059,0.000000000,0.000000000
QV-C03-002-A0029,QV-C03-002,DS00,quebrada_verde,CAMPAIGN_03,56.000000000,58.000000000,2.000000000,0.135566130,0.000000000,0.000000000
QV-C03-002-A0030,QV-C03-002,DS00,quebrada_verde,CAMPAIGN_03,58.000000000,60.000000000,2.000000000,0.140894401,0.000000000,0.000000000
QV-C03-002-A0031,QV-C03-002,DS00,quebrada_verde,CAMPAIGN_03,60.000000000,62.000000000,2.000000000,0.139825053,0.000000000,0.000000000
QV-C03-002-A0032,QV-C03-002,DS00,quebrada_verde,CAMPAIGN_03,62.000000000,64.000000000,2.000000000,0.145292132,0.000000000,0.000000000
QV-C03-002-A0033,QV-C03-002,DS00,quebrada_verde,CAMPAIGN_03,64.000000000,66.000000000,2.000000000,0.154840898,0.000000000,0.000000000
QV-C03-002-A0034,QV-C03-002,DS00,quebrada_verde,CAMPAIGN_03,66.000000000,68.000000000,2.000000000,0.156592566,0.000000000,0.000000000
QV-C03-002-A0035,QV-C03-002,DS00,quebrada_verde,CAMPAIGN_03,68.000000000,70.000000000,2.000000000,0.161097893,0.000000000,0.000000000
QV-C03-002-A0036,QV-C03-002,DS00,quebrada_verde,CAMPAIGN_03,70.000000000,72.000000000,2.000000000,0.173223981,0.000000000,0.000000000
QV-C03-002-A0037,QV-C03-002,DS00,quebrada_verde,CAMPAIGN_03,72.000000000,74.000000000,2.000000000,0.173194489,0.000000000,0.000000000
QV-C03-002-A0038,QV-C03-002,DS00,quebrada_verde,CAMPAIGN_03,74.000000000,76.000000000,2.000000000,0.167106771,0.000000000,0.000000000
QV-C03-002-A0039,QV-C03-002,DS00,quebrada_verde,CAMPAIGN_03,76.000000000,78.000000000,2.000000000,0.181173319,0.000000000,0.000000000
QV-C03-002-A0040,QV-C03-002,DS00,quebrada_verde,CAMPAIGN_03,78.000000000,80.000000000,2.000000000,0.187170299,0.000000000,0.000000000
QV-C03-002-A0041,QV-C03-002,DS00,quebrada_verde,CAMPAIGN_03,80.000000000,82.000000000,2.000000000,0.194325421,0.000000000,0.000000000
QV-C03-002-A0042,QV-C03-002,DS00,quebrada_verde,CAMPAIGN_03,82.000000000,84.000000000,2.000000000,0.198191361,0.000000000,0.000000000
QV-C03-002-A0043,QV-C03-002,DS00,quebrada_verde,CAMPAIGN_03,84.000000000,86.000000000,2.000000000,0.190112316,0.000000000,0.000000000
QV-C03-002-A0044,QV-C03-002,DS00,quebrada_verde,CAMPAIGN_03,86.000000000,88.000000000,2.000000000,0.207147047,0.000000000,0.000000000
QV-C03-002-A0045,QV-C03-002,DS00,quebrada_verde,CAMPAIGN_03,88.000000000,90.000000000,2.000000000,0.219690907,0.000000000,0.000000000
QV-C03-002-A0046,QV-C03-002,DS00,quebrada_verde,CAMPAIGN_03,90.000000000,92.000000000,2.000000000,0.213731724,0.000000000,0.000000000
QV-C03-002-A0047,QV-C03-002,DS00,quebrada_verde,CAMPAIGN_03,92.000000000,94.000000000,2.000000000,0.224416142,0.000000000,0.000000000
QV-C03-002-A0048,QV-C03-002,DS00,quebrada_verde,CAMPAIGN_03,94.000000000,96.000000000,2.000000000,0.223952665,0.000000000,0.000000000
QV-C03-002-A0049,QV-C03-002,DS00,quebrada_verde,CAMPAIGN_03,96.000000000,98.000000000,2.000000000,0.247653335,0.000000000,0.000000000
QV-C03-002-A0050,QV-C03-002,DS00,quebrada_verde,CAMPAIGN_03,98.000000000,100.000000000,2.000000000,0.254063618,0.000000000,0.000000000
QV-C03-002-A0051,QV-C03-002,DS00,quebrada_verde,CAMPAIGN_03,100.000000000,102.000000000,2.000000000,0.254309460,0.000000000,0.000000000
QV-C03-002-A0052,QV-C03-002,DS00,quebrada_verde,CAMPAIGN_03,102.000000000,104.000000000,2.000000000,0.265905021,0.000000000,0.000000000
QV-C03-002-A0053,QV-C03-002,DS00,quebrada_verde,CAMPAIGN_03,104.000000000,106.000000000,2.000000000,0.284813840,0.000000000,0.000000000
QV-C03-002-A0054,QV-C03-002,DS00,quebrada_verde,CAMPAIGN_03,106.000000000,108.000000000,2.000000000,0.264878948,0.000000000,0.000000000
QV-C03-002-A0055,QV-C03-002,DS00,quebrada_verde,CAMPAIGN_03,108.000000000,110.000000000,2.000000000,0.249729530,0.000000000,0.000000000
QV-C03-002-A0056,QV-C03-002,DS00,quebrada_verde,CAMPAIGN_03,110.000000000,112.000000000,2.000000000,0.269316621,0.000000000,0.000000000
QV-C03-002-A0057,QV-C03-002,DS00,quebrada_verde,CAMPAIGN_03,112.000000000,114.000000000,2.000000000,0.309947846,0.000000000,0.000000000
QV-C03-002-A0058,QV-C03-002,DS00,quebrada_verde,CAMPAIGN_03,114.000000000,116.000000000,2.000000000,0.302360424,0.000000000,0.000000000
QV-C03-002-A0059,QV-C03-002,DS00,quebrada_verde,CAMPAIGN_03,116.000000000,118.000000000,2.000000000,0.320242735,0.000000000,0.000000000
QV-C03-002-A0060,QV-C03-002,DS00,quebrada_verde,CAMPAIGN_03,118.000000000,120.000000000,2.000000000,0.315271444,0.000000000,0.000000000
QV-C03-002-A0061,QV-C03-002,DS00,quebrada_verde,CAMPAIGN_03,120.000000000,122.000000000,2.000000000,0.327925332,0.000000000,0.000000000
QV-C03-002-A0062,QV-C03-002,DS00,quebrada_verde,CAMPAIGN_03,122.000000000,124.000000000,2.000000000,0.342522274,0.000000000,0.000000000
QV-C03-002-A0063,QV-C03-002,DS00,quebrada_verde,CAMPAIGN_03,124.000000000,126.000000000,2.000000000,0.351161176,0.000000000,0.000000000
QV-C03-002-A0064,QV-C03-002,DS00,quebrada_verde,CAMPAIGN_03,126.000000000,128.000000000,2.000000000,0.368520964,0.000000000,0.000000000
QV-C03-002-A0065,QV-C03-002,DS00,quebrada_verde,CAMPAIGN_03,128.000000000,130.000000000,2.000000000,0.369925330,0.000000000,0.000000000
QV-C03-002-A0066,QV-C03-002,DS00,quebrada_verde,CAMPAIGN_03,130.000000000,132.000000000,2.000000000,0.380823976,0.000000000,0.000000000
QV-C03-002-A0067,QV-C03-002,DS00,quebrada_verde,CAMPAIGN_03,132.000000000,134.000000000,2.000000000,0.358995986,0.000000000,0.000000000
QV-C03-002-A0068,QV-C03-002,DS00,quebrada_verde,CAMPAIGN_03,134.000000000,136.000000000,2.000000000,0.371674019,0.000000000,0.000000000
QV-C03-002-A0069,QV-C03-002,DS00,quebrada_verde,CAMPAIGN_03,136.000000000,138.000000000,2.000000000,0.407422292,0.000000000,0.000000000
QV-C03-002-A0070,QV-C03-002,DS00,quebrada_verde,CAMPAIGN_03,138.000000000,140.000000000,2.000000000,0.418689092,0.000000000,0.000000000
QV-C03-002-A0071,QV-C03-002,DS00,quebrada_verde,CAMPAIGN_03,140.000000000,142.000000000,2.000000000,0.430832112,0.000000000,0.000000000
QV-C03-002-A0072,QV-C03-002,DS00,quebrada_verde,CAMPAIGN_03,142.000000000,144.000000000,2.000000000,0.394820873,0.000000000,0.000000000
QV-C03-002-A0073,QV-C03-002,DS00,quebrada_verde,CAMPAIGN_03,144.000000000,146.000000000,2.000000000,0.429579516,0.000000000,0.000000000
QV-C03-002-A0074,QV-C03-002,DS00,quebrada_verde,CAMPAIGN_03,146.000000000,148.000000000,2.000000000,0.452837201,0.000000000,0.000000000
QV-C03-002-A0075,QV-C03-002,DS00,quebrada_verde,CAMPAIGN_03,148.000000000,150.000000000,2.000000000,0.453438468,0.000000000,0.000000000
QV-C03-002-A0076,QV-C03-002,DS00,quebrada_verde,CAMPAIGN_03,150.000000000,152.000000000,2.000000000,0.444263170,0.000000000,0.000000000
QV-C03-002-A0077,QV-C03-002,DS00,quebrada_verde,CAMPAIGN_03,152.000000000,154.000000000,2.000000000,0.499818475,0.000000000,0.000000000
QV-C03-002-A0078,QV-C03-002,DS00,quebrada_verde,CAMPAIGN_03,154.000000000,156.000000000,2.000000000,0.467678854,0.000000000,0.000000000
QV-C03-002-A0079,QV-C03-002,DS00,quebrada_verde,CAMPAIGN_03,156.000000000,158.000000000,2.000000000,0.495071535,0.000000000,0.000000000
QV-C03-002-A0080,QV-C03-002,DS00,quebrada_verde,CAMPAIGN_03,158.000000000,160.000000000,2.000000000,0.513523199,0.000000000,0.000000000
QV-C03-002-A0081,QV-C03-002,DS00,quebrada_verde,CAMPAIGN_03,160.000000000,162.000000000,2.000000000,0.494202915,0.000000000,0.000000000
QV-C03-002-A0082,QV-C03-002,DS00,quebrada_verde,CAMPAIGN_03,162.000000000,164.000000000,2.000000000,0.500432064,0.000000000,0.000000000
QV-C03-002-A0083,QV-C03-002,DS00,quebrada_verde,CAMPAIGN_03,164.000000000,166.000000000,2.000000000,0.530367702,0.000000000,0.000000000
QV-C03-002-A0084,QV-C03-002,DS00,quebrada_verde,CAMPAIGN_03,166.000000000,168.000000000,2.000000000,0.557431033,0.000000000,0.000000000
QV-C03-002-A0085,QV-C03-002,DS00,quebrada_verde,CAMPAIGN_03,168.000000000,170.000000000,2.000000000,0.525783250,0.000000000,0.000000000
QV-C03-002-A0086,QV-C03-002,DS00,quebrada_verde,CAMPAIGN_03,170.000000000,172.000000000,2.000000000,0.551136132,0.000000000,0.000000000
QV-C03-002-A0087,QV-C03-002,DS00,quebrada_verde,CAMPAIGN_03,172.000000000,174.000000000,2.000000000,0.509910767,0.000000000,0.000000000
QV-C03-002-A0088,QV-C03-002,DS00,quebrada_verde,CAMPAIGN_03,174.000000000,176.000000000,2.000000000,0.572192298,0.000000000,0.000000000
QV-C03-002-A0089,QV-C03-002,DS00,quebrada_verde,CAMPAIGN_03,176.000000000,178.000000000,2.000000000,0.599403625,0.000000000,0.000000000
QV-C03-002-A0090,QV-C03-002,DS00,quebrada_verde,CAMPAIGN_03,178.000000000,180.000000000,2.000000000,0.599452609,0.000000000,0.000000000
QV-C03-002-A0091,QV-C03-002,DS00,quebrada_verde,CAMPAIGN_03,180.000000000,182.000000000,2.000000000,0.608814688,0.000000000,0.000000000
QV-C03-002-A0092,QV-C03-002,DS00,quebrada_verde,CAMPAIGN_03,182.000000000,184.000000000,2.000000000,0.647260488,0.000000000,0.000000000
QV-C03-002-A0093,QV-C03-002,DS00,quebrada_verde,CAMPAIGN_03,184.000000000,186.000000000,2.000000000,0.650328753,0.000000000,0.000000000
QV-C03-002-A0094,QV-C03-002,DS00,quebrada_verde,CAMPAIGN_03,186.000000000,188.000000000,2.000000000,0.617999670,0.000000000,0.000000000
QV-C03-002-A0095,QV-C03-002,DS00,quebrada_verde,CAMPAIGN_03,188.000000000,190.000000000,2.000000000,0.586962446,0.000000000,0.000000000
QV-C03-002-A0096,QV-C03-002,DS00,quebrada_verde,CAMPAIGN_03,190.000000000,192.000000000,2.000000000,0.665832294,0.000000000,0.000000000
QV-C03-002-A0097,QV-C03-002,DS00,quebrada_verde,CAMPAIGN_03,192.000000000,194.000000000,2.000000000,0.639448888,0.000000000,0.000000000
QV-C03-002-A0098,QV-C03-002,DS00,quebrada_verde,CAMPAIGN_03,194.000000000,196.000000000,2.000000000,0.639251741,0.000000000,0.000000000
QV-C03-002-A0099,QV-C03-002,DS00,quebrada_verde,CAMPAIGN_03,196.000000000,198.000000000,2.000000000,0.694230588,0.000000000,0.000000000
QV-C03-002-A0100,QV-C03-002,DS00,quebrada_verde,CAMPAIGN_03,198.000000000,200.000000000,2.000000000,0.725490099,0.000000000,0.000000000
QV-C03-002-A0101,QV-C03-002,DS00,quebrada_verde,CAMPAIGN_03,200.000000000,202.000000000,2.000000000,0.737298045,0.000000000,0.000000000
QV-C03-002-A0102,QV-C03-002,DS00,quebrada_verde,CAMPAIGN_03,202.000000000,204.000000000,2.000000000,0.723245578,0.000000000,0.000000000
QV-C03-002-A0103,QV-C03-002,DS00,quebrada_verde,CAMPAIGN_03,204.000000000,206.000000000,2.000000000,0.751498079,0.000000000,0.000000000
QV-C03-002-A0104,QV-C03-002,DS00,quebrada_verde,CAMPAIGN_03,206.000000000,208.000000000,2.000000000,0.621095307,0.000000000,0.000000000
QV-C03-002-A0105,QV-C03-002,DS00,quebrada_verde,CAMPAIGN_03,208.000000000,210.000000000,2.000000000,0.703242195,0.000000000,0.000000000
QV-C03-002-A0106,QV-C03-002,DS00,quebrada_verde,CAMPAIGN_03,210.000000000,212.000000000,2.000000000,0.765766083,0.000000000,0.000000000
QV-C03-002-A0107,QV-C03-002,DS00,quebrada_verde,CAMPAIGN_03,212.000000000,214.000000000,2.000000000,0.740489319,0.000000000,0.000000000
QV-C03-002-A0108,QV-C03-002,DS00,quebrada_verde,CAMPAIGN_03,214.000000000,216.000000000,2.000000000,0.805355214,0.000000000,0.000000000
QV-C03-002-A0109,QV-C03-002,DS00,quebrada_verde,CAMPAIGN_03,216.000000000,218.000000000,2.000000000,0.734112465,0.000000000,0.000000000
QV-C03-002-A0110,QV-C03-002,DS00,quebrada_verde,CAMPAIGN_03,218.000000000,220.000000000,2.000000000,0.735334017,0.000000000,0.000000000
QV-C03-002-A0111,QV-C03-002,DS00,quebrada_verde,CAMPAIGN_03,220.000000000,222.000000000,2.000000000,0.747812095,0.000000000,0.000000000
QV-C03-002-A0112,QV-C03-002,DS00,quebrada_verde,CAMPAIGN_03,222.000000000,224.000000000,2.000000000,0.750349517,0.000000000,0.000000000
QV-C03-002-A0113,QV-C03-002,DS00,quebrada_verde,CAMPAIGN_03,224.000000000,226.000000000,2.000000000,0.773772511,0.000000000,0.000000000
QV-C03-002-A0114,QV-C03-002,DS00,quebrada_verde,CAMPAIGN_03,226.000000000,228.000000000,2.000000000,0.820345812,0.000000000,0.000000000
QV-C03-002-A0115,QV-C03-002,DS00,quebrada_verde,CAMPAIGN_03,228.000000000,230.000000000,2.000000000,0.752209229,0.000000000,0.000000000
QV-C03-002-A0116,QV-C03-002,DS00,quebrada_verde,CAMPAIGN_03,230.000000000,232.000000000,2.000000000,0.773350050,0.000000000,0.000000000
QV-C03-002-A0117,QV-C03-002,DS00,quebrada_verde,CAMPAIGN_03,232.000000000,234.000000000,2.000000000,0.763469483,0.000000000,0.000000000
QV-C03-002-A0118,QV-C03-002,DS00,quebrada_verde,CAMPAIGN_03,234.000000000,236.000000000,2.000000000,0.795139139,0.000000000,0.000000000
QV-C03-002-A0119,QV-C03-002,DS00,quebrada_verde,CAMPAIGN_03,236.000000000,238.000000000,2.000000000,0.863311394,0.000000000,0.000000000
QV-C03-002-A0120,QV-C03-002,DS00,quebrada_verde,CAMPAIGN_03,238.000000000,240.000000000,2.000000000,0.767063534,0.000000000,0.000000000
QV-C03-002-A0121,QV-C03-002,DS00,quebrada_verde,CAMPAIGN_03,240.000000000,242.000000000,2.000000000,0.829766726,0.000000000,0.000000000
QV-C03-002-A0122,QV-C03-002,DS00,quebrada_verde,CAMPAIGN_03,242.000000000,244.000000000,2.000000000,0.868675244,0.000000000,0.000000000
QV-C03-002-A0123,QV-C03-002,DS00,quebrada_verde,CAMPAIGN_03,244.000000000,246.000000000,2.000000000,0.887217780,0.000000000,0.000000000
QV-C03-002-A0124,QV-C03-002,DS00,quebrada_verde,CAMPAIGN_03,246.000000000,248.000000000,2.000000000,0.867211436,0.000000000,0.000000000
QV-C03-002-A0125,QV-C03-002,DS00,quebrada_verde,CAMPAIGN_03,248.000000000,250.000000000,2.000000000,0.881100962,0.000000000,0.000000000
QV-C03-002-A0126,QV-C03-002,DS00,quebrada_verde,CAMPAIGN_03,250.000000000,252.000000000,2.000000000,0.890580202,0.000000000,0.000000000
QV-C03-002-A0127,QV-C03-002,DS00,quebrada_verde,CAMPAIGN_03,252.000000000,254.000000000,2.000000000,0.887552769,0.000000000,0.000000000
QV-C03-002-A0128,QV-C03-002,DS00,quebrada_verde,CAMPAIGN_03,254.000000000,256.000000000,2.000000000,0.872032593,0.000000000,0.000000000
QV-C03-002-A0129,QV-C03-002,DS00,quebrada_verde,CAMPAIGN_03,256.000000000,258.000000000,2.000000000,0.870768104,0.000000000,0.000000000
QV-C03-002-A0130,QV-C03-002,DS00,quebrada_verde,CAMPAIGN_03,258.000000000,260.000000000,2.000000000,0.810810712,0.000000000,0.000000000
QV-C03-002-A0131,QV-C03-002,DS00,quebrada_verde,CAMPAIGN_03,260.000000000,262.000000000,2.000000000,0.873366300,0.000000000,0.000000000
QV-C03-002-A0132,QV-C03-002,DS00,quebrada_verde,CAMPAIGN_03,262.000000000,264.000000000,2.000000000,0.871368682,0.000000000,0.000000000
QV-C03-002-A0133,QV-C03-002,DS00,quebrada_verde,CAMPAIGN_03,264.000000000,266.000000000,2.000000000,0.852874985,0.000000000,0.000000000
QV-C03-002-A0134,QV-C03-002,DS00,quebrada_verde,CAMPAIGN_03,266.000000000,268.000000000,2.000000000,0.880463831,0.000000000,0.000000000
QV-C03-002-A0135,QV-C03-002,DS00,quebrada_verde,CAMPAIGN_03,268.000000000,270.000000000,2.000000000,0.878266876,0.000000000,0.000000000
QV-C03-002-A0136,QV-C03-002,DS00,quebrada_verde,CAMPAIGN_03,270.000000000,272.000000000,2.000000000,0.865992365,0.000000000,0.000000000
QV-C03-002-A0137,QV-C03-002,DS00,quebrada_verde,CAMPAIGN_03,272.000000000,274.000000000,2.000000000,0.940868513,0.000000000,0.000000000
QV-C03-002-A0138,QV-C03-002,DS00,quebrada_verde,CAMPAIGN_03,274.000000000,276.000000000,2.000000000,0.869831928,0.000000000,0.000000000
QV-C03-002-A0139,QV-C03-002,DS00,quebrada_verde,CAMPAIGN_03,276.000000000,278.000000000,2.000000000,0.918081808,0.000000000,0.000000000
QV-C03-002-A0140,QV-C03-002,DS00,quebrada_verde,CAMPAIGN_03,278.000000000,280.000000000,2.000000000,0.881401749,0.000000000,0.000000000
QV-C03-002-A0141,QV-C03-002,DS00,quebrada_verde,CAMPAIGN_03,280.000000000,282.000000000,2.000000000,0.930192479,0.000000000,0.000000000
QV-C03-002-A0142,QV-C03-002,DS00,quebrada_verde,CAMPAIGN_03,282.000000000,284.000000000,2.000000000,0.877937577,0.000000000,0.000000000
QV-C03-002-A0143,QV-C03-002,DS00,quebrada_verde,CAMPAIGN_03,284.000000000,286.000000000,2.000000000,0.823653584,0.000000000,0.000000000
QV-C03-002-A0144,QV-C03-002,DS00,quebrada_verde,CAMPAIGN_03,286.000000000,288.000000000,2.000000000,0.913156837,0.000000000,0.000000000
QV-C03-002-A0145,QV-C03-002,DS00,quebrada_verde,CAMPAIGN_03,288.000000000,290.000000000,2.000000000,0.876208700,0.000000000,0.000000000
QV-C03-002-A0146,QV-C03-002,DS00,quebrada_verde,CAMPAIGN_03,290.000000000,292.000000000,2.000000000,0.918545937,0.000000000,0.000000000
QV-C03-002-A0147,QV-C03-002,DS00,quebrada_verde,CAMPAIGN_03,292.000000000,294.000000000,2.000000000,0.864266604,0.000000000,0.000000000
QV-C03-002-A0148,QV-C03-002,DS00,quebrada_verde,CAMPAIGN_03,294.000000000,296.000000000,2.000000000,0.877432317,0.000000000,0.000000000
QV-C03-002-A0149,QV-C03-002,DS00,quebrada_verde,CAMPAIGN_03,296.000000000,298.000000000,2.000000000,0.871434574,0.000000000,0.000000000
QV-C03-002-A0150,QV-C03-002,DS00,quebrada_verde,CAMPAIGN_03,298.000000000,300.000000000,2.000000000,0.904311432,0.000000000,0.000000000
QV-C03-002-A0151,QV-C03-002,DS00,quebrada_verde,CAMPAIGN_03,300.000000000,302.000000000,2.000000000,0.878625609,0.000000000,0.000000000
QV-C03-002-A0152,QV-C03-002,DS00,quebrada_verde,CAMPAIGN_03,302.000000000,304.000000000,2.000000000,0.893670537,0.000000000,0.000000000
QV-C03-002-A0153,QV-C03-002,DS00,quebrada_verde,CAMPAIGN_03,304.000000000,306.000000000,2.000000000,0.896352546,0.000000000,0.000000000
QV-C03-002-A0154,QV-C03-002,DS00,quebrada_verde,CAMPAIGN_03,306.000000000,308.000000000,2.000000000,0.877967907,0.000000000,0.000000000
QV-C03-002-A0155,QV-C03-002,DS00,quebrada_verde,CAMPAIGN_03,308.000000000,310.000000000,2.000000000,0.851874396,0.000000000,0.000000000
QV-C03-002-A0156,QV-C03-002,DS00,quebrada_verde,CAMPAIGN_03,310.000000000,312.000000000,2.000000000,0.886339542,0.000000000,0.000000000
QV-C03-002-A0157,QV-C03-002,DS00,quebrada_verde,CAMPAIGN_03,312.000000000,314.000000000,2.000000000,0.809464250,0.000000000,0.000000000
QV-C03-002-A0158,QV-C03-002,DS00,quebrada_verde,CAMPAIGN_03,314.000000000,316.000000000,2.000000000,0.837448993,0.000000000,0.000000000
QV-C03-002-A0159,QV-C03-002,DS00,quebrada_verde,CAMPAIGN_03,316.000000000,318.000000000,2.000000000,0.837972864,0.000000000,0.000000000
QV-C03-002-A0160,QV-C03-002,DS00,quebrada_verde,CAMPAIGN_03,318.000000000,320.000000000,2.000000000,0.881753695,0.000000000,0.000000000
QV-C03-002-A0161,QV-C03-002,DS00,quebrada_verde,CAMPAIGN_03,320.000000000,322.000000000,2.000000000,0.777346595,0.000000000,0.000000000
QV-C03-002-A0162,QV-C03-002,DS00,quebrada_verde,CAMPAIGN_03,322.000000000,324.000000000,2.000000000,0.840559301,0.000000000,0.000000000
QV-C03-002-A0163,QV-C03-002,DS00,quebrada_verde,CAMPAIGN_03,324.000000000,326.000000000,2.000000000,0.808021210,0.000000000,0.000000000
QV-C03-002-A0164,QV-C03-002,DS00,quebrada_verde,CAMPAIGN_03,326.000000000,326.261444212,0.261444212,0.752578658,0.000000000,0.000000000
QV-C03-003-A0001,QV-C03-003,DS00,quebrada_verde,CAMPAIGN_03,0.000000000,2.000000000,2.000000000,0.100791113,0.000000000,0.000000000
QV-C03-003-A0002,QV-C03-003,DS00,quebrada_verde,CAMPAIGN_03,2.000000000,4.000000000,2.000000000,0.107282023,0.000000000,0.000000000
QV-C03-003-A0003,QV-C03-003,DS00,quebrada_verde,CAMPAIGN_03,4.000000000,6.000000000,2.000000000,0.111688133,0.000000000,0.000000000
QV-C03-003-A0004,QV-C03-003,DS00,quebrada_verde,CAMPAIGN_03,6.000000000,8.000000000,2.000000000,0.108276618,0.000000000,0.000000000
QV-C03-003-A0005,QV-C03-003,DS00,quebrada_verde,CAMPAIGN_03,8.000000000,10.000000000,2.000000000,0.111620584,0.000000000,0.000000000
QV-C03-003-A0006,QV-C03-003,DS00,quebrada_verde,CAMPAIGN_03,10.000000000,12.000000000,2.000000000,0.113806385,0.000000000,0.000000000
QV-C03-003-A0007,QV-C03-003,DS00,quebrada_verde,CAMPAIGN_03,12.000000000,14.000000000,2.000000000,0.117586341,0.000000000,0.000000000
QV-C03-003-A0008,QV-C03-003,DS00,quebrada_verde,CAMPAIGN_03,14.000000000,16.000000000,2.000000000,0.117368987,0.000000000,0.000000000
QV-C03-003-A0009,QV-C03-003,DS00,quebrada_verde,CAMPAIGN_03,16.000000000,18.000000000,2.000000000,0.135064356,0.000000000,0.000000000
QV-C03-003-A0010,QV-C03-003,DS00,quebrada_verde,CAMPAIGN_03,18.000000000,20.000000000,2.000000000,0.135868894,0.000000000,0.000000000
QV-C03-003-A0011,QV-C03-003,DS00,quebrada_verde,CAMPAIGN_03,20.000000000,22.000000000,2.000000000,0.152252095,0.000000000,0.000000000
QV-C03-003-A0012,QV-C03-003,DS00,quebrada_verde,CAMPAIGN_03,22.000000000,24.000000000,2.000000000,0.146928186,0.000000000,0.000000000
QV-C03-003-A0013,QV-C03-003,DS00,quebrada_verde,CAMPAIGN_03,24.000000000,26.000000000,2.000000000,0.154214514,0.000000000,0.000000000
QV-C03-003-A0014,QV-C03-003,DS00,quebrada_verde,CAMPAIGN_03,26.000000000,28.000000000,2.000000000,0.155728430,0.000000000,0.000000000
QV-C03-003-A0015,QV-C03-003,DS00,quebrada_verde,CAMPAIGN_03,28.000000000,30.000000000,2.000000000,0.158001482,0.000000000,0.000000000
QV-C03-003-A0016,QV-C03-003,DS00,quebrada_verde,CAMPAIGN_03,30.000000000,32.000000000,2.000000000,0.161534004,0.000000000,0.000000000
QV-C03-003-A0017,QV-C03-003,DS00,quebrada_verde,CAMPAIGN_03,32.000000000,34.000000000,2.000000000,0.155155074,0.000000000,0.000000000
QV-C03-003-A0018,QV-C03-003,DS00,quebrada_verde,CAMPAIGN_03,34.000000000,36.000000000,2.000000000,0.173617827,0.000000000,0.000000000
QV-C03-003-A0019,QV-C03-003,DS00,quebrada_verde,CAMPAIGN_03,36.000000000,38.000000000,2.000000000,0.175634440,0.000000000,0.000000000
QV-C03-003-A0020,QV-C03-003,DS00,quebrada_verde,CAMPAIGN_03,38.000000000,40.000000000,2.000000000,0.171994610,0.000000000,0.000000000
QV-C03-003-A0021,QV-C03-003,DS00,quebrada_verde,CAMPAIGN_03,40.000000000,42.000000000,2.000000000,0.186613156,0.000000000,0.000000000
QV-C03-003-A0022,QV-C03-003,DS00,quebrada_verde,CAMPAIGN_03,42.000000000,44.000000000,2.000000000,0.183306865,0.000000000,0.000000000
QV-C03-003-A0023,QV-C03-003,DS00,quebrada_verde,CAMPAIGN_03,44.000000000,46.000000000,2.000000000,0.206908774,0.000000000,0.000000000
QV-C03-003-A0024,QV-C03-003,DS00,quebrada_verde,CAMPAIGN_03,46.000000000,48.000000000,2.000000000,0.201633532,0.000000000,0.000000000
QV-C03-003-A0025,QV-C03-003,DS00,quebrada_verde,CAMPAIGN_03,48.000000000,50.000000000,2.000000000,0.208363317,0.000000000,0.000000000
QV-C03-003-A0026,QV-C03-003,DS00,quebrada_verde,CAMPAIGN_03,50.000000000,52.000000000,2.000000000,0.217770290,0.000000000,0.000000000
QV-C03-003-A0027,QV-C03-003,DS00,quebrada_verde,CAMPAIGN_03,52.000000000,54.000000000,2.000000000,0.214117605,0.000000000,0.000000000
QV-C03-003-A0028,QV-C03-003,DS00,quebrada_verde,CAMPAIGN_03,54.000000000,56.000000000,2.000000000,0.230191286,0.000000000,0.000000000
QV-C03-003-A0029,QV-C03-003,DS00,quebrada_verde,CAMPAIGN_03,56.000000000,58.000000000,2.000000000,0.217571591,0.000000000,0.000000000
QV-C03-003-A0030,QV-C03-003,DS00,quebrada_verde,CAMPAIGN_03,58.000000000,60.000000000,2.000000000,0.231386675,0.000000000,0.000000000
QV-C03-003-A0031,QV-C03-003,DS00,quebrada_verde,CAMPAIGN_03,60.000000000,62.000000000,2.000000000,0.250707519,0.000000000,0.000000000
QV-C03-003-A0032,QV-C03-003,DS00,quebrada_verde,CAMPAIGN_03,62.000000000,64.000000000,2.000000000,0.244682527,0.000000000,0.000000000
QV-C03-003-A0033,QV-C03-003,DS00,quebrada_verde,CAMPAIGN_03,64.000000000,66.000000000,2.000000000,0.272044408,0.000000000,0.000000000
QV-C03-003-A0034,QV-C03-003,DS00,quebrada_verde,CAMPAIGN_03,66.000000000,68.000000000,2.000000000,0.269040169,0.000000000,0.000000000
QV-C03-003-A0035,QV-C03-003,DS00,quebrada_verde,CAMPAIGN_03,68.000000000,70.000000000,2.000000000,0.270839211,0.000000000,0.000000000
QV-C03-003-A0036,QV-C03-003,DS00,quebrada_verde,CAMPAIGN_03,70.000000000,72.000000000,2.000000000,0.293893210,0.000000000,0.000000000
QV-C03-003-A0037,QV-C03-003,DS00,quebrada_verde,CAMPAIGN_03,72.000000000,74.000000000,2.000000000,0.280196087,0.000000000,0.000000000
QV-C03-003-A0038,QV-C03-003,DS00,quebrada_verde,CAMPAIGN_03,74.000000000,76.000000000,2.000000000,0.299756462,0.000000000,0.000000000
QV-C03-003-A0039,QV-C03-003,DS00,quebrada_verde,CAMPAIGN_03,76.000000000,78.000000000,2.000000000,0.297128089,0.000000000,0.000000000
QV-C03-003-A0040,QV-C03-003,DS00,quebrada_verde,CAMPAIGN_03,78.000000000,80.000000000,2.000000000,0.289635125,0.000000000,0.000000000
QV-C03-003-A0041,QV-C03-003,DS00,quebrada_verde,CAMPAIGN_03,80.000000000,82.000000000,2.000000000,0.331485638,0.000000000,0.000000000
QV-C03-003-A0042,QV-C03-003,DS00,quebrada_verde,CAMPAIGN_03,82.000000000,84.000000000,2.000000000,0.308752941,0.000000000,0.000000000
QV-C03-003-A0043,QV-C03-003,DS00,quebrada_verde,CAMPAIGN_03,84.000000000,86.000000000,2.000000000,0.336518447,0.000000000,0.000000000
QV-C03-003-A0044,QV-C03-003,DS00,quebrada_verde,CAMPAIGN_03,86.000000000,88.000000000,2.000000000,0.342056635,0.000000000,0.000000000
QV-C03-003-A0045,QV-C03-003,DS00,quebrada_verde,CAMPAIGN_03,88.000000000,90.000000000,2.000000000,0.353652264,0.000000000,0.000000000
QV-C03-003-A0046,QV-C03-003,DS00,quebrada_verde,CAMPAIGN_03,90.000000000,92.000000000,2.000000000,0.353863349,0.000000000,0.000000000
QV-C03-003-A0047,QV-C03-003,DS00,quebrada_verde,CAMPAIGN_03,92.000000000,94.000000000,2.000000000,0.380739049,0.000000000,0.000000000
QV-C03-003-A0048,QV-C03-003,DS00,quebrada_verde,CAMPAIGN_03,94.000000000,96.000000000,2.000000000,0.388938241,0.000000000,0.000000000
QV-C03-003-A0049,QV-C03-003,DS00,quebrada_verde,CAMPAIGN_03,96.000000000,98.000000000,2.000000000,0.403810938,0.000000000,0.000000000
QV-C03-003-A0050,QV-C03-003,DS00,quebrada_verde,CAMPAIGN_03,98.000000000,100.000000000,2.000000000,0.390501758,0.000000000,0.000000000
QV-C03-003-A0051,QV-C03-003,DS00,quebrada_verde,CAMPAIGN_03,100.000000000,102.000000000,2.000000000,0.415727906,0.000000000,0.000000000
QV-C03-003-A0052,QV-C03-003,DS00,quebrada_verde,CAMPAIGN_03,102.000000000,104.000000000,2.000000000,0.429386348,0.000000000,0.000000000
QV-C03-003-A0053,QV-C03-003,DS00,quebrada_verde,CAMPAIGN_03,104.000000000,106.000000000,2.000000000,0.438394821,0.000000000,0.000000000
QV-C03-003-A0054,QV-C03-003,DS00,quebrada_verde,CAMPAIGN_03,106.000000000,108.000000000,2.000000000,0.421512343,0.000000000,0.000000000
QV-C03-003-A0055,QV-C03-003,DS00,quebrada_verde,CAMPAIGN_03,108.000000000,110.000000000,2.000000000,0.430660973,0.000000000,0.000000000
QV-C03-003-A0056,QV-C03-003,DS00,quebrada_verde,CAMPAIGN_03,110.000000000,112.000000000,2.000000000,0.427541906,0.000000000,0.000000000
QV-C03-003-A0057,QV-C03-003,DS00,quebrada_verde,CAMPAIGN_03,112.000000000,114.000000000,2.000000000,0.438686413,0.000000000,0.000000000
QV-C03-003-A0058,QV-C03-003,DS00,quebrada_verde,CAMPAIGN_03,114.000000000,116.000000000,2.000000000,0.475750204,0.000000000,0.000000000
QV-C03-003-A0059,QV-C03-003,DS00,quebrada_verde,CAMPAIGN_03,116.000000000,118.000000000,2.000000000,0.466339034,0.000000000,0.000000000
QV-C03-003-A0060,QV-C03-003,DS00,quebrada_verde,CAMPAIGN_03,118.000000000,120.000000000,2.000000000,0.521482764,0.000000000,0.000000000
QV-C03-003-A0061,QV-C03-003,DS00,quebrada_verde,CAMPAIGN_03,120.000000000,122.000000000,2.000000000,0.538894426,0.000000000,0.000000000
QV-C03-003-A0062,QV-C03-003,DS00,quebrada_verde,CAMPAIGN_03,122.000000000,124.000000000,2.000000000,0.496864604,0.000000000,0.000000000
QV-C03-003-A0063,QV-C03-003,DS00,quebrada_verde,CAMPAIGN_03,124.000000000,126.000000000,2.000000000,0.509605545,0.000000000,0.000000000
QV-C03-003-A0064,QV-C03-003,DS00,quebrada_verde,CAMPAIGN_03,126.000000000,128.000000000,2.000000000,0.541541169,0.000000000,0.000000000
QV-C03-003-A0065,QV-C03-003,DS00,quebrada_verde,CAMPAIGN_03,128.000000000,130.000000000,2.000000000,0.525491530,0.000000000,0.000000000
QV-C03-003-A0066,QV-C03-003,DS00,quebrada_verde,CAMPAIGN_03,130.000000000,132.000000000,2.000000000,0.540205185,0.000000000,0.000000000
QV-C03-003-A0067,QV-C03-003,DS00,quebrada_verde,CAMPAIGN_03,132.000000000,134.000000000,2.000000000,0.557559929,0.000000000,0.000000000
QV-C03-003-A0068,QV-C03-003,DS00,quebrada_verde,CAMPAIGN_03,134.000000000,136.000000000,2.000000000,0.540802973,0.000000000,0.000000000
QV-C03-003-A0069,QV-C03-003,DS00,quebrada_verde,CAMPAIGN_03,136.000000000,138.000000000,2.000000000,0.578619261,0.000000000,0.000000000
QV-C03-003-A0070,QV-C03-003,DS00,quebrada_verde,CAMPAIGN_03,138.000000000,140.000000000,2.000000000,0.602197495,0.000000000,0.000000000
QV-C03-003-A0071,QV-C03-003,DS00,quebrada_verde,CAMPAIGN_03,140.000000000,142.000000000,2.000000000,0.610041722,0.000000000,0.000000000
QV-C03-003-A0072,QV-C03-003,DS00,quebrada_verde,CAMPAIGN_03,142.000000000,144.000000000,2.000000000,0.633614902,0.000000000,0.000000000
QV-C03-003-A0073,QV-C03-003,DS00,quebrada_verde,CAMPAIGN_03,144.000000000,146.000000000,2.000000000,0.630193673,0.000000000,0.000000000
QV-C03-003-A0074,QV-C03-003,DS00,quebrada_verde,CAMPAIGN_03,146.000000000,148.000000000,2.000000000,0.644709208,0.000000000,0.000000000
QV-C03-003-A0075,QV-C03-003,DS00,quebrada_verde,CAMPAIGN_03,148.000000000,150.000000000,2.000000000,0.610080066,0.000000000,0.000000000
QV-C03-003-A0076,QV-C03-003,DS00,quebrada_verde,CAMPAIGN_03,150.000000000,152.000000000,2.000000000,0.607081145,0.000000000,0.000000000
QV-C03-003-A0077,QV-C03-003,DS00,quebrada_verde,CAMPAIGN_03,152.000000000,154.000000000,2.000000000,0.660089114,0.000000000,0.000000000
QV-C03-003-A0078,QV-C03-003,DS00,quebrada_verde,CAMPAIGN_03,154.000000000,156.000000000,2.000000000,0.667684521,0.000000000,0.000000000
QV-C03-003-A0079,QV-C03-003,DS00,quebrada_verde,CAMPAIGN_03,156.000000000,158.000000000,2.000000000,0.690036848,0.000000000,0.000000000
QV-C03-003-A0080,QV-C03-003,DS00,quebrada_verde,CAMPAIGN_03,158.000000000,160.000000000,2.000000000,0.699089948,0.000000000,0.000000000
QV-C03-003-A0081,QV-C03-003,DS00,quebrada_verde,CAMPAIGN_03,160.000000000,162.000000000,2.000000000,0.662657581,0.000000000,0.000000000
QV-C03-003-A0082,QV-C03-003,DS00,quebrada_verde,CAMPAIGN_03,162.000000000,164.000000000,2.000000000,0.685022201,0.000000000,0.000000000
QV-C03-003-A0083,QV-C03-003,DS00,quebrada_verde,CAMPAIGN_03,164.000000000,166.000000000,2.000000000,0.710267255,0.000000000,0.000000000
QV-C03-003-A0084,QV-C03-003,DS00,quebrada_verde,CAMPAIGN_03,166.000000000,168.000000000,2.000000000,0.698789425,0.000000000,0.000000000
QV-C03-003-A0085,QV-C03-003,DS00,quebrada_verde,CAMPAIGN_03,168.000000000,170.000000000,2.000000000,0.699000031,0.000000000,0.000000000
QV-C03-003-A0086,QV-C03-003,DS00,quebrada_verde,CAMPAIGN_03,170.000000000,172.000000000,2.000000000,0.755231839,0.000000000,0.000000000
QV-C03-003-A0087,QV-C03-003,DS00,quebrada_verde,CAMPAIGN_03,172.000000000,174.000000000,2.000000000,0.763937283,0.000000000,0.000000000
QV-C03-003-A0088,QV-C03-003,DS00,quebrada_verde,CAMPAIGN_03,174.000000000,176.000000000,2.000000000,0.770595606,0.000000000,0.000000000
QV-C03-003-A0089,QV-C03-003,DS00,quebrada_verde,CAMPAIGN_03,176.000000000,178.000000000,2.000000000,0.791474755,0.000000000,0.000000000
QV-C03-003-A0090,QV-C03-003,DS00,quebrada_verde,CAMPAIGN_03,178.000000000,180.000000000,2.000000000,0.760811110,0.000000000,0.000000000
QV-C03-003-A0091,QV-C03-003,DS00,quebrada_verde,CAMPAIGN_03,180.000000000,182.000000000,2.000000000,0.760602015,0.000000000,0.000000000
QV-C03-003-A0092,QV-C03-003,DS00,quebrada_verde,CAMPAIGN_03,182.000000000,184.000000000,2.000000000,0.797789877,0.000000000,0.000000000
QV-C03-003-A0093,QV-C03-003,DS00,quebrada_verde,CAMPAIGN_03,184.000000000,186.000000000,2.000000000,0.807339338,0.000000000,0.000000000
QV-C03-003-A0094,QV-C03-003,DS00,quebrada_verde,CAMPAIGN_03,186.000000000,188.000000000,2.000000000,0.794911733,0.000000000,0.000000000
QV-C03-003-A0095,QV-C03-003,DS00,quebrada_verde,CAMPAIGN_03,188.000000000,190.000000000,2.000000000,0.765145049,0.000000000,0.000000000
QV-C03-003-A0096,QV-C03-003,DS00,quebrada_verde,CAMPAIGN_03,190.000000000,192.000000000,2.000000000,0.866786649,0.000000000,0.000000000
QV-C03-003-A0097,QV-C03-003,DS00,quebrada_verde,CAMPAIGN_03,192.000000000,194.000000000,2.000000000,0.765960118,0.000000000,0.000000000
QV-C03-003-A0098,QV-C03-003,DS00,quebrada_verde,CAMPAIGN_03,194.000000000,196.000000000,2.000000000,0.814547236,0.000000000,0.000000000
QV-C03-003-A0099,QV-C03-003,DS00,quebrada_verde,CAMPAIGN_03,196.000000000,198.000000000,2.000000000,0.795516240,0.000000000,0.000000000
QV-C03-003-A0100,QV-C03-003,DS00,quebrada_verde,CAMPAIGN_03,198.000000000,200.000000000,2.000000000,0.815389482,0.000000000,0.000000000
QV-C03-003-A0101,QV-C03-003,DS00,quebrada_verde,CAMPAIGN_03,200.000000000,202.000000000,2.000000000,0.847673635,0.000000000,0.000000000
QV-C03-003-A0102,QV-C03-003,DS00,quebrada_verde,CAMPAIGN_03,202.000000000,204.000000000,2.000000000,0.812368712,0.000000000,0.000000000
QV-C03-003-A0103,QV-C03-003,DS00,quebrada_verde,CAMPAIGN_03,204.000000000,206.000000000,2.000000000,0.861494026,0.000000000,0.000000000
QV-C03-003-A0104,QV-C03-003,DS00,quebrada_verde,CAMPAIGN_03,206.000000000,208.000000000,2.000000000,0.781276883,0.000000000,0.000000000
QV-C03-003-A0105,QV-C03-003,DS00,quebrada_verde,CAMPAIGN_03,208.000000000,210.000000000,2.000000000,0.865081822,0.000000000,0.000000000
QV-C03-003-A0106,QV-C03-003,DS00,quebrada_verde,CAMPAIGN_03,210.000000000,212.000000000,2.000000000,0.897657473,0.000000000,0.000000000
QV-C03-003-A0107,QV-C03-003,DS00,quebrada_verde,CAMPAIGN_03,212.000000000,214.000000000,2.000000000,0.833282988,0.000000000,0.000000000
QV-C03-003-A0108,QV-C03-003,DS00,quebrada_verde,CAMPAIGN_03,214.000000000,216.000000000,2.000000000,0.903542688,0.000000000,0.000000000
QV-C03-003-A0109,QV-C03-003,DS00,quebrada_verde,CAMPAIGN_03,216.000000000,218.000000000,2.000000000,0.887998257,0.000000000,0.000000000
QV-C03-003-A0110,QV-C03-003,DS00,quebrada_verde,CAMPAIGN_03,218.000000000,220.000000000,2.000000000,0.881669171,0.000000000,0.000000000
QV-C03-003-A0111,QV-C03-003,DS00,quebrada_verde,CAMPAIGN_03,220.000000000,222.000000000,2.000000000,0.860131125,0.000000000,0.000000000
QV-C03-003-A0112,QV-C03-003,DS00,quebrada_verde,CAMPAIGN_03,222.000000000,224.000000000,2.000000000,0.775724911,0.000000000,0.000000000
QV-C03-003-A0113,QV-C03-003,DS00,quebrada_verde,CAMPAIGN_03,224.000000000,226.000000000,2.000000000,0.922765166,0.000000000,0.000000000
QV-C03-003-A0114,QV-C03-003,DS00,quebrada_verde,CAMPAIGN_03,226.000000000,228.000000000,2.000000000,0.775458819,0.000000000,0.000000000
QV-C03-003-A0115,QV-C03-003,DS00,quebrada_verde,CAMPAIGN_03,228.000000000,230.000000000,2.000000000,0.824408217,0.000000000,0.000000000
QV-C03-003-A0116,QV-C03-003,DS00,quebrada_verde,CAMPAIGN_03,230.000000000,232.000000000,2.000000000,0.880704932,0.000000000,0.000000000
QV-C03-003-A0117,QV-C03-003,DS00,quebrada_verde,CAMPAIGN_03,232.000000000,234.000000000,2.000000000,0.921104741,0.000000000,0.000000000
QV-C03-003-A0118,QV-C03-003,DS00,quebrada_verde,CAMPAIGN_03,234.000000000,236.000000000,2.000000000,0.852896812,0.000000000,0.000000000
QV-C03-003-A0119,QV-C03-003,DS00,quebrada_verde,CAMPAIGN_03,236.000000000,238.000000000,2.000000000,0.924677098,0.000000000,0.000000000
QV-C03-003-A0120,QV-C03-003,DS00,quebrada_verde,CAMPAIGN_03,238.000000000,240.000000000,2.000000000,0.857008539,0.000000000,0.000000000
QV-C03-003-A0121,QV-C03-003,DS00,quebrada_verde,CAMPAIGN_03,240.000000000,242.000000000,2.000000000,0.908217833,0.000000000,0.000000000
QV-C03-003-A0122,QV-C03-003,DS00,quebrada_verde,CAMPAIGN_03,242.000000000,244.000000000,2.000000000,0.962938092,0.000000000,0.000000000
QV-C03-003-A0123,QV-C03-003,DS00,quebrada_verde,CAMPAIGN_03,244.000000000,246.000000000,2.000000000,0.836809543,0.000000000,0.000000000
QV-C03-003-A0124,QV-C03-003,DS00,quebrada_verde,CAMPAIGN_03,246.000000000,248.000000000,2.000000000,0.857679246,0.000000000,0.000000000
QV-C03-003-A0125,QV-C03-003,DS00,quebrada_verde,CAMPAIGN_03,248.000000000,250.000000000,2.000000000,0.920137449,0.000000000,0.000000000
QV-C03-003-A0126,QV-C03-003,DS00,quebrada_verde,CAMPAIGN_03,250.000000000,252.000000000,2.000000000,0.872066257,0.000000000,0.000000000
QV-C03-003-A0127,QV-C03-003,DS00,quebrada_verde,CAMPAIGN_03,252.000000000,254.000000000,2.000000000,0.967994063,0.000000000,0.000000000
QV-C03-003-A0128,QV-C03-003,DS00,quebrada_verde,CAMPAIGN_03,254.000000000,256.000000000,2.000000000,0.861288903,0.000000000,0.000000000
QV-C03-003-A0129,QV-C03-003,DS00,quebrada_verde,CAMPAIGN_03,256.000000000,258.000000000,2.000000000,0.870160249,0.000000000,0.000000000
QV-C03-003-A0130,QV-C03-003,DS00,quebrada_verde,CAMPAIGN_03,258.000000000,260.000000000,2.000000000,0.875743623,0.000000000,0.000000000
QV-C03-003-A0131,QV-C03-003,DS00,quebrada_verde,CAMPAIGN_03,260.000000000,262.000000000,2.000000000,0.796323419,0.000000000,0.000000000
QV-C03-003-A0132,QV-C03-003,DS00,quebrada_verde,CAMPAIGN_03,262.000000000,264.000000000,2.000000000,0.875485081,0.000000000,0.000000000
QV-C03-003-A0133,QV-C03-003,DS00,quebrada_verde,CAMPAIGN_03,264.000000000,266.000000000,2.000000000,0.842654451,0.000000000,0.000000000
QV-C03-003-A0134,QV-C03-003,DS00,quebrada_verde,CAMPAIGN_03,266.000000000,268.000000000,2.000000000,0.820120982,0.000000000,0.000000000
QV-C03-003-A0135,QV-C03-003,DS00,quebrada_verde,CAMPAIGN_03,268.000000000,270.000000000,2.000000000,0.808044030,0.000000000,0.000000000
QV-C03-003-A0136,QV-C03-003,DS00,quebrada_verde,CAMPAIGN_03,270.000000000,272.000000000,2.000000000,0.884341255,0.000000000,0.000000000
QV-C03-003-A0137,QV-C03-003,DS00,quebrada_verde,CAMPAIGN_03,272.000000000,274.000000000,2.000000000,0.836848266,0.000000000,0.000000000
QV-C03-003-A0138,QV-C03-003,DS00,quebrada_verde,CAMPAIGN_03,274.000000000,276.000000000,2.000000000,0.846030567,0.000000000,0.000000000
QV-C03-003-A0139,QV-C03-003,DS00,quebrada_verde,CAMPAIGN_03,276.000000000,278.000000000,2.000000000,0.777091742,0.000000000,0.000000000
QV-C03-003-A0140,QV-C03-003,DS00,quebrada_verde,CAMPAIGN_03,278.000000000,280.000000000,2.000000000,0.827426174,0.000000000,0.000000000
QV-C03-003-A0141,QV-C03-003,DS00,quebrada_verde,CAMPAIGN_03,280.000000000,282.000000000,2.000000000,0.901634520,0.000000000,0.000000000
QV-C03-003-A0142,QV-C03-003,DS00,quebrada_verde,CAMPAIGN_03,282.000000000,283.201595293,1.201595293,0.858462298,0.000000000,0.000000000
QV-C03-004-A0001,QV-C03-004,DS00,quebrada_verde,CAMPAIGN_03,0.000000000,2.000000000,2.000000000,0.186256050,0.000000000,0.000000000
QV-C03-004-A0002,QV-C03-004,DS00,quebrada_verde,CAMPAIGN_03,2.000000000,4.000000000,2.000000000,0.183726598,0.000000000,0.000000000
QV-C03-004-A0003,QV-C03-004,DS00,quebrada_verde,CAMPAIGN_03,4.000000000,6.000000000,2.000000000,0.191757752,0.000000000,0.000000000
QV-C03-004-A0004,QV-C03-004,DS00,quebrada_verde,CAMPAIGN_03,6.000000000,8.000000000,2.000000000,0.197629972,0.000000000,0.000000000
QV-C03-004-A0005,QV-C03-004,DS00,quebrada_verde,CAMPAIGN_03,8.000000000,10.000000000,2.000000000,0.200067942,0.000000000,0.000000000
QV-C03-004-A0006,QV-C03-004,DS00,quebrada_verde,CAMPAIGN_03,10.000000000,12.000000000,2.000000000,0.208255389,0.000000000,0.000000000
QV-C03-004-A0007,QV-C03-004,DS00,quebrada_verde,CAMPAIGN_03,12.000000000,14.000000000,2.000000000,0.221946010,0.000000000,0.000000000
QV-C03-004-A0008,QV-C03-004,DS00,quebrada_verde,CAMPAIGN_03,14.000000000,16.000000000,2.000000000,0.207056990,0.000000000,0.000000000
QV-C03-004-A0009,QV-C03-004,DS00,quebrada_verde,CAMPAIGN_03,16.000000000,18.000000000,2.000000000,0.233338612,0.000000000,0.000000000
QV-C03-004-A0010,QV-C03-004,DS00,quebrada_verde,CAMPAIGN_03,18.000000000,20.000000000,2.000000000,0.230769916,0.000000000,0.000000000
QV-C03-004-A0011,QV-C03-004,DS00,quebrada_verde,CAMPAIGN_03,20.000000000,22.000000000,2.000000000,0.224894742,0.000000000,0.000000000
QV-C03-004-A0012,QV-C03-004,DS00,quebrada_verde,CAMPAIGN_03,22.000000000,24.000000000,2.000000000,0.251650297,0.000000000,0.000000000
QV-C03-004-A0013,QV-C03-004,DS00,quebrada_verde,CAMPAIGN_03,24.000000000,26.000000000,2.000000000,0.266265128,0.000000000,0.000000000
QV-C03-004-A0014,QV-C03-004,DS00,quebrada_verde,CAMPAIGN_03,26.000000000,28.000000000,2.000000000,0.264053923,0.000000000,0.000000000
QV-C03-004-A0015,QV-C03-004,DS00,quebrada_verde,CAMPAIGN_03,28.000000000,30.000000000,2.000000000,0.279558054,0.000000000,0.000000000
QV-C03-004-A0016,QV-C03-004,DS00,quebrada_verde,CAMPAIGN_03,30.000000000,32.000000000,2.000000000,0.281385948,0.000000000,0.000000000
QV-C03-004-A0017,QV-C03-004,DS00,quebrada_verde,CAMPAIGN_03,32.000000000,34.000000000,2.000000000,0.292404036,0.000000000,0.000000000
QV-C03-004-A0018,QV-C03-004,DS00,quebrada_verde,CAMPAIGN_03,34.000000000,36.000000000,2.000000000,0.279402532,0.000000000,0.000000000
QV-C03-004-A0019,QV-C03-004,DS00,quebrada_verde,CAMPAIGN_03,36.000000000,38.000000000,2.000000000,0.277234527,0.000000000,0.000000000
QV-C03-004-A0020,QV-C03-004,DS00,quebrada_verde,CAMPAIGN_03,38.000000000,40.000000000,2.000000000,0.290506102,0.000000000,0.000000000
QV-C03-004-A0021,QV-C03-004,DS00,quebrada_verde,CAMPAIGN_03,40.000000000,42.000000000,2.000000000,0.323883828,0.000000000,0.000000000
QV-C03-004-A0022,QV-C03-004,DS00,quebrada_verde,CAMPAIGN_03,42.000000000,44.000000000,2.000000000,0.309536135,0.000000000,0.000000000
QV-C03-004-A0023,QV-C03-004,DS00,quebrada_verde,CAMPAIGN_03,44.000000000,46.000000000,2.000000000,0.315425663,0.000000000,0.000000000
QV-C03-004-A0024,QV-C03-004,DS00,quebrada_verde,CAMPAIGN_03,46.000000000,48.000000000,2.000000000,0.330095459,0.000000000,0.000000000
QV-C03-004-A0025,QV-C03-004,DS00,quebrada_verde,CAMPAIGN_03,48.000000000,50.000000000,2.000000000,0.330462074,0.000000000,0.000000000
QV-C03-004-A0026,QV-C03-004,DS00,quebrada_verde,CAMPAIGN_03,50.000000000,52.000000000,2.000000000,0.375979715,0.000000000,0.000000000
QV-C03-004-A0027,QV-C03-004,DS00,quebrada_verde,CAMPAIGN_03,52.000000000,54.000000000,2.000000000,0.363587631,0.000000000,0.000000000
QV-C03-004-A0028,QV-C03-004,DS00,quebrada_verde,CAMPAIGN_03,54.000000000,56.000000000,2.000000000,0.321465397,0.000000000,0.000000000
QV-C03-004-A0029,QV-C03-004,DS00,quebrada_verde,CAMPAIGN_03,56.000000000,58.000000000,2.000000000,0.397517199,0.000000000,0.000000000
QV-C03-004-A0030,QV-C03-004,DS00,quebrada_verde,CAMPAIGN_03,58.000000000,60.000000000,2.000000000,0.375519533,0.000000000,0.000000000
QV-C03-004-A0031,QV-C03-004,DS00,quebrada_verde,CAMPAIGN_03,60.000000000,62.000000000,2.000000000,0.387748887,0.000000000,0.000000000
QV-C03-004-A0032,QV-C03-004,DS00,quebrada_verde,CAMPAIGN_03,62.000000000,64.000000000,2.000000000,0.421069399,0.000000000,0.000000000
QV-C03-004-A0033,QV-C03-004,DS00,quebrada_verde,CAMPAIGN_03,64.000000000,66.000000000,2.000000000,0.420257299,0.000000000,0.000000000
QV-C03-004-A0034,QV-C03-004,DS00,quebrada_verde,CAMPAIGN_03,66.000000000,68.000000000,2.000000000,0.423417602,0.000000000,0.000000000
QV-C03-004-A0035,QV-C03-004,DS00,quebrada_verde,CAMPAIGN_03,68.000000000,70.000000000,2.000000000,0.405882427,0.000000000,0.000000000
QV-C03-004-A0036,QV-C03-004,DS00,quebrada_verde,CAMPAIGN_03,70.000000000,72.000000000,2.000000000,0.422744537,0.000000000,0.000000000
QV-C03-004-A0037,QV-C03-004,DS00,quebrada_verde,CAMPAIGN_03,72.000000000,74.000000000,2.000000000,0.469227595,0.000000000,0.000000000
QV-C03-004-A0038,QV-C03-004,DS00,quebrada_verde,CAMPAIGN_03,74.000000000,76.000000000,2.000000000,0.456594904,0.000000000,0.000000000
QV-C03-004-A0039,QV-C03-004,DS00,quebrada_verde,CAMPAIGN_03,76.000000000,78.000000000,2.000000000,0.468132522,0.000000000,0.000000000
QV-C03-004-A0040,QV-C03-004,DS00,quebrada_verde,CAMPAIGN_03,78.000000000,80.000000000,2.000000000,0.463656837,0.000000000,0.000000000
QV-C03-004-A0041,QV-C03-004,DS00,quebrada_verde,CAMPAIGN_03,80.000000000,82.000000000,2.000000000,0.472062378,0.000000000,0.000000000
QV-C03-004-A0042,QV-C03-004,DS00,quebrada_verde,CAMPAIGN_03,82.000000000,84.000000000,2.000000000,0.523148845,0.000000000,0.000000000
QV-C03-004-A0043,QV-C03-004,DS00,quebrada_verde,CAMPAIGN_03,84.000000000,86.000000000,2.000000000,0.496058549,0.000000000,0.000000000
QV-C03-004-A0044,QV-C03-004,DS00,quebrada_verde,CAMPAIGN_03,86.000000000,88.000000000,2.000000000,0.471023774,0.000000000,0.000000000
QV-C03-004-A0045,QV-C03-004,DS00,quebrada_verde,CAMPAIGN_03,88.000000000,90.000000000,2.000000000,0.517441625,0.000000000,0.000000000
QV-C03-004-A0046,QV-C03-004,DS00,quebrada_verde,CAMPAIGN_03,90.000000000,92.000000000,2.000000000,0.539175942,0.000000000,0.000000000
QV-C03-004-A0047,QV-C03-004,DS00,quebrada_verde,CAMPAIGN_03,92.000000000,94.000000000,2.000000000,0.502990584,0.000000000,0.000000000
QV-C03-004-A0048,QV-C03-004,DS00,quebrada_verde,CAMPAIGN_03,94.000000000,96.000000000,2.000000000,0.546225622,0.000000000,0.000000000
QV-C03-004-A0049,QV-C03-004,DS00,quebrada_verde,CAMPAIGN_03,96.000000000,98.000000000,2.000000000,0.517702041,0.000000000,0.000000000
QV-C03-004-A0050,QV-C03-004,DS00,quebrada_verde,CAMPAIGN_03,98.000000000,100.000000000,2.000000000,0.589637146,0.000000000,0.000000000
QV-C03-004-A0051,QV-C03-004,DS00,quebrada_verde,CAMPAIGN_03,100.000000000,102.000000000,2.000000000,0.574299693,0.000000000,0.000000000
QV-C03-004-A0052,QV-C03-004,DS00,quebrada_verde,CAMPAIGN_03,102.000000000,104.000000000,2.000000000,0.585948505,0.000000000,0.000000000
QV-C03-004-A0053,QV-C03-004,DS00,quebrada_verde,CAMPAIGN_03,104.000000000,106.000000000,2.000000000,0.593985888,0.000000000,0.000000000
QV-C03-004-A0054,QV-C03-004,DS00,quebrada_verde,CAMPAIGN_03,106.000000000,108.000000000,2.000000000,0.583089723,0.000000000,0.000000000
QV-C03-004-A0055,QV-C03-004,DS00,quebrada_verde,CAMPAIGN_03,108.000000000,110.000000000,2.000000000,0.627710008,0.000000000,0.000000000
QV-C03-004-A0056,QV-C03-004,DS00,quebrada_verde,CAMPAIGN_03,110.000000000,112.000000000,2.000000000,0.676121180,0.000000000,0.000000000
QV-C03-004-A0057,QV-C03-004,DS00,quebrada_verde,CAMPAIGN_03,112.000000000,114.000000000,2.000000000,0.645543095,0.000000000,0.000000000
QV-C03-004-A0058,QV-C03-004,DS00,quebrada_verde,CAMPAIGN_03,114.000000000,116.000000000,2.000000000,0.621006624,0.000000000,0.000000000
QV-C03-004-A0059,QV-C03-004,DS00,quebrada_verde,CAMPAIGN_03,116.000000000,118.000000000,2.000000000,0.632363712,0.000000000,0.000000000
QV-C03-004-A0060,QV-C03-004,DS00,quebrada_verde,CAMPAIGN_03,118.000000000,120.000000000,2.000000000,0.664287121,0.000000000,0.000000000
QV-C03-004-A0061,QV-C03-004,DS00,quebrada_verde,CAMPAIGN_03,120.000000000,122.000000000,2.000000000,0.697065197,0.000000000,0.000000000
QV-C03-004-A0062,QV-C03-004,DS00,quebrada_verde,CAMPAIGN_03,122.000000000,124.000000000,2.000000000,0.698418526,0.000000000,0.000000000
QV-C03-004-A0063,QV-C03-004,DS00,quebrada_verde,CAMPAIGN_03,124.000000000,126.000000000,2.000000000,0.691488173,0.000000000,0.000000000
QV-C03-004-A0064,QV-C03-004,DS00,quebrada_verde,CAMPAIGN_03,126.000000000,128.000000000,2.000000000,0.727108246,0.000000000,0.000000000
QV-C03-004-A0065,QV-C03-004,DS00,quebrada_verde,CAMPAIGN_03,128.000000000,130.000000000,2.000000000,0.717461769,0.000000000,0.000000000
QV-C03-004-A0066,QV-C03-004,DS00,quebrada_verde,CAMPAIGN_03,130.000000000,132.000000000,2.000000000,0.722956978,0.000000000,0.000000000
QV-C03-004-A0067,QV-C03-004,DS00,quebrada_verde,CAMPAIGN_03,132.000000000,134.000000000,2.000000000,0.718028377,0.000000000,0.000000000
QV-C03-004-A0068,QV-C03-004,DS00,quebrada_verde,CAMPAIGN_03,134.000000000,136.000000000,2.000000000,0.733989829,0.000000000,0.000000000
QV-C03-004-A0069,QV-C03-004,DS00,quebrada_verde,CAMPAIGN_03,136.000000000,138.000000000,2.000000000,0.718489375,0.000000000,0.000000000
QV-C03-004-A0070,QV-C03-004,DS00,quebrada_verde,CAMPAIGN_03,138.000000000,140.000000000,2.000000000,0.738878597,0.000000000,0.000000000
QV-C03-004-A0071,QV-C03-004,DS00,quebrada_verde,CAMPAIGN_03,140.000000000,142.000000000,2.000000000,0.705631140,0.000000000,0.000000000
QV-C03-004-A0072,QV-C03-004,DS00,quebrada_verde,CAMPAIGN_03,142.000000000,144.000000000,2.000000000,0.730329575,0.000000000,0.000000000
QV-C03-004-A0073,QV-C03-004,DS00,quebrada_verde,CAMPAIGN_03,144.000000000,146.000000000,2.000000000,0.810643017,0.000000000,0.000000000
QV-C03-004-A0074,QV-C03-004,DS00,quebrada_verde,CAMPAIGN_03,146.000000000,148.000000000,2.000000000,0.808789025,0.000000000,0.000000000
QV-C03-004-A0075,QV-C03-004,DS00,quebrada_verde,CAMPAIGN_03,148.000000000,150.000000000,2.000000000,0.777248308,0.000000000,0.000000000
QV-C03-004-A0076,QV-C03-004,DS00,quebrada_verde,CAMPAIGN_03,150.000000000,152.000000000,2.000000000,0.763001260,0.000000000,0.000000000
QV-C03-004-A0077,QV-C03-004,DS00,quebrada_verde,CAMPAIGN_03,152.000000000,154.000000000,2.000000000,0.850667832,0.000000000,0.000000000
QV-C03-004-A0078,QV-C03-004,DS00,quebrada_verde,CAMPAIGN_03,154.000000000,156.000000000,2.000000000,0.859423305,0.000000000,0.000000000
QV-C03-004-A0079,QV-C03-004,DS00,quebrada_verde,CAMPAIGN_03,156.000000000,158.000000000,2.000000000,0.809658463,0.000000000,0.000000000
QV-C03-004-A0080,QV-C03-004,DS00,quebrada_verde,CAMPAIGN_03,158.000000000,160.000000000,2.000000000,0.815804625,0.000000000,0.000000000
QV-C03-004-A0081,QV-C03-004,DS00,quebrada_verde,CAMPAIGN_03,160.000000000,162.000000000,2.000000000,0.827400252,0.000000000,0.000000000
QV-C03-004-A0082,QV-C03-004,DS00,quebrada_verde,CAMPAIGN_03,162.000000000,164.000000000,2.000000000,0.878370603,0.000000000,0.000000000
QV-C03-004-A0083,QV-C03-004,DS00,quebrada_verde,CAMPAIGN_03,164.000000000,166.000000000,2.000000000,0.838358900,0.000000000,0.000000000
QV-C03-004-A0084,QV-C03-004,DS00,quebrada_verde,CAMPAIGN_03,166.000000000,168.000000000,2.000000000,0.851691940,0.000000000,0.000000000
QV-C03-004-A0085,QV-C03-004,DS00,quebrada_verde,CAMPAIGN_03,168.000000000,170.000000000,2.000000000,0.841636432,0.000000000,0.000000000
QV-C03-004-A0086,QV-C03-004,DS00,quebrada_verde,CAMPAIGN_03,170.000000000,172.000000000,2.000000000,0.872027385,0.000000000,0.000000000
QV-C03-004-A0087,QV-C03-004,DS00,quebrada_verde,CAMPAIGN_03,172.000000000,174.000000000,2.000000000,0.835088523,0.000000000,0.000000000
QV-C03-004-A0088,QV-C03-004,DS00,quebrada_verde,CAMPAIGN_03,174.000000000,176.000000000,2.000000000,0.883003669,0.000000000,0.000000000
QV-C03-004-A0089,QV-C03-004,DS00,quebrada_verde,CAMPAIGN_03,176.000000000,178.000000000,2.000000000,0.857457779,0.000000000,0.000000000
QV-C03-004-A0090,QV-C03-004,DS00,quebrada_verde,CAMPAIGN_03,178.000000000,180.000000000,2.000000000,0.858426222,0.000000000,0.000000000
QV-C03-004-A0091,QV-C03-004,DS00,quebrada_verde,CAMPAIGN_03,180.000000000,182.000000000,2.000000000,0.883670672,0.000000000,0.000000000
QV-C03-004-A0092,QV-C03-004,DS00,quebrada_verde,CAMPAIGN_03,182.000000000,184.000000000,2.000000000,0.871674438,0.000000000,0.000000000
QV-C03-004-A0093,QV-C03-004,DS00,quebrada_verde,CAMPAIGN_03,184.000000000,186.000000000,2.000000000,0.854249654,0.000000000,0.000000000
QV-C03-004-A0094,QV-C03-004,DS00,quebrada_verde,CAMPAIGN_03,186.000000000,188.000000000,2.000000000,0.894256502,0.000000000,0.000000000
QV-C03-004-A0095,QV-C03-004,DS00,quebrada_verde,CAMPAIGN_03,188.000000000,190.000000000,2.000000000,0.876716483,0.000000000,0.000000000
QV-C03-004-A0096,QV-C03-004,DS00,quebrada_verde,CAMPAIGN_03,190.000000000,192.000000000,2.000000000,0.902811587,0.000000000,0.000000000
QV-C03-004-A0097,QV-C03-004,DS00,quebrada_verde,CAMPAIGN_03,192.000000000,194.000000000,2.000000000,0.898877974,0.000000000,0.000000000
QV-C03-004-A0098,QV-C03-004,DS00,quebrada_verde,CAMPAIGN_03,194.000000000,196.000000000,2.000000000,0.922518049,0.000000000,0.000000000
QV-C03-004-A0099,QV-C03-004,DS00,quebrada_verde,CAMPAIGN_03,196.000000000,198.000000000,2.000000000,0.912146053,0.000000000,0.000000000
QV-C03-004-A0100,QV-C03-004,DS00,quebrada_verde,CAMPAIGN_03,198.000000000,200.000000000,2.000000000,0.935088743,0.000000000,0.000000000
QV-C03-004-A0101,QV-C03-004,DS00,quebrada_verde,CAMPAIGN_03,200.000000000,202.000000000,2.000000000,0.840551666,0.000000000,0.000000000
QV-C03-004-A0102,QV-C03-004,DS00,quebrada_verde,CAMPAIGN_03,202.000000000,204.000000000,2.000000000,0.857257914,0.000000000,0.000000000
QV-C03-004-A0103,QV-C03-004,DS00,quebrada_verde,CAMPAIGN_03,204.000000000,206.000000000,2.000000000,0.944570492,0.000000000,0.000000000
QV-C03-004-A0104,QV-C03-004,DS00,quebrada_verde,CAMPAIGN_03,206.000000000,208.000000000,2.000000000,0.836161806,0.000000000,0.000000000
QV-C03-004-A0105,QV-C03-004,DS00,quebrada_verde,CAMPAIGN_03,208.000000000,210.000000000,2.000000000,0.919882242,0.000000000,0.000000000
QV-C03-004-A0106,QV-C03-004,DS00,quebrada_verde,CAMPAIGN_03,210.000000000,212.000000000,2.000000000,0.886267913,0.000000000,0.000000000
QV-C03-004-A0107,QV-C03-004,DS00,quebrada_verde,CAMPAIGN_03,212.000000000,214.000000000,2.000000000,0.843416659,0.000000000,0.000000000
QV-C03-004-A0108,QV-C03-004,DS00,quebrada_verde,CAMPAIGN_03,214.000000000,216.000000000,2.000000000,0.912205315,0.000000000,0.000000000
QV-C03-004-A0109,QV-C03-004,DS00,quebrada_verde,CAMPAIGN_03,216.000000000,218.000000000,2.000000000,0.861766808,0.000000000,0.000000000
QV-C03-004-A0110,QV-C03-004,DS00,quebrada_verde,CAMPAIGN_03,218.000000000,220.000000000,2.000000000,0.906945918,0.000000000,0.000000000
QV-C03-004-A0111,QV-C03-004,DS00,quebrada_verde,CAMPAIGN_03,220.000000000,222.000000000,2.000000000,0.886095407,0.000000000,0.000000000
QV-C03-004-A0112,QV-C03-004,DS00,quebrada_verde,CAMPAIGN_03,222.000000000,224.000000000,2.000000000,0.918086625,0.000000000,0.000000000
QV-C03-004-A0113,QV-C03-004,DS00,quebrada_verde,CAMPAIGN_03,224.000000000,226.000000000,2.000000000,0.876422921,0.000000000,0.000000000
QV-C03-004-A0114,QV-C03-004,DS00,quebrada_verde,CAMPAIGN_03,226.000000000,228.000000000,2.000000000,0.825311541,0.000000000,0.000000000
QV-C03-004-A0115,QV-C03-004,DS00,quebrada_verde,CAMPAIGN_03,228.000000000,230.000000000,2.000000000,0.849729360,0.000000000,0.000000000
QV-C03-004-A0116,QV-C03-004,DS00,quebrada_verde,CAMPAIGN_03,230.000000000,232.000000000,2.000000000,0.846629140,0.000000000,0.000000000
QV-C03-004-A0117,QV-C03-004,DS00,quebrada_verde,CAMPAIGN_03,232.000000000,234.000000000,2.000000000,0.858268541,0.000000000,0.000000000
QV-C03-004-A0118,QV-C03-004,DS00,quebrada_verde,CAMPAIGN_03,234.000000000,236.000000000,2.000000000,0.807752543,0.000000000,0.000000000
QV-C03-004-A0119,QV-C03-004,DS00,quebrada_verde,CAMPAIGN_03,236.000000000,238.000000000,2.000000000,0.814696805,0.000000000,0.000000000
QV-C03-004-A0120,QV-C03-004,DS00,quebrada_verde,CAMPAIGN_03,238.000000000,240.000000000,2.000000000,0.824163393,0.000000000,0.000000000
QV-C03-004-A0121,QV-C03-004,DS00,quebrada_verde,CAMPAIGN_03,240.000000000,242.000000000,2.000000000,0.820639103,0.000000000,0.000000000
QV-C03-004-A0122,QV-C03-004,DS00,quebrada_verde,CAMPAIGN_03,242.000000000,243.725941940,1.725941940,0.865342912,0.000000000,0.000000000
QV-C03-005-A0001,QV-C03-005,DS00,quebrada_verde,CAMPAIGN_03,0.000000000,2.000000000,2.000000000,0.164247146,0.000000000,0.000000000
QV-C03-005-A0002,QV-C03-005,DS00,quebrada_verde,CAMPAIGN_03,2.000000000,4.000000000,2.000000000,0.163985076,0.000000000,0.000000000
QV-C03-005-A0003,QV-C03-005,DS00,quebrada_verde,CAMPAIGN_03,4.000000000,6.000000000,2.000000000,0.177943457,0.000000000,0.000000000
QV-C03-005-A0004,QV-C03-005,DS00,quebrada_verde,CAMPAIGN_03,6.000000000,8.000000000,2.000000000,0.182711220,0.000000000,0.000000000
QV-C03-005-A0005,QV-C03-005,DS00,quebrada_verde,CAMPAIGN_03,8.000000000,10.000000000,2.000000000,0.175210752,0.000000000,0.000000000
QV-C03-005-A0006,QV-C03-005,DS00,quebrada_verde,CAMPAIGN_03,10.000000000,12.000000000,2.000000000,0.179200337,0.000000000,0.000000000
QV-C03-005-A0007,QV-C03-005,DS00,quebrada_verde,CAMPAIGN_03,12.000000000,14.000000000,2.000000000,0.192557615,0.000000000,0.000000000
QV-C03-005-A0008,QV-C03-005,DS00,quebrada_verde,CAMPAIGN_03,14.000000000,16.000000000,2.000000000,0.195489243,0.000000000,0.000000000
QV-C03-005-A0009,QV-C03-005,DS00,quebrada_verde,CAMPAIGN_03,16.000000000,18.000000000,2.000000000,0.203942762,0.000000000,0.000000000
QV-C03-005-A0010,QV-C03-005,DS00,quebrada_verde,CAMPAIGN_03,18.000000000,20.000000000,2.000000000,0.211898952,0.000000000,0.000000000
QV-C03-005-A0011,QV-C03-005,DS00,quebrada_verde,CAMPAIGN_03,20.000000000,22.000000000,2.000000000,0.205056422,0.000000000,0.000000000
QV-C03-005-A0012,QV-C03-005,DS00,quebrada_verde,CAMPAIGN_03,22.000000000,24.000000000,2.000000000,0.235330532,0.000000000,0.000000000
QV-C03-005-A0013,QV-C03-005,DS00,quebrada_verde,CAMPAIGN_03,24.000000000,26.000000000,2.000000000,0.217516807,0.000000000,0.000000000
QV-C03-005-A0014,QV-C03-005,DS00,quebrada_verde,CAMPAIGN_03,26.000000000,28.000000000,2.000000000,0.229780063,0.000000000,0.000000000
QV-C03-005-A0015,QV-C03-005,DS00,quebrada_verde,CAMPAIGN_03,28.000000000,30.000000000,2.000000000,0.232695714,0.000000000,0.000000000
QV-C03-005-A0016,QV-C03-005,DS00,quebrada_verde,CAMPAIGN_03,30.000000000,32.000000000,2.000000000,0.235242666,0.000000000,0.000000000
QV-C03-005-A0017,QV-C03-005,DS00,quebrada_verde,CAMPAIGN_03,32.000000000,34.000000000,2.000000000,0.271443290,0.000000000,0.000000000
QV-C03-005-A0018,QV-C03-005,DS00,quebrada_verde,CAMPAIGN_03,34.000000000,36.000000000,2.000000000,0.262616002,0.000000000,0.000000000
QV-C03-005-A0019,QV-C03-005,DS00,quebrada_verde,CAMPAIGN_03,36.000000000,38.000000000,2.000000000,0.262509037,0.000000000,0.000000000
QV-C03-005-A0020,QV-C03-005,DS00,quebrada_verde,CAMPAIGN_03,38.000000000,40.000000000,2.000000000,0.274151020,0.000000000,0.000000000
QV-C03-005-A0021,QV-C03-005,DS00,quebrada_verde,CAMPAIGN_03,40.000000000,42.000000000,2.000000000,0.294095651,0.000000000,0.000000000
QV-C03-005-A0022,QV-C03-005,DS00,quebrada_verde,CAMPAIGN_03,42.000000000,44.000000000,2.000000000,0.294037313,0.000000000,0.000000000
QV-C03-005-A0023,QV-C03-005,DS00,quebrada_verde,CAMPAIGN_03,44.000000000,46.000000000,2.000000000,0.292737840,0.000000000,0.000000000
QV-C03-005-A0024,QV-C03-005,DS00,quebrada_verde,CAMPAIGN_03,46.000000000,48.000000000,2.000000000,0.306343849,0.000000000,0.000000000
QV-C03-005-A0025,QV-C03-005,DS00,quebrada_verde,CAMPAIGN_03,48.000000000,50.000000000,2.000000000,0.335711190,0.000000000,0.000000000
QV-C03-005-A0026,QV-C03-005,DS00,quebrada_verde,CAMPAIGN_03,50.000000000,52.000000000,2.000000000,0.316942727,0.000000000,0.000000000
QV-C03-005-A0027,QV-C03-005,DS00,quebrada_verde,CAMPAIGN_03,52.000000000,54.000000000,2.000000000,0.332891398,0.000000000,0.000000000
QV-C03-005-A0028,QV-C03-005,DS00,quebrada_verde,CAMPAIGN_03,54.000000000,56.000000000,2.000000000,0.320364521,0.000000000,0.000000000
QV-C03-005-A0029,QV-C03-005,DS00,quebrada_verde,CAMPAIGN_03,56.000000000,58.000000000,2.000000000,0.338330198,0.000000000,0.000000000
QV-C03-005-A0030,QV-C03-005,DS00,quebrada_verde,CAMPAIGN_03,58.000000000,60.000000000,2.000000000,0.322410673,0.000000000,0.000000000
QV-C03-005-A0031,QV-C03-005,DS00,quebrada_verde,CAMPAIGN_03,60.000000000,62.000000000,2.000000000,0.342335385,0.000000000,0.000000000
QV-C03-005-A0032,QV-C03-005,DS00,quebrada_verde,CAMPAIGN_03,62.000000000,64.000000000,2.000000000,0.364621940,0.000000000,0.000000000
QV-C03-005-A0033,QV-C03-005,DS00,quebrada_verde,CAMPAIGN_03,64.000000000,66.000000000,2.000000000,0.382612277,0.000000000,0.000000000
QV-C03-005-A0034,QV-C03-005,DS00,quebrada_verde,CAMPAIGN_03,66.000000000,68.000000000,2.000000000,0.383986633,0.000000000,0.000000000
QV-C03-005-A0035,QV-C03-005,DS00,quebrada_verde,CAMPAIGN_03,68.000000000,70.000000000,2.000000000,0.391567088,0.000000000,0.000000000
QV-C03-005-A0036,QV-C03-005,DS00,quebrada_verde,CAMPAIGN_03,70.000000000,72.000000000,2.000000000,0.403345521,0.000000000,0.000000000
QV-C03-005-A0037,QV-C03-005,DS00,quebrada_verde,CAMPAIGN_03,72.000000000,74.000000000,2.000000000,0.425117219,0.000000000,0.000000000
QV-C03-005-A0038,QV-C03-005,DS00,quebrada_verde,CAMPAIGN_03,74.000000000,76.000000000,2.000000000,0.445975783,0.000000000,0.000000000
QV-C03-005-A0039,QV-C03-005,DS00,quebrada_verde,CAMPAIGN_03,76.000000000,78.000000000,2.000000000,0.430379575,0.000000000,0.000000000
QV-C03-005-A0040,QV-C03-005,DS00,quebrada_verde,CAMPAIGN_03,78.000000000,80.000000000,2.000000000,0.443619550,0.000000000,0.000000000
QV-C03-005-A0041,QV-C03-005,DS00,quebrada_verde,CAMPAIGN_03,80.000000000,82.000000000,2.000000000,0.463896651,0.000000000,0.000000000
QV-C03-005-A0042,QV-C03-005,DS00,quebrada_verde,CAMPAIGN_03,82.000000000,84.000000000,2.000000000,0.446385391,0.000000000,0.000000000
QV-C03-005-A0043,QV-C03-005,DS00,quebrada_verde,CAMPAIGN_03,84.000000000,86.000000000,2.000000000,0.470096412,0.000000000,0.000000000
QV-C03-005-A0044,QV-C03-005,DS00,quebrada_verde,CAMPAIGN_03,86.000000000,88.000000000,2.000000000,0.470968218,0.000000000,0.000000000
QV-C03-005-A0045,QV-C03-005,DS00,quebrada_verde,CAMPAIGN_03,88.000000000,90.000000000,2.000000000,0.486730755,0.000000000,0.000000000
QV-C03-005-A0046,QV-C03-005,DS00,quebrada_verde,CAMPAIGN_03,90.000000000,92.000000000,2.000000000,0.485229879,0.000000000,0.000000000
QV-C03-005-A0047,QV-C03-005,DS00,quebrada_verde,CAMPAIGN_03,92.000000000,94.000000000,2.000000000,0.493830653,0.000000000,0.000000000
QV-C03-005-A0048,QV-C03-005,DS00,quebrada_verde,CAMPAIGN_03,94.000000000,96.000000000,2.000000000,0.520006448,0.000000000,0.000000000
QV-C03-005-A0049,QV-C03-005,DS00,quebrada_verde,CAMPAIGN_03,96.000000000,98.000000000,2.000000000,0.482342743,0.000000000,0.000000000
QV-C03-005-A0050,QV-C03-005,DS00,quebrada_verde,CAMPAIGN_03,98.000000000,100.000000000,2.000000000,0.473177843,0.000000000,0.000000000
QV-C03-005-A0051,QV-C03-005,DS00,quebrada_verde,CAMPAIGN_03,100.000000000,102.000000000,2.000000000,0.548543663,0.000000000,0.000000000
QV-C03-005-A0052,QV-C03-005,DS00,quebrada_verde,CAMPAIGN_03,102.000000000,104.000000000,2.000000000,0.580040985,0.000000000,0.000000000
QV-C03-005-A0053,QV-C03-005,DS00,quebrada_verde,CAMPAIGN_03,104.000000000,106.000000000,2.000000000,0.530357712,0.000000000,0.000000000
QV-C03-005-A0054,QV-C03-005,DS00,quebrada_verde,CAMPAIGN_03,106.000000000,108.000000000,2.000000000,0.567353352,0.000000000,0.000000000
QV-C03-005-A0055,QV-C03-005,DS00,quebrada_verde,CAMPAIGN_03,108.000000000,110.000000000,2.000000000,0.580579484,0.000000000,0.000000000
QV-C03-005-A0056,QV-C03-005,DS00,quebrada_verde,CAMPAIGN_03,110.000000000,112.000000000,2.000000000,0.632812054,0.000000000,0.000000000
QV-C03-005-A0057,QV-C03-005,DS00,quebrada_verde,CAMPAIGN_03,112.000000000,114.000000000,2.000000000,0.605745912,0.000000000,0.000000000
QV-C03-005-A0058,QV-C03-005,DS00,quebrada_verde,CAMPAIGN_03,114.000000000,116.000000000,2.000000000,0.605777694,0.000000000,0.000000000
QV-C03-005-A0059,QV-C03-005,DS00,quebrada_verde,CAMPAIGN_03,116.000000000,118.000000000,2.000000000,0.633650885,0.000000000,0.000000000
QV-C03-005-A0060,QV-C03-005,DS00,quebrada_verde,CAMPAIGN_03,118.000000000,120.000000000,2.000000000,0.623429787,0.000000000,0.000000000
QV-C03-005-A0061,QV-C03-005,DS00,quebrada_verde,CAMPAIGN_03,120.000000000,122.000000000,2.000000000,0.655831979,0.000000000,0.000000000
QV-C03-005-A0062,QV-C03-005,DS00,quebrada_verde,CAMPAIGN_03,122.000000000,124.000000000,2.000000000,0.654506937,0.000000000,0.000000000
QV-C03-005-A0063,QV-C03-005,DS00,quebrada_verde,CAMPAIGN_03,124.000000000,126.000000000,2.000000000,0.622537616,0.000000000,0.000000000
QV-C03-005-A0064,QV-C03-005,DS00,quebrada_verde,CAMPAIGN_03,126.000000000,128.000000000,2.000000000,0.646999192,0.000000000,0.000000000
QV-C03-005-A0065,QV-C03-005,DS00,quebrada_verde,CAMPAIGN_03,128.000000000,130.000000000,2.000000000,0.663752641,0.000000000,0.000000000
QV-C03-005-A0066,QV-C03-005,DS00,quebrada_verde,CAMPAIGN_03,130.000000000,132.000000000,2.000000000,0.680548835,0.000000000,0.000000000
QV-C03-005-A0067,QV-C03-005,DS00,quebrada_verde,CAMPAIGN_03,132.000000000,134.000000000,2.000000000,0.708338253,0.000000000,0.000000000
QV-C03-005-A0068,QV-C03-005,DS00,quebrada_verde,CAMPAIGN_03,134.000000000,136.000000000,2.000000000,0.772918440,0.000000000,0.000000000
QV-C03-005-A0069,QV-C03-005,DS00,quebrada_verde,CAMPAIGN_03,136.000000000,138.000000000,2.000000000,0.728503563,0.000000000,0.000000000
QV-C03-005-A0070,QV-C03-005,DS00,quebrada_verde,CAMPAIGN_03,138.000000000,140.000000000,2.000000000,0.744056764,0.000000000,0.000000000
QV-C03-005-A0071,QV-C03-005,DS00,quebrada_verde,CAMPAIGN_03,140.000000000,142.000000000,2.000000000,0.687590079,0.000000000,0.000000000
QV-C03-005-A0072,QV-C03-005,DS00,quebrada_verde,CAMPAIGN_03,142.000000000,144.000000000,2.000000000,0.716381253,0.000000000,0.000000000
QV-C03-005-A0073,QV-C03-005,DS00,quebrada_verde,CAMPAIGN_03,144.000000000,146.000000000,2.000000000,0.760696624,0.000000000,0.000000000
QV-C03-005-A0074,QV-C03-005,DS00,quebrada_verde,CAMPAIGN_03,146.000000000,148.000000000,2.000000000,0.799925631,0.000000000,0.000000000
QV-C03-005-A0075,QV-C03-005,DS00,quebrada_verde,CAMPAIGN_03,148.000000000,150.000000000,2.000000000,0.749578972,0.000000000,0.000000000
QV-C03-005-A0076,QV-C03-005,DS00,quebrada_verde,CAMPAIGN_03,150.000000000,152.000000000,2.000000000,0.806162811,0.000000000,0.000000000
QV-C03-005-A0077,QV-C03-005,DS00,quebrada_verde,CAMPAIGN_03,152.000000000,154.000000000,2.000000000,0.743946682,0.000000000,0.000000000
QV-C03-005-A0078,QV-C03-005,DS00,quebrada_verde,CAMPAIGN_03,154.000000000,156.000000000,2.000000000,0.769475101,0.000000000,0.000000000
QV-C03-005-A0079,QV-C03-005,DS00,quebrada_verde,CAMPAIGN_03,156.000000000,158.000000000,2.000000000,0.800038048,0.000000000,0.000000000
QV-C03-005-A0080,QV-C03-005,DS00,quebrada_verde,CAMPAIGN_03,158.000000000,160.000000000,2.000000000,0.769829589,0.000000000,0.000000000
QV-C03-005-A0081,QV-C03-005,DS00,quebrada_verde,CAMPAIGN_03,160.000000000,162.000000000,2.000000000,0.812201290,0.000000000,0.000000000
QV-C03-005-A0082,QV-C03-005,DS00,quebrada_verde,CAMPAIGN_03,162.000000000,164.000000000,2.000000000,0.797134363,0.000000000,0.000000000
QV-C03-005-A0083,QV-C03-005,DS00,quebrada_verde,CAMPAIGN_03,164.000000000,166.000000000,2.000000000,0.784877138,0.000000000,0.000000000
QV-C03-005-A0084,QV-C03-005,DS00,quebrada_verde,CAMPAIGN_03,166.000000000,168.000000000,2.000000000,0.817324897,0.000000000,0.000000000
QV-C03-005-A0085,QV-C03-005,DS00,quebrada_verde,CAMPAIGN_03,168.000000000,170.000000000,2.000000000,0.825725446,0.000000000,0.000000000
QV-C03-005-A0086,QV-C03-005,DS00,quebrada_verde,CAMPAIGN_03,170.000000000,172.000000000,2.000000000,0.853614409,0.000000000,0.000000000
QV-C03-005-A0087,QV-C03-005,DS00,quebrada_verde,CAMPAIGN_03,172.000000000,174.000000000,2.000000000,0.824042011,0.000000000,0.000000000
QV-C03-005-A0088,QV-C03-005,DS00,quebrada_verde,CAMPAIGN_03,174.000000000,176.000000000,2.000000000,0.819082361,0.000000000,0.000000000
QV-C03-005-A0089,QV-C03-005,DS00,quebrada_verde,CAMPAIGN_03,176.000000000,178.000000000,2.000000000,0.912697821,0.000000000,0.000000000
QV-C03-005-A0090,QV-C03-005,DS00,quebrada_verde,CAMPAIGN_03,178.000000000,180.000000000,2.000000000,0.884341520,0.000000000,0.000000000
QV-C03-005-A0091,QV-C03-005,DS00,quebrada_verde,CAMPAIGN_03,180.000000000,182.000000000,2.000000000,0.915827369,0.000000000,0.000000000
QV-C03-005-A0092,QV-C03-005,DS00,quebrada_verde,CAMPAIGN_03,182.000000000,184.000000000,2.000000000,0.811314651,0.000000000,0.000000000
QV-C03-005-A0093,QV-C03-005,DS00,quebrada_verde,CAMPAIGN_03,184.000000000,186.000000000,2.000000000,0.812990817,0.000000000,0.000000000
QV-C03-005-A0094,QV-C03-005,DS00,quebrada_verde,CAMPAIGN_03,186.000000000,188.000000000,2.000000000,0.848715799,0.000000000,0.000000000
QV-C03-005-A0095,QV-C03-005,DS00,quebrada_verde,CAMPAIGN_03,188.000000000,190.000000000,2.000000000,0.941649136,0.000000000,0.000000000
QV-C03-005-A0096,QV-C03-005,DS00,quebrada_verde,CAMPAIGN_03,190.000000000,192.000000000,2.000000000,0.868803830,0.000000000,0.000000000
QV-C03-005-A0097,QV-C03-005,DS00,quebrada_verde,CAMPAIGN_03,192.000000000,194.000000000,2.000000000,0.903348407,0.000000000,0.000000000
QV-C03-005-A0098,QV-C03-005,DS00,quebrada_verde,CAMPAIGN_03,194.000000000,196.000000000,2.000000000,0.872873391,0.000000000,0.000000000
QV-C03-005-A0099,QV-C03-005,DS00,quebrada_verde,CAMPAIGN_03,196.000000000,198.000000000,2.000000000,0.853419810,0.000000000,0.000000000
QV-C03-005-A0100,QV-C03-005,DS00,quebrada_verde,CAMPAIGN_03,198.000000000,200.000000000,2.000000000,0.903307045,0.000000000,0.000000000
QV-C03-005-A0101,QV-C03-005,DS00,quebrada_verde,CAMPAIGN_03,200.000000000,202.000000000,2.000000000,0.904598780,0.000000000,0.000000000
QV-C03-005-A0102,QV-C03-005,DS00,quebrada_verde,CAMPAIGN_03,202.000000000,204.000000000,2.000000000,0.905986144,0.000000000,0.000000000
QV-C03-005-A0103,QV-C03-005,DS00,quebrada_verde,CAMPAIGN_03,204.000000000,206.000000000,2.000000000,0.879240701,0.000000000,0.000000000
QV-C03-005-A0104,QV-C03-005,DS00,quebrada_verde,CAMPAIGN_03,206.000000000,208.000000000,2.000000000,0.845760666,0.000000000,0.000000000
QV-C03-005-A0105,QV-C03-005,DS00,quebrada_verde,CAMPAIGN_03,208.000000000,210.000000000,2.000000000,0.885999455,0.000000000,0.000000000
QV-C03-005-A0106,QV-C03-005,DS00,quebrada_verde,CAMPAIGN_03,210.000000000,212.000000000,2.000000000,0.887087661,0.000000000,0.000000000
QV-C03-005-A0107,QV-C03-005,DS00,quebrada_verde,CAMPAIGN_03,212.000000000,214.000000000,2.000000000,0.885989973,0.000000000,0.000000000
QV-C03-005-A0108,QV-C03-005,DS00,quebrada_verde,CAMPAIGN_03,214.000000000,216.000000000,2.000000000,0.915293002,0.000000000,0.000000000
QV-C03-005-A0109,QV-C03-005,DS00,quebrada_verde,CAMPAIGN_03,216.000000000,218.000000000,2.000000000,0.868043548,0.000000000,0.000000000
QV-C03-005-A0110,QV-C03-005,DS00,quebrada_verde,CAMPAIGN_03,218.000000000,220.000000000,2.000000000,0.905027824,0.000000000,0.000000000
QV-C03-005-A0111,QV-C03-005,DS00,quebrada_verde,CAMPAIGN_03,220.000000000,222.000000000,2.000000000,0.870449210,0.000000000,0.000000000
QV-C03-005-A0112,QV-C03-005,DS00,quebrada_verde,CAMPAIGN_03,222.000000000,224.000000000,2.000000000,0.876621867,0.000000000,0.000000000
QV-C03-005-A0113,QV-C03-005,DS00,quebrada_verde,CAMPAIGN_03,224.000000000,226.000000000,2.000000000,0.941162320,0.000000000,0.000000000
QV-C03-005-A0114,QV-C03-005,DS00,quebrada_verde,CAMPAIGN_03,226.000000000,228.000000000,2.000000000,0.889566483,0.000000000,0.000000000
QV-C03-005-A0115,QV-C03-005,DS00,quebrada_verde,CAMPAIGN_03,228.000000000,230.000000000,2.000000000,0.893701762,0.000000000,0.000000000
QV-C03-005-A0116,QV-C03-005,DS00,quebrada_verde,CAMPAIGN_03,230.000000000,232.000000000,2.000000000,0.875747255,0.000000000,0.000000000
QV-C03-005-A0117,QV-C03-005,DS00,quebrada_verde,CAMPAIGN_03,232.000000000,234.000000000,2.000000000,0.821914861,0.000000000,0.000000000
QV-C03-005-A0118,QV-C03-005,DS00,quebrada_verde,CAMPAIGN_03,234.000000000,236.000000000,2.000000000,0.871369817,0.000000000,0.000000000
QV-C03-005-A0119,QV-C03-005,DS00,quebrada_verde,CAMPAIGN_03,236.000000000,238.000000000,2.000000000,0.842861908,0.000000000,0.000000000
QV-C03-005-A0120,QV-C03-005,DS00,quebrada_verde,CAMPAIGN_03,238.000000000,240.000000000,2.000000000,0.884960349,0.000000000,0.000000000
QV-C03-005-A0121,QV-C03-005,DS00,quebrada_verde,CAMPAIGN_03,240.000000000,242.000000000,2.000000000,0.910394430,0.000000000,0.000000000
QV-C03-005-A0122,QV-C03-005,DS00,quebrada_verde,CAMPAIGN_03,242.000000000,244.000000000,2.000000000,0.871692177,0.000000000,0.000000000
QV-C03-005-A0123,QV-C03-005,DS00,quebrada_verde,CAMPAIGN_03,244.000000000,246.000000000,2.000000000,0.845301462,0.000000000,0.000000000
QV-C03-005-A0124,QV-C03-005,DS00,quebrada_verde,CAMPAIGN_03,246.000000000,248.000000000,2.000000000,0.879016492,0.000000000,0.000000000
QV-C03-005-A0125,QV-C03-005,DS00,quebrada_verde,CAMPAIGN_03,248.000000000,250.000000000,2.000000000,0.901426963,0.000000000,0.000000000
QV-C03-005-A0126,QV-C03-005,DS00,quebrada_verde,CAMPAIGN_03,250.000000000,252.000000000,2.000000000,0.770148653,0.000000000,0.000000000
QV-C03-005-A0127,QV-C03-005,DS00,quebrada_verde,CAMPAIGN_03,252.000000000,254.000000000,2.000000000,0.836843457,0.000000000,0.000000000
QV-C03-005-A0128,QV-C03-005,DS00,quebrada_verde,CAMPAIGN_03,254.000000000,255.456646367,1.456646367,0.850978279,0.000000000,0.000000000
QV-C03-006-A0001,QV-C03-006,DS00,quebrada_verde,CAMPAIGN_03,0.000000000,2.000000000,2.000000000,0.140225012,0.000000000,0.000000000
QV-C03-006-A0002,QV-C03-006,DS00,quebrada_verde,CAMPAIGN_03,2.000000000,4.000000000,2.000000000,0.154255533,0.000000000,0.000000000
QV-C03-006-A0003,QV-C03-006,DS00,quebrada_verde,CAMPAIGN_03,4.000000000,6.000000000,2.000000000,0.142810435,0.000000000,0.000000000
QV-C03-006-A0004,QV-C03-006,DS00,quebrada_verde,CAMPAIGN_03,6.000000000,8.000000000,2.000000000,0.157897956,0.000000000,0.000000000
QV-C03-006-A0005,QV-C03-006,DS00,quebrada_verde,CAMPAIGN_03,8.000000000,10.000000000,2.000000000,0.156389385,0.000000000,0.000000000
QV-C03-006-A0006,QV-C03-006,DS00,quebrada_verde,CAMPAIGN_03,10.000000000,12.000000000,2.000000000,0.162519725,0.000000000,0.000000000
QV-C03-006-A0007,QV-C03-006,DS00,quebrada_verde,CAMPAIGN_03,12.000000000,14.000000000,2.000000000,0.168323629,0.000000000,0.000000000
QV-C03-006-A0008,QV-C03-006,DS00,quebrada_verde,CAMPAIGN_03,14.000000000,16.000000000,2.000000000,0.169844445,0.000000000,0.000000000
QV-C03-006-A0009,QV-C03-006,DS00,quebrada_verde,CAMPAIGN_03,16.000000000,18.000000000,2.000000000,0.168790958,0.000000000,0.000000000
QV-C03-006-A0010,QV-C03-006,DS00,quebrada_verde,CAMPAIGN_03,18.000000000,20.000000000,2.000000000,0.174940787,0.000000000,0.000000000
QV-C03-006-A0011,QV-C03-006,DS00,quebrada_verde,CAMPAIGN_03,20.000000000,22.000000000,2.000000000,0.180652697,0.000000000,0.000000000
QV-C03-006-A0012,QV-C03-006,DS00,quebrada_verde,CAMPAIGN_03,22.000000000,24.000000000,2.000000000,0.197980501,0.000000000,0.000000000
QV-C03-006-A0013,QV-C03-006,DS00,quebrada_verde,CAMPAIGN_03,24.000000000,26.000000000,2.000000000,0.193236654,0.000000000,0.000000000
QV-C03-006-A0014,QV-C03-006,DS00,quebrada_verde,CAMPAIGN_03,26.000000000,28.000000000,2.000000000,0.225262577,0.000000000,0.000000000
QV-C03-006-A0015,QV-C03-006,DS00,quebrada_verde,CAMPAIGN_03,28.000000000,30.000000000,2.000000000,0.222230742,0.000000000,0.000000000
QV-C03-006-A0016,QV-C03-006,DS00,quebrada_verde,CAMPAIGN_03,30.000000000,32.000000000,2.000000000,0.229196461,0.000000000,0.000000000
QV-C03-006-A0017,QV-C03-006,DS00,quebrada_verde,CAMPAIGN_03,32.000000000,34.000000000,2.000000000,0.226930868,0.000000000,0.000000000
QV-C03-006-A0018,QV-C03-006,DS00,quebrada_verde,CAMPAIGN_03,34.000000000,36.000000000,2.000000000,0.223684065,0.000000000,0.000000000
QV-C03-006-A0019,QV-C03-006,DS00,quebrada_verde,CAMPAIGN_03,36.000000000,38.000000000,2.000000000,0.245037841,0.000000000,0.000000000
QV-C03-006-A0020,QV-C03-006,DS00,quebrada_verde,CAMPAIGN_03,38.000000000,40.000000000,2.000000000,0.227733463,0.000000000,0.000000000
QV-C03-006-A0021,QV-C03-006,DS00,quebrada_verde,CAMPAIGN_03,40.000000000,42.000000000,2.000000000,0.259519480,0.000000000,0.000000000
QV-C03-006-A0022,QV-C03-006,DS00,quebrada_verde,CAMPAIGN_03,42.000000000,44.000000000,2.000000000,0.272791845,0.000000000,0.000000000
QV-C03-006-A0023,QV-C03-006,DS00,quebrada_verde,CAMPAIGN_03,44.000000000,46.000000000,2.000000000,0.266758483,0.000000000,0.000000000
QV-C03-006-A0024,QV-C03-006,DS00,quebrada_verde,CAMPAIGN_03,46.000000000,48.000000000,2.000000000,0.271947004,0.000000000,0.000000000
QV-C03-006-A0025,QV-C03-006,DS00,quebrada_verde,CAMPAIGN_03,48.000000000,50.000000000,2.000000000,0.294617604,0.000000000,0.000000000
QV-C03-006-A0026,QV-C03-006,DS00,quebrada_verde,CAMPAIGN_03,50.000000000,52.000000000,2.000000000,0.307698177,0.000000000,0.000000000
QV-C03-006-A0027,QV-C03-006,DS00,quebrada_verde,CAMPAIGN_03,52.000000000,54.000000000,2.000000000,0.283854490,0.000000000,0.000000000
QV-C03-006-A0028,QV-C03-006,DS00,quebrada_verde,CAMPAIGN_03,54.000000000,56.000000000,2.000000000,0.306310292,0.000000000,0.000000000
QV-C03-006-A0029,QV-C03-006,DS00,quebrada_verde,CAMPAIGN_03,56.000000000,58.000000000,2.000000000,0.306650600,0.000000000,0.000000000
QV-C03-006-A0030,QV-C03-006,DS00,quebrada_verde,CAMPAIGN_03,58.000000000,60.000000000,2.000000000,0.328894441,0.000000000,0.000000000
QV-C03-006-A0031,QV-C03-006,DS00,quebrada_verde,CAMPAIGN_03,60.000000000,62.000000000,2.000000000,0.307840056,0.000000000,0.000000000
QV-C03-006-A0032,QV-C03-006,DS00,quebrada_verde,CAMPAIGN_03,62.000000000,64.000000000,2.000000000,0.331978918,0.000000000,0.000000000
QV-C03-006-A0033,QV-C03-006,DS00,quebrada_verde,CAMPAIGN_03,64.000000000,66.000000000,2.000000000,0.336382042,0.000000000,0.000000000
QV-C03-006-A0034,QV-C03-006,DS00,quebrada_verde,CAMPAIGN_03,66.000000000,68.000000000,2.000000000,0.339169197,0.000000000,0.000000000
QV-C03-006-A0035,QV-C03-006,DS00,quebrada_verde,CAMPAIGN_03,68.000000000,70.000000000,2.000000000,0.339863458,0.000000000,0.000000000
QV-C03-006-A0036,QV-C03-006,DS00,quebrada_verde,CAMPAIGN_03,70.000000000,72.000000000,2.000000000,0.369258298,0.000000000,0.000000000
QV-C03-006-A0037,QV-C03-006,DS00,quebrada_verde,CAMPAIGN_03,72.000000000,74.000000000,2.000000000,0.348688815,0.000000000,0.000000000
QV-C03-006-A0038,QV-C03-006,DS00,quebrada_verde,CAMPAIGN_03,74.000000000,76.000000000,2.000000000,0.377831412,0.000000000,0.000000000
QV-C03-006-A0039,QV-C03-006,DS00,quebrada_verde,CAMPAIGN_03,76.000000000,78.000000000,2.000000000,0.383713648,0.000000000,0.000000000
QV-C03-006-A0040,QV-C03-006,DS00,quebrada_verde,CAMPAIGN_03,78.000000000,80.000000000,2.000000000,0.405752379,0.000000000,0.000000000
QV-C03-006-A0041,QV-C03-006,DS00,quebrada_verde,CAMPAIGN_03,80.000000000,82.000000000,2.000000000,0.452607762,0.000000000,0.000000000
QV-C03-006-A0042,QV-C03-006,DS00,quebrada_verde,CAMPAIGN_03,82.000000000,84.000000000,2.000000000,0.411403157,0.000000000,0.000000000
QV-C03-006-A0043,QV-C03-006,DS00,quebrada_verde,CAMPAIGN_03,84.000000000,86.000000000,2.000000000,0.419911988,0.000000000,0.000000000
QV-C03-006-A0044,QV-C03-006,DS00,quebrada_verde,CAMPAIGN_03,86.000000000,88.000000000,2.000000000,0.427207156,0.000000000,0.000000000
QV-C03-006-A0045,QV-C03-006,DS00,quebrada_verde,CAMPAIGN_03,88.000000000,90.000000000,2.000000000,0.440191430,0.000000000,0.000000000
QV-C03-006-A0046,QV-C03-006,DS00,quebrada_verde,CAMPAIGN_03,90.000000000,92.000000000,2.000000000,0.415169087,0.000000000,0.000000000
QV-C03-006-A0047,QV-C03-006,DS00,quebrada_verde,CAMPAIGN_03,92.000000000,94.000000000,2.000000000,0.459911861,0.000000000,0.000000000
QV-C03-006-A0048,QV-C03-006,DS00,quebrada_verde,CAMPAIGN_03,94.000000000,96.000000000,2.000000000,0.489283848,0.000000000,0.000000000
QV-C03-006-A0049,QV-C03-006,DS00,quebrada_verde,CAMPAIGN_03,96.000000000,98.000000000,2.000000000,0.488002374,0.000000000,0.000000000
QV-C03-006-A0050,QV-C03-006,DS00,quebrada_verde,CAMPAIGN_03,98.000000000,100.000000000,2.000000000,0.468819559,0.000000000,0.000000000
QV-C03-006-A0051,QV-C03-006,DS00,quebrada_verde,CAMPAIGN_03,100.000000000,102.000000000,2.000000000,0.469713937,0.000000000,0.000000000
QV-C03-006-A0052,QV-C03-006,DS00,quebrada_verde,CAMPAIGN_03,102.000000000,104.000000000,2.000000000,0.480607429,0.000000000,0.000000000
QV-C03-006-A0053,QV-C03-006,DS00,quebrada_verde,CAMPAIGN_03,104.000000000,106.000000000,2.000000000,0.532209971,0.000000000,0.000000000
QV-C03-006-A0054,QV-C03-006,DS00,quebrada_verde,CAMPAIGN_03,106.000000000,108.000000000,2.000000000,0.521671619,0.000000000,0.000000000
QV-C03-006-A0055,QV-C03-006,DS00,quebrada_verde,CAMPAIGN_03,108.000000000,110.000000000,2.000000000,0.587939991,0.000000000,0.000000000
QV-C03-006-A0056,QV-C03-006,DS00,quebrada_verde,CAMPAIGN_03,110.000000000,112.000000000,2.000000000,0.561957666,0.000000000,0.000000000
QV-C03-006-A0057,QV-C03-006,DS00,quebrada_verde,CAMPAIGN_03,112.000000000,114.000000000,2.000000000,0.503034389,0.000000000,0.000000000
QV-C03-006-A0058,QV-C03-006,DS00,quebrada_verde,CAMPAIGN_03,114.000000000,116.000000000,2.000000000,0.585567238,0.000000000,0.000000000
QV-C03-006-A0059,QV-C03-006,DS00,quebrada_verde,CAMPAIGN_03,116.000000000,118.000000000,2.000000000,0.554740263,0.000000000,0.000000000
QV-C03-006-A0060,QV-C03-006,DS00,quebrada_verde,CAMPAIGN_03,118.000000000,120.000000000,2.000000000,0.577489403,0.000000000,0.000000000
QV-C03-006-A0061,QV-C03-006,DS00,quebrada_verde,CAMPAIGN_03,120.000000000,122.000000000,2.000000000,0.561986982,0.000000000,0.000000000
QV-C03-006-A0062,QV-C03-006,DS00,quebrada_verde,CAMPAIGN_03,122.000000000,124.000000000,2.000000000,0.624625501,0.000000000,0.000000000
QV-C03-006-A0063,QV-C03-006,DS00,quebrada_verde,CAMPAIGN_03,124.000000000,126.000000000,2.000000000,0.631127076,0.000000000,0.000000000
QV-C03-006-A0064,QV-C03-006,DS00,quebrada_verde,CAMPAIGN_03,126.000000000,128.000000000,2.000000000,0.667228535,0.000000000,0.000000000
QV-C03-006-A0065,QV-C03-006,DS00,quebrada_verde,CAMPAIGN_03,128.000000000,130.000000000,2.000000000,0.629011151,0.000000000,0.000000000
QV-C03-006-A0066,QV-C03-006,DS00,quebrada_verde,CAMPAIGN_03,130.000000000,132.000000000,2.000000000,0.633159408,0.000000000,0.000000000
QV-C03-006-A0067,QV-C03-006,DS00,quebrada_verde,CAMPAIGN_03,132.000000000,134.000000000,2.000000000,0.688898980,0.000000000,0.000000000
QV-C03-006-A0068,QV-C03-006,DS00,quebrada_verde,CAMPAIGN_03,134.000000000,136.000000000,2.000000000,0.643015490,0.000000000,0.000000000
QV-C03-006-A0069,QV-C03-006,DS00,quebrada_verde,CAMPAIGN_03,136.000000000,138.000000000,2.000000000,0.706102191,0.000000000,0.000000000
QV-C03-006-A0070,QV-C03-006,DS00,quebrada_verde,CAMPAIGN_03,138.000000000,140.000000000,2.000000000,0.691790436,0.000000000,0.000000000
QV-C03-006-A0071,QV-C03-006,DS00,quebrada_verde,CAMPAIGN_03,140.000000000,142.000000000,2.000000000,0.649390511,0.000000000,0.000000000
QV-C03-006-A0072,QV-C03-006,DS00,quebrada_verde,CAMPAIGN_03,142.000000000,144.000000000,2.000000000,0.717710822,0.000000000,0.000000000
QV-C03-006-A0073,QV-C03-006,DS00,quebrada_verde,CAMPAIGN_03,144.000000000,146.000000000,2.000000000,0.712168422,0.000000000,0.000000000
QV-C03-006-A0074,QV-C03-006,DS00,quebrada_verde,CAMPAIGN_03,146.000000000,148.000000000,2.000000000,0.711522612,0.000000000,0.000000000
QV-C03-006-A0075,QV-C03-006,DS00,quebrada_verde,CAMPAIGN_03,148.000000000,150.000000000,2.000000000,0.704313336,0.000000000,0.000000000
QV-C03-006-A0076,QV-C03-006,DS00,quebrada_verde,CAMPAIGN_03,150.000000000,152.000000000,2.000000000,0.733543905,0.000000000,0.000000000
QV-C03-006-A0077,QV-C03-006,DS00,quebrada_verde,CAMPAIGN_03,152.000000000,154.000000000,2.000000000,0.735269625,0.000000000,0.000000000
QV-C03-006-A0078,QV-C03-006,DS00,quebrada_verde,CAMPAIGN_03,154.000000000,156.000000000,2.000000000,0.708627717,0.000000000,0.000000000
QV-C03-006-A0079,QV-C03-006,DS00,quebrada_verde,CAMPAIGN_03,156.000000000,158.000000000,2.000000000,0.769308387,0.000000000,0.000000000
QV-C03-006-A0080,QV-C03-006,DS00,quebrada_verde,CAMPAIGN_03,158.000000000,160.000000000,2.000000000,0.754262763,0.000000000,0.000000000
QV-C03-006-A0081,QV-C03-006,DS00,quebrada_verde,CAMPAIGN_03,160.000000000,162.000000000,2.000000000,0.742281153,0.000000000,0.000000000
QV-C03-006-A0082,QV-C03-006,DS00,quebrada_verde,CAMPAIGN_03,162.000000000,164.000000000,2.000000000,0.750665685,0.000000000,0.000000000
QV-C03-006-A0083,QV-C03-006,DS00,quebrada_verde,CAMPAIGN_03,164.000000000,166.000000000,2.000000000,0.755374821,0.000000000,0.000000000
QV-C03-006-A0084,QV-C03-006,DS00,quebrada_verde,CAMPAIGN_03,166.000000000,168.000000000,2.000000000,0.807935703,0.000000000,0.000000000
QV-C03-006-A0085,QV-C03-006,DS00,quebrada_verde,CAMPAIGN_03,168.000000000,170.000000000,2.000000000,0.806911199,0.000000000,0.000000000
QV-C03-006-A0086,QV-C03-006,DS00,quebrada_verde,CAMPAIGN_03,170.000000000,172.000000000,2.000000000,0.815926679,0.000000000,0.000000000
QV-C03-006-A0087,QV-C03-006,DS00,quebrada_verde,CAMPAIGN_03,172.000000000,174.000000000,2.000000000,0.812419934,0.000000000,0.000000000
QV-C03-006-A0088,QV-C03-006,DS00,quebrada_verde,CAMPAIGN_03,174.000000000,176.000000000,2.000000000,0.816450649,0.000000000,0.000000000
QV-C03-006-A0089,QV-C03-006,DS00,quebrada_verde,CAMPAIGN_03,176.000000000,178.000000000,2.000000000,0.807623191,0.000000000,0.000000000
QV-C03-006-A0090,QV-C03-006,DS00,quebrada_verde,CAMPAIGN_03,178.000000000,180.000000000,2.000000000,0.863085018,0.000000000,0.000000000
QV-C03-006-A0091,QV-C03-006,DS00,quebrada_verde,CAMPAIGN_03,180.000000000,182.000000000,2.000000000,0.845713739,0.000000000,0.000000000
QV-C03-006-A0092,QV-C03-006,DS00,quebrada_verde,CAMPAIGN_03,182.000000000,184.000000000,2.000000000,0.806199804,0.000000000,0.000000000
QV-C03-006-A0093,QV-C03-006,DS00,quebrada_verde,CAMPAIGN_03,184.000000000,186.000000000,2.000000000,0.892691687,0.000000000,0.000000000
QV-C03-006-A0094,QV-C03-006,DS00,quebrada_verde,CAMPAIGN_03,186.000000000,188.000000000,2.000000000,0.879109067,0.000000000,0.000000000
QV-C03-006-A0095,QV-C03-006,DS00,quebrada_verde,CAMPAIGN_03,188.000000000,190.000000000,2.000000000,0.856462783,0.000000000,0.000000000
QV-C03-006-A0096,QV-C03-006,DS00,quebrada_verde,CAMPAIGN_03,190.000000000,192.000000000,2.000000000,0.874785794,0.000000000,0.000000000
QV-C03-006-A0097,QV-C03-006,DS00,quebrada_verde,CAMPAIGN_03,192.000000000,194.000000000,2.000000000,0.798538002,0.000000000,0.000000000
QV-C03-006-A0098,QV-C03-006,DS00,quebrada_verde,CAMPAIGN_03,194.000000000,196.000000000,2.000000000,0.878556636,0.000000000,0.000000000
QV-C03-006-A0099,QV-C03-006,DS00,quebrada_verde,CAMPAIGN_03,196.000000000,198.000000000,2.000000000,0.895669373,0.000000000,0.000000000
QV-C03-006-A0100,QV-C03-006,DS00,quebrada_verde,CAMPAIGN_03,198.000000000,200.000000000,2.000000000,0.844081430,0.000000000,0.000000000
QV-C03-006-A0101,QV-C03-006,DS00,quebrada_verde,CAMPAIGN_03,200.000000000,202.000000000,2.000000000,0.942415415,0.000000000,0.000000000
QV-C03-006-A0102,QV-C03-006,DS00,quebrada_verde,CAMPAIGN_03,202.000000000,204.000000000,2.000000000,0.902665142,0.000000000,0.000000000
QV-C03-006-A0103,QV-C03-006,DS00,quebrada_verde,CAMPAIGN_03,204.000000000,206.000000000,2.000000000,0.891554250,0.000000000,0.000000000
QV-C03-006-A0104,QV-C03-006,DS00,quebrada_verde,CAMPAIGN_03,206.000000000,208.000000000,2.000000000,0.867584675,0.000000000,0.000000000
QV-C03-006-A0105,QV-C03-006,DS00,quebrada_verde,CAMPAIGN_03,208.000000000,210.000000000,2.000000000,0.844281173,0.000000000,0.000000000
QV-C03-006-A0106,QV-C03-006,DS00,quebrada_verde,CAMPAIGN_03,210.000000000,212.000000000,2.000000000,0.878788986,0.000000000,0.000000000
QV-C03-006-A0107,QV-C03-006,DS00,quebrada_verde,CAMPAIGN_03,212.000000000,214.000000000,2.000000000,0.859846007,0.000000000,0.000000000
QV-C03-006-A0108,QV-C03-006,DS00,quebrada_verde,CAMPAIGN_03,214.000000000,216.000000000,2.000000000,0.829214819,0.000000000,0.000000000
QV-C03-006-A0109,QV-C03-006,DS00,quebrada_verde,CAMPAIGN_03,216.000000000,218.000000000,2.000000000,0.867102077,0.000000000,0.000000000
QV-C03-006-A0110,QV-C03-006,DS00,quebrada_verde,CAMPAIGN_03,218.000000000,220.000000000,2.000000000,0.902806130,0.000000000,0.000000000
QV-C03-006-A0111,QV-C03-006,DS00,quebrada_verde,CAMPAIGN_03,220.000000000,222.000000000,2.000000000,0.869904395,0.000000000,0.000000000
QV-C03-006-A0112,QV-C03-006,DS00,quebrada_verde,CAMPAIGN_03,222.000000000,224.000000000,2.000000000,0.897356380,0.000000000,0.000000000
QV-C03-006-A0113,QV-C03-006,DS00,quebrada_verde,CAMPAIGN_03,224.000000000,226.000000000,2.000000000,0.881877620,0.000000000,0.000000000
QV-C03-006-A0114,QV-C03-006,DS00,quebrada_verde,CAMPAIGN_03,226.000000000,228.000000000,2.000000000,0.910921659,0.000000000,0.000000000
QV-C03-006-A0115,QV-C03-006,DS00,quebrada_verde,CAMPAIGN_03,228.000000000,230.000000000,2.000000000,0.871003862,0.000000000,0.000000000
QV-C03-006-A0116,QV-C03-006,DS00,quebrada_verde,CAMPAIGN_03,230.000000000,232.000000000,2.000000000,0.923959706,0.000000000,0.000000000
QV-C03-006-A0117,QV-C03-006,DS00,quebrada_verde,CAMPAIGN_03,232.000000000,234.000000000,2.000000000,0.836828145,0.000000000,0.000000000
QV-C03-006-A0118,QV-C03-006,DS00,quebrada_verde,CAMPAIGN_03,234.000000000,236.000000000,2.000000000,0.853736062,0.000000000,0.000000000
QV-C03-006-A0119,QV-C03-006,DS00,quebrada_verde,CAMPAIGN_03,236.000000000,238.000000000,2.000000000,0.879773264,0.000000000,0.000000000
QV-C03-006-A0120,QV-C03-006,DS00,quebrada_verde,CAMPAIGN_03,238.000000000,240.000000000,2.000000000,0.918093087,0.000000000,0.000000000
QV-C03-006-A0121,QV-C03-006,DS00,quebrada_verde,CAMPAIGN_03,240.000000000,242.000000000,2.000000000,0.849914331,0.000000000,0.000000000
QV-C03-006-A0122,QV-C03-006,DS00,quebrada_verde,CAMPAIGN_03,242.000000000,244.000000000,2.000000000,0.826259542,0.000000000,0.000000000
QV-C03-006-A0123,QV-C03-006,DS00,quebrada_verde,CAMPAIGN_03,244.000000000,246.000000000,2.000000000,0.882343845,0.000000000,0.000000000
QV-C03-006-A0124,QV-C03-006,DS00,quebrada_verde,CAMPAIGN_03,246.000000000,248.000000000,2.000000000,0.899594788,0.000000000,0.000000000
QV-C03-006-A0125,QV-C03-006,DS00,quebrada_verde,CAMPAIGN_03,248.000000000,250.000000000,2.000000000,0.877944960,0.000000000,0.000000000
QV-C03-006-A0126,QV-C03-006,DS00,quebrada_verde,CAMPAIGN_03,250.000000000,252.000000000,2.000000000,0.876622431,0.000000000,0.000000000
QV-C03-006-A0127,QV-C03-006,DS00,quebrada_verde,CAMPAIGN_03,252.000000000,254.000000000,2.000000000,0.855264217,0.000000000,0.000000000
QV-C03-006-A0128,QV-C03-006,DS00,quebrada_verde,CAMPAIGN_03,254.000000000,256.000000000,2.000000000,0.861218520,0.000000000,0.000000000
QV-C03-006-A0129,QV-C03-006,DS00,quebrada_verde,CAMPAIGN_03,256.000000000,258.000000000,2.000000000,0.869729393,0.000000000,0.000000000
QV-C03-006-A0130,QV-C03-006,DS00,quebrada_verde,CAMPAIGN_03,258.000000000,260.000000000,2.000000000,0.806249813,0.000000000,0.000000000
QV-C03-006-A0131,QV-C03-006,DS00,quebrada_verde,CAMPAIGN_03,260.000000000,262.000000000,2.000000000,0.878462816,0.000000000,0.000000000
QV-C03-006-A0132,QV-C03-006,DS00,quebrada_verde,CAMPAIGN_03,262.000000000,264.000000000,2.000000000,0.845541759,0.000000000,0.000000000
QV-C03-006-A0133,QV-C03-006,DS00,quebrada_verde,CAMPAIGN_03,264.000000000,266.000000000,2.000000000,0.810583366,0.000000000,0.000000000
QV-C03-006-A0134,QV-C03-006,DS00,quebrada_verde,CAMPAIGN_03,266.000000000,268.000000000,2.000000000,0.831717896,0.000000000,0.000000000
QV-C03-006-A0135,QV-C03-006,DS00,quebrada_verde,CAMPAIGN_03,268.000000000,268.177059753,0.177059753,0.850185288,0.000000000,0.000000000
